,,,,,,,,,,,,,,,,,,,,,,,,,,,,,,,,,,,,,,,,,,,,,,,,,,,,,,,,,,,,,,,,,,,,,,,,,,,,,,,,,,,,,,,,,,,,,,,,,,,,,,,,,,,,,,,,,,,,,,,,,,,,,,,,,,,,,,,,,,,,,,,,,,,,,,,,,,,,,,,,,,,,,,,,,,,,,,,,,,,,,,,,,,,,,,,,,,,,,,,,,,,,,,,,,,,,,,,,,,,,,,,,,,,,,,,,,,,,,,,,,,,,,,,,,,,,
HARDPOINT,,,,,,,,,,,,,,,,,,,,,,,,,,,,,,,,,,,,,,,,,,,,,,,,,,,,,,,,,,,,,,,,,,,,,,,,,,,,,SnD,,,,,,,,,,,,,,,,,,,,,,,,,,,,,,,,,,,,,,,,,,,,,,,,,,,,,,,,,,,,,,,,,,,,,,,,,,,,,,,,,,,,,,,,,,,,,,,Control,,,,,,,,,,,,,,,,,,,,,,,,,,,,,,,,,,,,,,,,,,,,,,,,,,,,,,,,,,,,,,,,,,,,,,,,,,,,,,,,
,,,,,,,,,,,,,,,,,,,,,,,,,,,,,,,,,,,,,,,,,,,,,,,,,,,,,,,,,,,,,,,,,,,,,,,,,,,,,,,,,,,,,,,,,,,,,,,,,,,,,,,,,,,,,,,,,,,,,,,,,,,,,,,,,,,,,,,,,,,,,,,,,,,,,,,,,,,,,,,,,,,,,,,,,,,,,,,,,,,,,,,,,,,,,,,,,,,,,,,,,,,,,,,,,,,,,,,,,,,,,,,,,,,,,,,,,,,,,,,,,,,,,,,,,,,,
Map,Team,P1,P2,P3,P4,P5,P1,P2,P3,P4,P5,P1,P2,P3,P4,P5,Total,Hills,,P1,PM,H,P2,PM,H,P3,PM,H,P4,PM,H,P5,PM,H,PPH,High,Low,50 Pt Hills,0 pt Hills,50 PHA,Shutouts,,,,P1,,,,P2,,,,P3,,,,P4,,,,P5,,,,,,,,,,,,,,,,,,,,,,,,,,,,,,,,,Offense,,,,,,,,,,,,,,Defense,,,,,,,,,,,,,,,,,,,,,,,,,,,,,,,,,,,,,,,,,,,,,,,,,,,,,,,,,,,,,,,,,,,,,,,,,Offense,,,,,,,,,,,,,,Defense,,,,,,,,,,,,,,,,,,,,,,,,,,,,,,,,,,,,,,,,,,,,,,,,,,,,,,,,,
Tuscan,Surge,32,11,47,28,32,50,7,20,23,,,,,,,250,9,,82,71,2,18,-45,2,67,36,2,51,22,2,32,18,1,27.78,50,7,1,0,0,1,,,Berlin,PF,PA,PM,H,PF,PA,PM,H,PF,PA,PM,H,PF,PA,PM,H,PF,PA,PM,H,PF,PA,PM,50 Pt Hills,0 pt Hills,50 PHA,Shutouts,Total Hills,,,,,,,,1,,,,2,,,,3,,,,4,,,,5,,,,6,,,,7,,,,8,,,,9,,,,10,,,,11,,,,,,OFFENSE,,,,,,,,DEFENSE,,,,,,,,,,,TOTAL,,,,,OFFENSE,,,,,,,,,DEFENSE,,,,,,,,,,,,,,,,1,,,,,,2,,,,,,3,,,,,,4,,,,,,5,,,,,,,,,,Offense,,,,,,,,,,Defense,,,,,,,,,,Totals,,,,Offense,,,,,,,,,,,Defense,,,,,,,,
Tuscan,Royal Ravens,5,40,0,17,14,6,23,31,12,,,,,,,148,,,11,-71,2,63,45,2,31,-36,2,29,-22,2,14,-18,1,16.44,40,0,0,1,1,0,,,Breach,109,144,-35,5,117,68,49,5,88,110,-22,4,29,111,-82,4,41,67,-26,4,384,500,-116,0,3,1,1,22,,,,,,Map,Team,W/L,P,Side,FB,W/L,P,Side,FB,W/L,P,Side,FB,W/L,P,Side,FB,W/L,P,Site,FB,W/L,P,Side,FB,W/L,P,Side,FB,W/L,P,Side,FB,W/L,P,Side,FB,W/L,P,Side,FB,W/L,P,Side,FB,Score,,Rounds,Wins,FB,FBW,AP,APW,BP,BPW,Rounds,Wins,FB,FBW,AP,APW,BP,BPW,,,Berlin,Rds,W,L,W%,FB,Rds,W,L,FB,FBW,AP,APW,BP,BPW,Rds,W,L,FB,FBW,AP,APW,BP,BPW,,,,,,Map,Team,W/L,A,B,Ticks,Side,Lives,W/L,A,B,Ticks,Side,Lives,W/L,A,B,Ticks,Side,Lives,W/L,A,B,Ticks,Side,Lives,W/L,A,B,Ticks,Side,Lives,Score,Lives,Ticks,,Rounds,W,A Caps,A Cap W,B Caps,B Cap W,Lives Left,Cap W's,Wipe W's,Ticks,Rounds,W,Lives Left,A Def,B Def,Defend W's,Wipe W's,Ticks Allow,,Gavutu,Rounds,W,L,W%,Rounds,W,L,A Caps,A Caps W,B Caps,B Caps W,Lives Left,Cap Wins,Wipe Wins,Ticks,Rounds,W,L,Lives Left,A Def,B Def,Def Wins,Wipe Wins,Ticks Allow
,,,,,,,,,,,,,,,,,,,,,,,,,,,,,,,,,,,,,,,,,,,,OpTic,76,72,4,3,20,60,-40,2,32,66,-34,2,52,22,30,2,40,30,10,2,220,250,-30,0,1,2,1,11,,,,,,Desert Siege,Surge,,B,D,,,B,O,X,,B,D,,,B,O,X,,B,D,X,1,A,O,X,,A,D,,,,,,,,,,,,,,,,,,1,,3,1,3,1,1,1,2,0,4,0,1,0,1,0,3,0,,,Breach,10,4,6,40.00%,4,5,3,2,2,1,1,1,2,2,5,1,4,2,1,1,0,0,0,,,,,,Berlin,Royal Ravens,1,,X,5,O,2,1,X,,,D,2,1,X,X,5,O,16,,,,,,,,,,,,,3,20,10,,2,2,1,1,2,2,18,1,1,10,1,1,2,1,0,0,1,3,,Breach,0,0,0,,0,0,0,0,0,0,0,0,0,0,0,0,0,0,0,0,0,0,0,0
,,P1,P2,P3,P4,P5,P1,P2,P3,P4,P5,P1,P2,P3,P4,P5,Total,Hills,,P1,PM,H,P2,PM,H,P3,PM,H,P4,PM,H,P5,PM,H,PPH,High,Low,50 Pt Hills,0 pt Hills,50 PHA,Shutouts,,,Thieves,128,75,53,4,100,67,33,4,139,51,88,4,71,25,46,3,62,19,43,3,500,237,263,2,0,0,4,18,,,,,,Desert Siege,Royal Ravens,1,B,O,X,1,B,D,,1,B,O,X,1,B,D,,1,B,O,,,A,D,,1,A,O,X,,,,,,,,,,,,,,,,,6,,4,4,3,3,1,1,3,3,3,2,0,0,1,0,2,2,,,OpTic,21,10,11,47.62%,10,11,7,4,5,5,4,3,3,3,10,3,7,5,3,4,1,2,1,,,,,,Berlin,Surge,,X,,,D,0,,,X,3,O,0,,,,,D,10,,,,,,,,,,,,,0,10,3,,1,0,0,0,1,0,0,0,0,3,2,0,10,1,0,0,0,10,,OpTic,14,7,7,50.00%,7,1,6,4,1,1,1,70,1,0,20,7,6,1,65,1,5,4,2,22
Berlin,Surge,39,0,18,10,27,30,27,48,10,10,31,,,,,250,11,,100,63,3,27,-45,2,66,32,2,20,-45,2,37,-2,2,22.73,48,0,0,1,1,0,,,FaZe,195,156,39,8,111,151,-40,7,83,189,-106,6,102,88,14,5,74,106,-32,5,565,690,-125,1,4,2,2,31,,,,,,,,,,,,,,,,,,,,,,,,,,,,,,,,,,,,,,,,,,,,,,,,,,,,,,,,,,,,,,,,,,,,,,,,Thieves,28,18,11,64.29%,14,14,12,2,8,8,4,4,2,2,14,6,8,6,4,3,1,5,0,,,,,,,,,,,,,,,,,,,,,,,,,,,,,,,,,,,,,,,,,,,,,,,,,,,,,,,,,,,,,Thieves,10,6,4,60.00%,4,0,4,4,0,0,0,18,0,0,14,6,6,0,73,3,6,6,0,15
Berlin,Royal Ravens,8,51,31,20,22,24,21,3,45,17,5,,,,,247,,,37,-63,3,72,45,2,34,-32,2,65,45,2,39,2,2,22.45,51,3,1,0,0,1,,,Mutineers,0,0,0,0,0,0,0,0,0,0,0,0,0,0,0,0,0,0,0,0,0,0,0,0,0,0,0,0,,,,,,,,1,,,,2,,,,3,,,,4,,,,5,,,,6,,,,7,,,,8,,,,9,,,,10,,,,11,,,,,,OFFENSE,,,,,,,,DEFENSE,,,,,,,,,,FaZe,24,14,10,58.33%,13,12,8,4,6,5,2,1,6,6,12,6,6,7,6,7,3,2,0,,,,,,,,1,,,,,,2,,,,,,3,,,,,,4,,,,,,5,,,,,,,,,,Offense,,,,,,,,,,Defense,,,,,,,,,FaZe,5,2,3,40.00%,3,0,3,2,0,0,0,17,0,0,9,2,2,0,25,0,2,2,0,6
,,,,,,,,,,,,,,,,,,,,,,,,,,,,,,,,,,,,,,,,,,,,Subliners,85,38,47,3,31,46,-15,2,69,32,37,2,33,45,-12,2,32,12,20,2,250,173,77,0,0,0,1,11,,,,,,,,W/L,P,Side,FB,W/L,P,Side,FB,W/L,P,Side,FB,W/L,P,Side,FB,W/L,P,Site,FB,W/L,P,Side,FB,W/L,P,Side,FB,W/L,P,Side,FB,W/L,P,Side,FB,W/L,P,Side,FB,W/L,P,Side,FB,Score,,Rounds,Wins,FB,FBW,AP,APW,BP,BPW,Rounds,Wins,FB,FBW,AP,APW,BP,BPW,,,Mutineers,0,0,0,,0,0,0,0,0,0,0,0,0,0,0,0,0,0,0,0,0,0,0,,,,,,,,W/L,A,B,Ticks,Side,Lives,W/L,A,B,Ticks,Side,Lives,W/L,A,B,Ticks,Side,Lives,W/L,A,B,Ticks,Side,Lives,W/L,A,B,Ticks,Side,Lives,Score,Lives,Ticks,,Rounds,W,A Caps,A Cap W,B Caps,B Cap W,Lives Left,Cap W's,Wipe W's,Ticks,Rounds,W,Lives Left,A Def,B Def,Defend W's,Wipe W's,Ticks Allow,,Mutineers,0,0,0,,0,0,0,0,0,0,0,0,0,0,0,0,0,0,0,0,0,0,0,0
,,P1,P2,P3,P4,P5,P1,P2,P3,P4,P5,P1,P2,P3,P4,P5,Total,Hills,,P1,PM,H,P2,PM,H,P3,PM,H,P4,PM,H,P5,PM,H,PPH,High,Low,50 Pt Hills,0 pt Hills,50 PHA,Shutouts,,,Rokkr,0,0,0,0,0,0,0,0,0,0,0,0,0,0,0,0,0,0,0,0,0,0,0,0,0,0,0,0,,,,,,Berlin,Royal Ravens,1,B,D,,,A,O,X,,B,D,,1,,O,,1,,D,X,,,O,,,A,D,,,,O,,,B,D,X,,,,,,,,,3,,4,1,1,0,1,0,0,0,5,2,2,1,1,0,3,1,,,Subliners,18,8,10,44.44%,12,9,5,4,5,5,6,3,2,2,9,3,6,7,3,1,1,5,0,,,,,,Berlin,Thieves,1,X,X,6,O,5,,,,,D,0,1,X,X,5,O,13,,,,,D,12,,,,,D,0,2,30,11,,2,2,2,2,2,2,18,2,0,11,3,0,12,0,0,0,0,15,,Subliners,8,4,4,50.00%,4,1,3,3,1,0,0,23,0,1,10,4,3,1,22,0,3,2,1,18
Tuscan,Thieves,5,33,25,8,36,18,26,12,10,8,,,,,,181,10,,23,-18,2,59,42,2,37,-28,2,18,-56,2,44,-9,2,18.1,36,5,0,0,0,0,,,Royal Ravens,75,185,-110,6,118,58,60,4,66,135,-69,4,110,53,57,4,51,69,-18,4,420,500,-80,1,1,0,1,22,,,,,,Berlin,Surge,,B,O,X,1,A,D,,1,B,O,X,,,D,X,,,O,,1,,D,X,1,A,O,X,1,,D,X,1,B,O,,,,,,,,,,6,,5,3,3,2,1,1,3,2,4,3,3,2,1,1,0,0,,,Rokkr,0,0,0,,0,0,0,0,0,0,0,0,0,0,0,0,0,0,0,0,0,0,0,,,,,,Berlin,Breach,,,,,D,5,1,,X,5,O,2,,,,,D,8,1,X,X,5,O,7,1,,X,5,O,6,3,28,15,,3,3,1,1,3,3,15,1,2,15,2,0,13,0,0,0,0,11,,Rokkr,0,0,0,,0,0,0,0,0,0,0,0,0,0,0,0,0,0,0,0,0,0,0,0
Tuscan,Breach,26,3,30,35,18,15,14,35,39,35,,,,,,250,,,41,18,2,17,-42,2,65,28,2,74,56,2,53,9,2,25,39,3,0,0,0,0,,,Legion,0,0,0,0,0,0,0,0,0,0,0,0,0,0,0,0,0,0,0,0,0,0,0,0,0,0,0,0,,,,,,,,,,,,,,,,,,,,,,,,,,,,,,,,,,,,,,,,,,,,,,,,,,,,,,,,,,,,,,,,,,,,,,,,Royal Ravens,19,7,12,36.84%,6,9,3,6,2,1,2,0,2,2,10,4,6,4,3,4,1,4,1,,,,,,,,,,,,,,,,,,,,,,,,,,,,,,,,,,,,,,,,,,,,,,,,,,,,,,,,,,,,,Royal Ravens,4,1,3,25.00%,2,0,2,2,0,0,0,1,0,0,7,2,1,1,20,1,1,1,0,4
,,,,,,,,,,,,,,,,,,,,,,,,,,,,,,,,,,,,,,,,,,,,Ultra,138,125,13,6,68,128,-60,5,99,104,-5,4,91,62,29,4,59,49,10,4,455,468,-13,1,2,0,1,23,,,,,,,,1,,,,2,,,,3,,,,4,,,,5,,,,6,,,,7,,,,8,,,,9,,,,10,,,,11,,,,,,OFFENSE,,,,,,,,DEFENSE,,,,,,,,,,Legion,0,0,0,,0,0,0,0,0,0,0,0,0,0,0,0,0,0,0,0,0,0,0,,,,,,,,1,,,,,,2,,,,,,3,,,,,,4,,,,,,5,,,,,,,,,,Offense,,,,,,,,,,Defense,,,,,,,,,Legion,0,0,0,,0,0,0,0,0,0,0,0,0,0,0,0,0,0,0,0,0,0,0,0
,,P1,P2,P3,P4,P5,P1,P2,P3,P4,P5,P1,P2,P3,P4,P5,Total,Hills,,P1,PM,H,P2,PM,H,P3,PM,H,P4,PM,H,P5,PM,H,PPH,High,Low,50 Pt Hills,0 pt Hills,50 PHA,Shutouts,,,Guerrillas,0,0,0,0,0,0,0,0,0,0,0,0,0,0,0,0,0,0,0,0,0,0,0,0,0,0,0,0,,,,,,,,W/L,P,Side,FB,W/L,P,Side,FB,W/L,P,Side,FB,W/L,P,Side,FB,W/L,P,Site,FB,W/L,P,Side,FB,W/L,P,Side,FB,W/L,P,Side,FB,W/L,P,Side,FB,W/L,P,Side,FB,W/L,P,Side,FB,Score,,Rounds,Wins,FB,FBW,AP,APW,BP,BPW,Rounds,Wins,FB,FBW,AP,APW,BP,BPW,,,Ultra,11,5,6,45.45%,7,5,2,3,2,2,3,2,1,0,6,3,3,5,3,3,1,1,0,,,,,,,,W/L,A,B,Ticks,Side,Lives,W/L,A,B,Ticks,Side,Lives,W/L,A,B,Ticks,Side,Lives,W/L,A,B,Ticks,Side,Lives,W/L,A,B,Ticks,Side,Lives,Score,Lives,Ticks,,Rounds,W,A Caps,A Cap W,B Caps,B Cap W,Lives Left,Cap W's,Wipe W's,Ticks,Rounds,W,Lives Left,A Def,B Def,Defend W's,Wipe W's,Ticks Allow,,Ultra,5,3,2,60.00%,3,1,2,2,1,0,0,26,0,1,8,2,2,0,27,1,2,2,0,3
Berlin,Thieves,18,33,21,34,28,39,4,27,25,21,,,,,,250,10,,57,10,2,37,-12,2,48,-2,2,59,46,2,49,42,2,25,39,4,0,0,0,2,,,Surge,320,331,-11,15,235,222,13,11,296,185,111,10,164,246,-82,10,175,182,-7,10,1190,1166,24,2,4,2,4,56,,,,,,Berlin,Thieves,1,,D,,1,,O,X,,B,D,X,1,,O,X,,B,D,,,,O,,,A,D,X,1,A,O,,1,,D,X,1,,O,X,,,,,6,,5,4,3,3,1,1,0,0,5,2,3,1,1,0,2,0,,,Guerrillas,0,0,0,,0,0,0,0,0,0,0,0,0,0,0,0,0,0,0,0,0,0,0,,,,,,Gavutu,OpTic,,,,,O,14,1,,X,,D,9,,X,,3,O,1,1,X,X,,D,27,,,,,D,0,2,51,3,,2,0,1,0,0,0,15,0,0,3,3,2,36,1,2,2,0,8,,Guerrillas,0,0,0,,0,0,0,0,0,0,0,0,0,0,0,0,0,0,0,0,0,0,0,0
Berlin,Breach,31,9,24,0,7,16,40,26,13,0,,,,,,166,,,47,-10,2,49,12,2,50,2,2,13,-46,2,7,-42,2,16.6,40,0,0,2,0,0,,,,,,,,,,,,,,,,,,,,,,Total Pts,,3984,,,7,15,7,15,97,,,,,,Berlin,Breach,,,O,X,,,D,,1,B,O,,,,D,,1,B,O,X,1,,D,X,1,A,O,,,A,D,X,,,O,,,,D,,,,,,4,,5,3,2,1,1,1,2,2,5,1,2,1,1,0,0,0,,,Surge,17,8,9,47.06%,8,9,4,5,4,3,3,2,3,2,8,4,4,4,3,2,1,2,0,,,,,,Gavutu,Ultra,1,X,X,,D,21,,X,,3,O,6,1,,X,,D,6,,,,,O,11,1,X,,5,O,9,3,53,8,,3,1,2,1,0,0,26,0,1,8,2,2,27,1,2,2,0,3,,Surge,0,0,0,,0,0,0,0,0,0,0,0,0,0,0,0,0,0,0,0,0,0,0,0
,,,,,,,,,,,,,,,,,,,,,,,,,,,,,,,,,,,,,,,,,,,,,P1,,,,P2,,,,P3,,,,P4,,,,P5,,,,,,,,,,,,,,,,,,,,,,,,,,,,,,,,,,,,,,,,,,,,,,,,,,,,,,,,,,,,,,,,,,,,,,,,,,,,,,,,,,,,,,,,,,,,,,,,,,,,,,,,,,,,,,,,,,,,,,,,,,,,,,,,,,,,,,,,,,,,,,,,,,,,,,,,,,,,,,,,,,,,,,,,,,,,,,,,,,,,,,,,,,,,,,,
,,P1,P2,P3,P4,P5,P1,P2,P3,P4,P5,P1,P2,P3,P4,P5,Total,Hills,,P1,PM,H,P2,PM,H,P3,PM,H,P4,PM,H,P5,PM,H,PPH,High,Low,50 Pt Hills,0 pt Hills,50 PHA,Shutouts,,,Bocage,PF,PA,PM,H,PF,PA,PM,H,PF,PA,PM,H,PF,PA,PM,H,PF,PA,PM,H,PF,PA,PM,50 Pt Hills,0 pt Hills,50 PHA,Shutouts,Total Hills,,,,,,,,1,,,,2,,,,3,,,,4,,,,5,,,,6,,,,7,,,,8,,,,9,,,,10,,,,11,,,,,,OFFENSE,,,,,,,,DEFENSE,,,,,,,,,,,TOTAL,,,,,OFFENSE,,,,,,,,,DEFENSE,,,,,,,,,,,,,,,,1,,,,,,2,,,,,,3,,,,,,4,,,,,,5,,,,,,,,,,Offense,,,,,,,,,,Defense,,,,,,,,,,Totals,,,,Offense,,,,,,,,,,,Defense,,,,,,,,
Bocage,Ultra,2,0,28,23,8,7,5,36,22,19,12,0,,,,162,12,,21,-3,3,5,-67,3,64,24,2,45,26,2,27,-23,2,13.5,36,0,0,2,0,1,,,Breach,0,0,0,0,0,0,0,0,0,0,0,0,0,0,0,0,0,0,0,0,0,0,0,0,0,0,0,0,,,,,,,,W/L,P,Side,FB,W/L,P,Side,FB,W/L,P,Side,FB,W/L,P,Side,FB,W/L,P,Site,FB,W/L,P,Side,FB,W/L,P,Side,FB,W/L,P,Side,FB,W/L,P,Side,FB,W/L,P,Side,FB,W/L,P,Side,FB,Score,,Rounds,Wins,FB,FBW,AP,APW,BP,BPW,Rounds,Wins,FB,FBW,AP,APW,BP,BPW,,,Bocage,Rds,W,L,W%,FB,Rds,W,L,FB,FBW,AP,APW,BP,BPW,Rds,W,L,FB,FBW,AP,APW,BP,BPW,,,,,,,,W/L,A,B,Ticks,Side,Lives,W/L,A,B,Ticks,Side,Lives,W/L,A,B,Ticks,Side,Lives,W/L,A,B,Ticks,Side,Lives,W/L,A,B,Ticks,Side,Lives,Score,Lives,Ticks,,Rounds,W,A Caps,A Cap W,B Caps,B Cap W,Lives Left,Cap W's,Wipe W's,Ticks,Rounds,W,Lives Left,A Def,B Def,Defend W's,Wipe W's,Ticks Allow,,Tuscan,Rounds,W,L,W%,Rounds,W,L,A Caps,A Caps W,B Caps,B Caps W,Lives Left,Cap Wins,Wipe Wins,Ticks,Rounds,W,L,Lives Left,A Def,B Def,Def Wins,Wipe Wins,Ticks Allow
Bocage,OpTic,7,40,24,5,34,14,32,16,14,16,3,0,,,,205,,,24,3,3,72,67,3,40,-24,2,19,-26,2,50,23,2,17.08,40,0,0,1,0,2,,,OpTic,24,21,3,3,72,5,67,3,40,64,-24,2,19,45,-26,2,50,27,23,2,205,162,43,0,1,0,2,12,,,,,,Tuscan,Breach,,A,D,,,,O,,1,,D,X,1,A,O,,,,D,,1,B,O,X,1,A,D,X,,,O,,,A,D,,1,A,O,X,,B,O,,5,,6,3,2,2,2,2,2,1,5,2,2,2,3,1,0,0,,,Breach,0,0,0,,0,0,0,0,0,0,0,0,0,0,0,0,0,0,0,0,0,0,0,,,,,,Tuscan,Subliners,,X,,3,O,0,,,,,D,4,,X,,3,O,5,,,,,,,,,,,,,0,9,6,,2,0,2,0,0,0,5,0,0,6,1,0,4,0,0,0,0,6,,Breach,0,0,0,,0,0,0,0,0,0,0,0,0,0,0,0,0,0,0,0,0,0,0,0
,,,,,,,,,,,,,,,,,,,,,,,,,,,,,,,,,,,,,,,,,,,,Thieves,0,0,0,0,0,0,0,0,0,0,0,0,0,0,0,0,0,0,0,0,0,0,0,0,0,0,0,0,,,,,,Tuscan,Thieves,1,A,O,X,1,,D,X,,,O,,,A,D,X,1,,O,X,,B,D,,,A,O,,1,,D,X,1,A,O,X,,A,D,,1,B,D,X,6,,5,3,3,3,3,2,0,0,6,3,4,3,2,0,2,1,,,OpTic,17,12,5,70.59%,10,9,7,2,5,5,6,5,1,1,8,5,3,5,5,1,0,3,2,,,,,,Tuscan,FaZe,1,,X,,D,9,1,X,X,6,O,10,1,,X,,D,11,,,,,,,,,,,,,3,30,6,,1,1,1,1,1,1,10,1,0,6,2,2,20,0,2,1,1,6,,OpTic,5,2,3,40.00%,3,0,3,3,0,0,0,7,0,0,10,2,2,0,23,1,2,1,1,8
,,P1,P2,P3,P4,P5,P1,P2,P3,P4,P5,P1,P2,P3,P4,P5,Total,Hills,,P1,PM,H,P2,PM,H,P3,PM,H,P4,PM,H,P5,PM,H,PPH,High,Low,50 Pt Hills,0 pt Hills,50 PHA,Shutouts,,,FaZe,23,33,-10,3,56,36,20,2,14,76,-62,2,5,73,-68,2,52,32,20,2,150,250,-100,0,1,0,0,11,,,,,,,,,,,,,,,,,,,,,,,,,,,,,,,,,,,,,,,,,,,,,,,,,,,,,,,,,,,,,,,,,,,,,,,,Thieves,7,1,6,14.29%,4,4,1,3,4,1,0,0,1,0,3,0,3,0,0,0,0,2,0,,,,,,,,,,,,,,,,,,,,,,,,,,,,,,,,,,,,,,,,,,,,,,,,,,,,,,,,,,,,,Thieves,0,0,0,,0,0,0,0,0,0,0,0,0,0,0,0,0,0,0,0,0,0,0,0
Tuscan,Ultra,14,28,12,24,34,10,29,48,18,4,29,,,,,250,11,,53,-17,3,57,39,2,60,21,2,42,-6,2,38,-12,2,22.73,48,4,0,0,0,0,,,Mutineers,0,0,0,0,0,0,0,0,0,0,0,0,0,0,0,0,0,0,0,0,0,0,0,0,0,0,0,0,,,,,,,,1,,,,2,,,,3,,,,4,,,,5,,,,6,,,,7,,,,8,,,,9,,,,10,,,,11,,,,,,OFFENSE,,,,,,,,DEFENSE,,,,,,,,,,FaZe,7,6,1,85.71%,3,3,3,0,3,3,0,0,2,2,4,3,1,0,0,0,0,1,1,,,,,,,,1,,,,,,2,,,,,,3,,,,,,4,,,,,,5,,,,,,,,,,Offense,,,,,,,,,,Defense,,,,,,,,,FaZe,12,9,3,75.00%,6,4,2,6,4,3,3,63,3,1,28,6,5,1,45,0,5,3,2,23
Tuscan,OpTic,32,4,37,24,13,24,14,2,24,37,14,,,,,225,,,70,17,3,18,-39,2,39,-21,2,48,6,2,50,12,2,20.45,37,2,0,0,0,0,,,Subliners,0,0,0,0,0,0,0,0,0,0,0,0,0,0,0,0,0,0,0,0,0,0,0,0,0,0,0,0,,,,,,,,W/L,P,Side,FB,W/L,P,Side,FB,W/L,P,Side,FB,W/L,P,Side,FB,W/L,P,Site,FB,W/L,P,Side,FB,W/L,P,Side,FB,W/L,P,Side,FB,W/L,P,Side,FB,W/L,P,Side,FB,W/L,P,Side,FB,Score,,Rounds,Wins,FB,FBW,AP,APW,BP,BPW,Rounds,Wins,FB,FBW,AP,APW,BP,BPW,,,Mutineers,0,0,0,,0,0,0,0,0,0,0,0,0,0,0,0,0,0,0,0,0,0,0,,,,,,,,W/L,A,B,Ticks,Side,Lives,W/L,A,B,Ticks,Side,Lives,W/L,A,B,Ticks,Side,Lives,W/L,A,B,Ticks,Side,Lives,W/L,A,B,Ticks,Side,Lives,Score,Lives,Ticks,,Rounds,W,A Caps,A Cap W,B Caps,B Cap W,Lives Left,Cap W's,Wipe W's,Ticks,Rounds,W,Lives Left,A Def,B Def,Defend W's,Wipe W's,Ticks Allow,,Mutineers,0,0,0,,0,0,0,0,0,0,0,0,0,0,0,0,0,0,0,0,0,0,0,0
,,,,,,,,,,,,,,,,,,,,,,,,,,,,,,,,,,,,,,,,,,,,Rokkr,0,0,0,0,0,0,0,0,0,0,0,0,0,0,0,0,0,0,0,0,0,0,0,0,0,0,0,0,,,,,,Bocage,Ultra,,A,D,,1,B,O,X,1,A,D,X,,B,O,,,A,D,,,,O,,,B,D,,1,,O,X,,A,D,,,,,,,,,,3,,4,2,2,2,0,0,2,1,5,1,1,1,4,1,1,0,,,Subliners,0,0,0,,0,0,0,0,0,0,0,0,0,0,0,0,0,0,0,0,0,0,0,,,,,,Gavutu,Subliners,,,,,O,9,1,,X,,D,2,1,X,,4,O,5,1,,X,,D,9,,,,,,,3,25,4,,2,1,1,1,0,0,14,0,1,4,2,2,11,0,2,1,1,7,,Subliners,3,0,3,0.00%,2,0,2,2,0,0,0,5,0,0,6,1,0,1,4,0,0,0,0,6
,,P1,P2,P3,P4,P5,P1,P2,P3,P4,P5,P1,P2,P3,P4,P5,Total,Hills,,P1,PM,H,P2,PM,H,P3,PM,H,P4,PM,H,P5,PM,H,PPH,High,Low,50 Pt Hills,0 pt Hills,50 PHA,Shutouts,,,Royal Ravens,0,0,0,0,0,0,0,0,0,0,0,0,0,0,0,0,0,0,0,0,0,0,0,0,0,0,0,0,,,,,,Bocage,OpTic,1,A,O,X,,B,D,,,A,O,,1,B,D,X,1,A,O,X,1,,D,X,1,B,O,X,,,D,,1,A,O,X,,,,,,,,,6,,5,4,4,4,4,3,1,1,4,2,2,2,0,0,2,1,,,Rokkr,0,0,0,,0,0,0,0,0,0,0,0,0,0,0,0,0,0,0,0,0,0,0,,,,,,Gavutu,Royal Ravens,1,X,X,,D,20,,X,,4,O,0,,,,,D,0,,X,,3,O,1,,,,,,,1,21,7,,2,0,2,0,0,0,1,0,0,7,2,1,20,1,1,1,0,4,,Rokkr,0,0,0,,0,0,0,0,0,0,0,0,0,0,0,0,0,0,0,0,0,0,0,0
Gavutu,FaZe,19,2,39,39,21,0,5,0,30,41,33,14,,,,243,12,,52,-24,3,21,-61,3,39,12,2,69,43,2,62,23,2,20.25,41,0,0,2,1,1,,,Legion,0,0,0,0,0,0,0,0,0,0,0,0,0,0,0,0,0,0,0,0,0,0,0,0,0,0,0,0,,,,,,,,,,,,,,,,,,,,,,,,,,,,,,,,,,,,,,,,,,,,,,,,,,,,,,,,,,,,,,,,,,,,,,,,Royal Ravens,0,0,0,,0,0,0,0,0,0,0,0,0,0,0,0,0,0,0,0,0,0,0,,,,,,,,,,,,,,,,,,,,,,,,,,,,,,,,,,,,,,,,,,,,,,,,,,,,,,,,,,,,,Royal Ravens,0,0,0,,0,0,0,0,0,0,0,0,0,0,0,0,0,0,0,0,0,0,0,0
Gavutu,Subliners,20,45,0,11,37,54,34,27,15,2,2,3,,,,250,,,76,24,3,82,61,3,27,-12,2,26,-43,2,39,-23,2,20.83,54,0,1,1,0,2,,,Ultra,21,24,-3,3,5,72,-67,3,64,40,24,2,45,19,26,2,27,50,-23,2,162,205,-43,0,2,0,1,12,,,,,,,,1,,,,2,,,,3,,,,4,,,,5,,,,6,,,,7,,,,8,,,,9,,,,10,,,,11,,,,,,OFFENSE,,,,,,,,DEFENSE,,,,,,,,,,Legion,0,0,0,,0,0,0,0,0,0,0,0,0,0,0,0,0,0,0,0,0,0,0,,,,,,,,1,,,,,,2,,,,,,3,,,,,,4,,,,,,5,,,,,,,,,,Offense,,,,,,,,,,Defense,,,,,,,,,Legion,0,0,0,,0,0,0,0,0,0,0,0,0,0,0,0,0,0,0,0,0,0,0,0
,,,,,,,,,,,,,,,,,,,,,,,,,,,,,,,,,,,,,,,,,,,,Guerrillas,0,0,0,0,0,0,0,0,0,0,0,0,0,0,0,0,0,0,0,0,0,0,0,0,0,0,0,0,,,,,,,,W/L,P,Side,FB,W/L,P,Side,FB,W/L,P,Side,FB,W/L,P,Side,FB,W/L,P,Site,FB,W/L,P,Side,FB,W/L,P,Side,FB,W/L,P,Side,FB,W/L,P,Side,FB,W/L,P,Side,FB,W/L,P,Side,FB,Score,,Rounds,Wins,FB,FBW,AP,APW,BP,BPW,Rounds,Wins,FB,FBW,AP,APW,BP,BPW,,,Ultra,18,6,12,33.33%,5,9,2,7,3,2,2,0,2,1,9,4,5,2,2,6,2,3,2,,,,,,,,W/L,A,B,Ticks,Side,Lives,W/L,A,B,Ticks,Side,Lives,W/L,A,B,Ticks,Side,Lives,W/L,A,B,Ticks,Side,Lives,W/L,A,B,Ticks,Side,Lives,Score,Lives,Ticks,,Rounds,W,A Caps,A Cap W,B Caps,B Cap W,Lives Left,Cap W's,Wipe W's,Ticks,Rounds,W,Lives Left,A Def,B Def,Defend W's,Wipe W's,Ticks Allow,,Ultra,0,0,0,,0,0,0,0,0,0,0,0,0,0,0,0,0,0,0,0,0,0,0,0
,,P1,P2,P3,P4,P5,P1,P2,P3,P4,P5,P1,P2,P3,P4,P5,Total,Hills,,P1,PM,H,P2,PM,H,P3,PM,H,P4,PM,H,P5,PM,H,PPH,High,Low,50 Pt Hills,0 pt Hills,50 PHA,Shutouts,,,Surge,33,23,10,3,36,56,-20,2,76,14,62,2,73,5,68,2,32,52,-20,2,250,150,100,0,0,0,1,11,,,,,,Berlin,OpTic,,A,D,,,A,O,,1,A,D,X,1,B,O,X,1,,D,X,1,A,O,,,A,D,,,,O,,1,B,D,X,,,O,,1,A,O,,6,,6,3,1,1,3,2,1,1,5,3,3,3,3,1,1,1,,,Guerrillas,0,0,0,,0,0,0,0,0,0,0,0,0,0,0,0,0,0,0,0,0,0,0,,,,,,Berlin,Breach,,,X,5,O,0,1,X,X,,D,21,,,X,5,O,0,1,X,,,D,6,,,,,D,3,2,30,10,,2,0,0,0,2,0,0,0,0,10,3,2,30,2,1,2,0,11,,Guerrillas,0,0,0,,0,0,0,0,0,0,0,0,0,0,0,0,0,0,0,0,0,0,0,0
Tuscan,FaZe,27,15,31,33,3,36,8,18,30,27,22,,,,,250,11,,85,44,3,23,-31,2,49,15,2,63,38,2,30,-26,2,22.73,36,3,0,0,0,0,,,,,,,,,,,,,,,,,,,,,,Total Pts,,767,,,0,4,0,4,23,,,,,,Berlin,Ultra,1,A,O,X,1,A,D,X,,A,O,,,B,D,,,,O,,,A,D,X,1,A,O,X,1,,D,X,,B,O,,1,,D,X,,A,D,X,5,,5,2,2,2,3,2,1,0,6,3,5,3,3,1,1,0,,,Surge,17,8,9,47.06%,11,8,2,6,4,2,3,2,3,0,9,6,3,7,5,4,2,0,0,,,,,,Berlin,Ultra,1,X,,,D,5,,,,1,O,9,1,X,,,D,10,,,X,5,O,3,1,X,X,5,O,12,3,39,11,,3,1,1,1,2,1,24,1,0,11,2,2,15,2,0,0,2,10,,Surge,14,6,8,42.86%,6,1,5,5,1,1,1,15,1,0,25,8,5,3,45,0,5,3,2,32
Tuscan,Subliners,19,28,2,11,45,19,26,32,14,11,3,,,,,210,,,41,-44,3,54,31,2,34,-15,2,25,-38,2,56,26,2,19.09,45,2,0,0,0,0,,,,P1,,,,P2,,,,P3,,,,P4,,,,P5,,,,,,,,,,,,,,,,,,,,,,,,,,,,,,,,,,,,,,,,,,,,,,,,,,,,,,,,,,,,,,,,,,,,,,,,,,,,,,,,,,,,,,,,,,,,,,,,,,,,,,,,,,,,,,,,,,,,,,,,,,,,,,,,,,,,,,,,,,,,,,,,,,,,,,,,,,,,,,,,,,,,,,,,,,,,,,,,,,,,,,,,,,,,,,,
,,,,,,,,,,,,,,,,,,,,,,,,,,,,,,,,,,,,,,,,,,,,Gavutu,PF,PA,PM,H,PF,PA,PM,H,PF,PA,PM,H,PF,PA,PM,H,PF,PA,PM,H,PF,PA,PM,50 Pt Hills,0 pt Hills,50 PHA,Shutouts,Total Hills,,,,,,,,1,,,,2,,,,3,,,,4,,,,5,,,,6,,,,7,,,,8,,,,9,,,,10,,,,11,,,,,,OFFENSE,,,,,,,,DEFENSE,,,,,,,,,,,TOTAL,,,,,OFFENSE,,,,,,,,,DEFENSE,,,,,,,,,,,,,,,,1,,,,,,2,,,,,,3,,,,,,4,,,,,,5,,,,,,,,,,Offense,,,,,,,,,,Defense,,,,,,,,,,Totals,,,,Offense,,,,,,,,,,,Defense,,,,,,,,
,,P1,P2,P3,P4,P5,P1,P2,P3,P4,P5,P1,P2,P3,P4,P5,Total,Hills,,P1,PM,H,P2,PM,H,P3,PM,H,P4,PM,H,P5,PM,H,PPH,High,Low,50 Pt Hills,0 pt Hills,50 PHA,Shutouts,,,Breach,0,0,0,0,0,0,0,0,0,0,0,0,0,0,0,0,0,0,0,0,0,0,0,0,0,0,0,0,,,,,,,,W/L,P,Side,FB,W/L,P,Side,FB,W/L,P,Side,FB,W/L,P,Side,FB,W/L,P,Site,FB,W/L,P,Side,FB,W/L,P,Side,FB,W/L,P,Side,FB,W/L,P,Side,FB,W/L,P,Side,FB,W/L,P,Side,FB,Score,,Rounds,Wins,FB,FBW,AP,APW,BP,BPW,Rounds,Wins,FB,FBW,AP,APW,BP,BPW,,,Desert Siege,Rds,W,L,W%,FB,Rds,W,L,FB,FBW,AP,APW,BP,BPW,Rds,W,L,FB,FBW,AP,APW,BP,BPW,,,,,,,,W/L,A,B,Ticks,Side,Lives,W/L,A,B,Ticks,Side,Lives,W/L,A,B,Ticks,Side,Lives,W/L,A,B,Ticks,Side,Lives,W/L,A,B,Ticks,Side,Lives,Score,Lives,Ticks,,Rounds,W,A Caps,A Cap W,B Caps,B Cap W,Lives Left,Cap W's,Wipe W's,Ticks,Rounds,W,Lives Left,A Def,B Def,Defend W's,Wipe W's,Ticks Allow,,Brerlin,Rounds,W,L,W%,Rounds,W,L,A Caps,A Caps W,B Caps,B Caps W,Lives Left,Cap Wins,Wipe Wins,Ticks,Rounds,W,L,Lives Left,A Def,B Def,Def Wins,Wipe Wins,Ticks Allow
Gavutu,Royal Ravens,18,8,7,54,38,55,6,19,0,41,4,,,,,250,11,,77,62,3,14,-54,2,26,-32,2,54,1,2,79,59,2,22.73,55,0,2,1,1,2,,,OpTic,16,72,-56,2,11,66,-55,2,9,41,-32,1,6,49,-43,1,16,22,-6,1,58,250,-192,0,0,0,0,7,,,,,,Tuscan,FaZe,,B,D,,,B,O,,1,,D,X,,,O,,1,,D,X,1,,O,X,1,A,D,X,,B,O,X,,A,D,,,,O,,,,,,4,,5,1,2,1,0,0,2,0,5,3,3,3,2,1,1,0,,,Breach,6,6,0,100.00%,4,3,3,0,2,2,0,0,3,3,3,3,0,2,2,1,1,1,1,,,,,,Tuscan,Surge,,X,,3,O,2,1,,X,,D,8,,X,,4,O,4,,,,,D,8,,,,,,,1,22,7,,2,0,2,0,0,0,6,0,0,7,2,1,16,0,1,1,0,9,,Breach,0,0,0,,0,0,0,0,0,0,0,0,0,0,0,0,0,0,0,0,0,0,0,0
Gavutu,Subliners,13,27,41,0,13,2,41,17,53,7,0,,,,,214,,,15,-62,3,68,54,2,58,32,2,53,-1,2,20,-59,2,19.45,53,0,1,2,2,1,,,Thieves,107,61,46,4,104,67,37,4,136,16,120,3,66,85,-19,3,87,16,71,3,500,245,255,0,1,1,3,17,,,,,,Tuscan,Subliners,1,B,O,X,1,B,D,X,,,O,,1,,D,X,,,O,,,,D,,,A,O,,1,B,D,,1,A,O,X,1,,D,X,,,,,6,,5,2,2,2,2,1,1,1,5,4,3,3,0,0,2,2,,,OpTic,0,0,0,,0,0,0,0,0,0,0,0,0,0,0,0,0,0,0,0,0,0,0,,,,,,Tuscan,FaZe,1,,X,,D,11,,X,,3,O,5,1,,X,,D,8,1,X,X,6,O,17,,,,,,,3,41,9,,2,1,2,1,1,1,22,1,0,9,2,2,19,0,2,2,0,7,,OpTic,0,0,0,,0,0,0,0,0,0,0,0,0,0,0,0,0,0,0,0,0,0,0,0
,,,,,,,,,,,,,,,,,,,,,,,,,,,,,,,,,,,,,,,,,,,,FaZe,97,111,-14,5,77,120,-43,5,46,122,-76,4,148,43,105,4,62,104,-42,4,430,500,-70,1,5,1,2,22,,,,,,,,,,,,,,,,,,,,,,,,,,,,,,,,,,,,,,,,,,,,,,,,,,,,,,,,,,,,,,,,,,,,,,,,Thieves,0,0,0,,0,0,0,0,0,0,0,0,0,0,0,0,0,0,0,0,0,0,0,,,,,,,,,,,,,,,,,,,,,,,,,,,,,,,,,,,,,,,,,,,,,,,,,,,,,,,,,,,,,Thieves,0,0,0,,0,0,0,0,0,0,0,0,0,0,0,0,0,0,0,0,0,0,0,0
,,P1,P2,P3,P4,P5,P1,P2,P3,P4,P5,P1,P2,P3,P4,P5,Total,Hills,,P1,PM,H,P2,PM,H,P3,PM,H,P4,PM,H,P5,PM,H,PPH,High,Low,50 Pt Hills,0 pt Hills,50 PHA,Shutouts,,,Mutineers,0,0,0,0,0,0,0,0,0,0,0,0,0,0,0,0,0,0,0,0,0,0,0,0,0,0,0,0,,,,,,,,1,,,,2,,,,3,,,,4,,,,5,,,,6,,,,7,,,,8,,,,9,,,,10,,,,11,,,,,,OFFENSE,,,,,,,,DEFENSE,,,,,,,,,,FaZe,0,0,0,,0,0,0,0,0,0,0,0,0,0,0,0,0,0,0,0,0,0,0,,,,,,,,1,,,,,,2,,,,,,3,,,,,,4,,,,,,5,,,,,,,,,,Offense,,,,,,,,,,Defense,,,,,,,,,FaZe,0,0,0,,0,0,0,0,0,0,0,0,0,0,0,0,0,0,0,0,0,0,0,0
Berlin,Royal Ravens,24,11,12,22,10,14,35,20,23,2,0,,,,,173,11,,38,-47,3,46,15,2,32,-37,2,45,12,2,12,-20,2,15.73,35,0,0,1,0,0,,,Subliners,91,129,-38,6,150,35,115,5,85,65,20,4,79,123,-44,4,59,141,-82,4,464,493,-29,2,3,2,3,23,,,,,,,,W/L,P,Side,FB,W/L,P,Side,FB,W/L,P,Side,FB,W/L,P,Side,FB,W/L,P,Site,FB,W/L,P,Side,FB,W/L,P,Side,FB,W/L,P,Side,FB,W/L,P,Side,FB,W/L,P,Side,FB,W/L,P,Side,FB,Score,,Rounds,Wins,FB,FBW,AP,APW,BP,BPW,Rounds,Wins,FB,FBW,AP,APW,BP,BPW,,,Mutineers,0,0,0,,0,0,0,0,0,0,0,0,0,0,0,0,0,0,0,0,0,0,0,,,,,,,,W/L,A,B,Ticks,Side,Lives,W/L,A,B,Ticks,Side,Lives,W/L,A,B,Ticks,Side,Lives,W/L,A,B,Ticks,Side,Lives,W/L,A,B,Ticks,Side,Lives,Score,Lives,Ticks,,Rounds,W,A Caps,A Cap W,B Caps,B Cap W,Lives Left,Cap W's,Wipe W's,Ticks,Rounds,W,Lives Left,A Def,B Def,Defend W's,Wipe W's,Ticks Allow,,Mutineers,0,0,0,,0,0,0,0,0,0,0,0,0,0,0,0,0,0,0,0,0,0,0,0
Berlin,Subliners,19,25,41,25,19,33,6,28,8,13,33,,,,,250,,,85,47,3,31,-15,2,69,37,2,33,-12,2,32,20,2,22.73,41,6,0,0,0,1,,,Rokkr,0,0,0,0,0,0,0,0,0,0,0,0,0,0,0,0,0,0,0,0,0,0,0,0,0,0,0,0,,,,,,Berlin,FaZe,1,A,D,X,1,B,O,,1,A,D,X,1,,O,,,B,D,,1,B,O,,,A,D,,1,B,O,X,,,,,,,,,,,,,6,,4,4,1,1,0,0,3,3,4,2,2,2,3,2,1,0,,,Subliners,8,2,6,25.00%,5,4,1,3,2,1,1,0,2,1,4,1,3,3,1,1,0,2,0,,,,,,Gavutu,Thieves,,X,,4,O,6,1,X,X,,D,19,,X,,4,O,0,1,X,X,,D,19,1,,X,,D,7,3,51,8,,2,0,2,0,0,0,6,0,0,8,3,3,45,2,3,3,0,6,,Subliners,0,0,0,,0,0,0,0,0,0,0,0,0,0,0,0,0,0,0,0,0,0,0,0
,,,,,,,,,,,,,,,,,,,,,,,,,,,,,,,,,,,,,,,,,,,,Royal Ravens,77,15,62,3,14,68,-54,2,26,58,-32,2,54,53,1,2,79,20,59,2,250,214,36,2,1,1,2,11,,,,,,Berlin,Subliners,,A,O,,,B,D,X,,A,O,,,,D,X,1,B,O,X,,B,D,X,1,A,O,X,,B,D,,,,,,,,,,,,,,2,,4,2,2,2,3,1,1,1,4,0,3,0,0,0,3,0,,,Rokkr,0,0,0,,0,0,0,0,0,0,0,0,0,0,0,0,0,0,0,0,0,0,0,,,,,,Gavutu,OpTic,1,,X,,D,10,,,,1,O,11,1,,,,D,1,,,,1,O,9,,X,,4,O,1,2,32,6,,3,0,1,0,0,0,21,0,0,6,2,2,11,0,1,1,1,8,,Rokkr,0,0,0,,0,0,0,0,0,0,0,0,0,0,0,0,0,0,0,0,0,0,0,0
,,P1,P2,P3,P4,P5,P1,P2,P3,P4,P5,P1,P2,P3,P4,P5,Total,Hills,,P1,PM,H,P2,PM,H,P3,PM,H,P4,PM,H,P5,PM,H,PPH,High,Low,50 Pt Hills,0 pt Hills,50 PHA,Shutouts,,,Legion,0,0,0,0,0,0,0,0,0,0,0,0,0,0,0,0,0,0,0,0,0,0,0,0,0,0,0,0,,,,,,,,,,,,,,,,,,,,,,,,,,,,,,,,,,,,,,,,,,,,,,,,,,,,,,,,,,,,,,,,,,,,,,,,Royal Ravens,15,12,3,80.00%,6,8,7,1,4,4,2,2,5,5,7,5,2,2,2,2,1,4,3,,,,,,,,,,,,,,,,,,,,,,,,,,,,,,,,,,,,,,,,,,,,,,,,,,,,,,,,,,,,,Royal Ravens,0,0,0,,0,0,0,0,0,0,0,0,0,0,0,0,0,0,0,0,0,0,0,0
Tuscan,Breach,13,30,20,8,30,7,27,18,8,9,,,,,,170,10,,20,-53,2,57,31,2,38,-13,2,16,-52,2,39,7,2,17,30,7,0,0,0,0,,,Ultra,0,0,0,0,0,0,0,0,0,0,0,0,0,0,0,0,0,0,0,0,0,0,0,0,0,0,0,0,,,,,,,,1,,,,2,,,,3,,,,4,,,,5,,,,6,,,,7,,,,8,,,,9,,,,10,,,,11,,,,,,OFFENSE,,,,,,,,DEFENSE,,,,,,,,,,Legion,0,0,0,,0,0,0,0,0,0,0,0,0,0,0,0,0,0,0,0,0,0,0,,,,,,,,1,,,,,,2,,,,,,3,,,,,,4,,,,,,5,,,,,,,,,,Offense,,,,,,,,,,Defense,,,,,,,,,Legion,0,0,0,,0,0,0,0,0,0,0,0,0,0,0,0,0,0,0,0,0,0,0,0
Tuscan,Ultra,35,14,21,33,11,38,12,30,35,21,,,,,,250,,,73,53,2,26,-31,2,51,13,2,68,52,2,32,-7,2,25,38,11,0,0,0,0,,,Guerrillas,0,0,0,0,0,0,0,0,0,0,0,0,0,0,0,0,0,0,0,0,0,0,0,0,0,0,0,0,,,,,,,,W/L,P,Side,FB,W/L,P,Side,FB,W/L,P,Side,FB,W/L,P,Side,FB,W/L,P,Site,FB,W/L,P,Side,FB,W/L,P,Side,FB,W/L,P,Side,FB,W/L,P,Side,FB,W/L,P,Side,FB,W/L,P,Side,FB,Score,,Rounds,Wins,FB,FBW,AP,APW,BP,BPW,Rounds,Wins,FB,FBW,AP,APW,BP,BPW,,,Ultra,6,0,6,0.00%,2,3,0,3,1,0,1,0,1,0,3,0,3,1,0,0,0,3,0,,,,,,,,W/L,A,B,Ticks,Side,Lives,W/L,A,B,Ticks,Side,Lives,W/L,A,B,Ticks,Side,Lives,W/L,A,B,Ticks,Side,Lives,W/L,A,B,Ticks,Side,Lives,Score,Lives,Ticks,,Rounds,W,A Caps,A Cap W,B Caps,B Cap W,Lives Left,Cap W's,Wipe W's,Ticks,Rounds,W,Lives Left,A Def,B Def,Defend W's,Wipe W's,Ticks Allow,,Ultra,0,0,0,,0,0,0,0,0,0,0,0,0,0,0,0,0,0,0,0,0,0,0,0
,,,,,,,,,,,,,,,,,,,,,,,,,,,,,,,,,,,,,,,,,,,,Surge,0,0,0,0,0,0,0,0,0,0,0,0,0,0,0,0,0,0,0,0,0,0,0,0,0,0,0,0,,,,,,Desert Siege,Royal Ravens,1,B,D,X,,,O,,1,A,D,X,1,B,O,,,B,D,,1,B,O,,1,,D,,1,A,O,X,,,,,,,,,,,,,6,,4,3,1,1,1,1,2,2,4,3,2,2,1,1,2,1,,,Guerrillas,0,0,0,,0,0,0,0,0,0,0,0,0,0,0,0,0,0,0,0,0,0,0,,,,,,Berlin,Ultra,1,X,X,5,O,21,,,,,D,0,1,X,X,5,O,15,1,X,,,D,7,,,,,,,3,43,10,,2,2,2,2,2,2,36,2,0,10,2,1,7,1,0,1,0,6,,Guerrillas,0,0,0,,0,0,0,0,0,0,0,0,0,0,0,0,0,0,0,0,0,0,0,0
,,P1,P2,P3,P4,P5,P1,P2,P3,P4,P5,P1,P2,P3,P4,P5,Total,Hills,,P1,PM,H,P2,PM,H,P3,PM,H,P4,PM,H,P5,PM,H,PPH,High,Low,50 Pt Hills,0 pt Hills,50 PHA,Shutouts,,,,,,,,,,,,,,,,,,,,,,Total Pts,,1702,,,5,10,5,10,40,,,,,,Desert Siege,Subliners,,B,O,,1,,D,X,,A,O,,,B,D,X,1,B,O,X,,B,D,X,,,O,X,,A,D,,,,,,,,,,,,,,2,,4,1,2,1,1,0,2,1,4,1,3,1,1,0,2,0,,,Surge,7,1,6,14.29%,4,3,1,2,3,1,1,1,2,0,4,0,4,1,0,1,0,3,0,,,,,,Berlin,Surge,,,,,D,20,1,,X,3,O,5,,,,,D,6,,,X,3,O,3,,,,,,,1,34,6,,2,1,0,0,2,1,8,0,1,6,2,0,26,0,0,0,0,10,,Surge,0,0,0,,0,0,0,0,0,0,0,0,0,0,0,0,0,0,0,0,0,0,0,0
Berlin,Breach,42,17,12,8,12,0,49,26,8,22,20,2,,,,218,12,,62,-25,3,68,37,3,38,-24,2,16,-36,2,34,16,2,18.17,49,0,0,1,1,1,,,,P1,,,,P2,,,,P3,,,,P4,,,,P5,,,,,,,,,,,,,,,,,,,,,,,,,,,,,,,,,,,,,,,,,,,,,,,,,,,,,,,,,,,,,,,,,,,,,,,,,,,,,,,,,,,,,,,,,,,,,,,,,,,,,,,,,,,,,,,,,,,,,,,,,,,,,,,,,,,,,,,,,,,,,,,,,,,,,,,,,,,,,,,,,,,,,,,,,,,,,,,,,,,,,,,,,,,,,,,
Berlin,Ultra,2,24,35,31,17,52,0,27,21,1,33,7,,,,250,,,87,25,3,31,-37,3,62,24,2,52,36,2,18,-16,2,20.83,52,0,1,1,0,1,,,Tuscan,PF,PA,PM,H,PF,PA,PM,H,PF,PA,PM,H,PF,PA,PM,H,PF,PA,PM,H,PF,PA,PM,50 Pt Hills,0 pt Hills,50 PHA,Shutouts,Total Hills,,,,,,,,1,,,,2,,,,3,,,,4,,,,5,,,,6,,,,7,,,,8,,,,9,,,,10,,,,11,,,,,,OFFENSE,,,,,,,,DEFENSE,,,,,,,,,,,TOTAL,,,,,OFFENSE,,,,,,,,,DEFENSE,,,,,,,,,,,,,,,,1,,,,,,2,,,,,,3,,,,,,4,,,,,,5,,,,,,,,,,Offense,,,,,,,,,,Defense,,,,,,,,,,,,,,,,,,,,,,,,,,,,,,,,,
,,,,,,,,,,,,,,,,,,,,,,,,,,,,,,,,,,,,,,,,,,,,Breach,61,96,-35,4,74,85,-11,4,103,88,15,4,90,86,4,4,92,76,16,4,420,431,-11,0,0,0,0,20,,,,,,,,W/L,P,Side,FB,W/L,P,Side,FB,W/L,P,Side,FB,W/L,P,Side,FB,W/L,P,Site,FB,W/L,P,Side,FB,W/L,P,Side,FB,W/L,P,Side,FB,W/L,P,Side,FB,W/L,P,Side,FB,W/L,P,Side,FB,Score,,Rounds,Wins,FB,FBW,AP,APW,BP,BPW,Rounds,Wins,FB,FBW,AP,APW,BP,BPW,,,Tuscan,Rds,W,L,W%,FB,Rds,W,L,FB,FBW,AP,APW,BP,BPW,Rds,W,L,FB,FBW,AP,APW,BP,BPW,,,,,,,,W/L,A,B,Ticks,Side,Lives,W/L,A,B,Ticks,Side,Lives,W/L,A,B,Ticks,Side,Lives,W/L,A,B,Ticks,Side,Lives,W/L,A,B,Ticks,Side,Lives,Score,Lives,Ticks,,Rounds,W,A Caps,A Cap W,B Caps,B Cap W,Lives Left,Cap W's,Wipe W's,Ticks,Rounds,W,Lives Left,A Def,B Def,Defend W's,Wipe W's,Ticks Allow,,,,,,,,,,,,,,,,,,,,,,,,,,
,,P1,P2,P3,P4,P5,P1,P2,P3,P4,P5,P1,P2,P3,P4,P5,Total,Hills,,P1,PM,H,P2,PM,H,P3,PM,H,P4,PM,H,P5,PM,H,PPH,High,Low,50 Pt Hills,0 pt Hills,50 PHA,Shutouts,,,OpTic,177,127,50,8,67,210,-143,6,130,161,-31,6,129,131,-2,6,112,108,4,5,615,737,-122,0,3,1,0,31,,,,,,Berlin,Royal Ravens,,A,D,,1,B,O,,,B,D,,,A,O,,1,A,D,X,,,O,,1,,D,X,1,B,O,X,,A,D,,,,O,,,,,,4,,5,2,1,1,1,0,2,2,5,2,2,2,3,1,1,0,,,Breach,11,5,6,45.45%,4,6,3,3,2,2,2,2,2,1,5,2,3,2,2,3,1,0,0,,,,,,Gavutu,OpTic,,X,,5,O,8,1,,X,,D,13,1,X,X,6,O,26,1,,X,,D,5,,,,,,,3,52,11,,2,1,2,1,1,1,34,1,0,11,2,2,18,0,2,1,1,6,,,,,,,,,,,,,,,,,,,,,,,,,,
Tuscan,FaZe,9,17,25,50,18,19,48,3,40,19,0,,,,,248,11,,28,-58,3,65,35,2,28,-36,2,90,77,2,37,-20,2,22.55,50,0,1,1,0,1,,,Thieves,123,132,-9,7,137,106,31,6,124,164,-40,6,99,181,-82,6,157,129,28,6,640,712,-72,0,2,0,2,31,,,,,,Berlin,Subliners,1,A,O,X,,B,D,X,1,B,O,X,1,A,D,X,,A,O,,1,,D,X,,,O,,,B,D,,1,A,O,X,1,,D,X,,,,,6,,5,3,3,3,3,2,1,1,5,3,4,3,1,1,2,0,,,OpTic,8,6,2,75.00%,7,4,3,1,4,3,2,2,0,0,4,3,1,3,3,0,0,1,0,,,,,,Gavutu,Subliners,1,,X,,D,3,,X,,3,O,9,,,,,D,8,,X,,3,O,0,,,,,,,1,20,6,,2,0,2,0,0,0,9,0,0,6,2,1,11,0,1,1,0,11,,,,,,,,,,,,,,,,,,,,,,,,,,
Tuscan,Surge,36,30,24,5,27,36,0,40,8,30,14,,,,,250,,,86,58,3,30,-35,2,64,36,2,13,-77,2,57,20,2,22.73,40,0,0,1,1,1,,,FaZe,204,227,-23,11,177,162,15,8,176,185,-9,8,260,119,141,8,143,226,-83,8,960,919,41,1,3,0,3,43,,,,,,,,,,,,,,,,,,,,,,,,,,,,,,,,,,,,,,,,,,,,,,,,,,,,,,,,,,,,,,,,,,,,,,,,Thieves,32,18,14,56.25%,16,15,9,6,7,7,8,6,0,0,17,9,8,9,6,4,1,7,3,,,,,,,,,,,,,,,,,,,,,,,,,,,,,,,,,,,,,,,,,,,,,,,,,,,,,,,,,,,,,,,,,,,,,,,,,,,,,,,,,,,,,
,,,,,,,,,,,,,,,,,,,,,,,,,,,,,,,,,,,,,,,,,,,,Mutineers,0,0,0,0,0,0,0,0,0,0,0,0,0,0,0,0,0,0,0,0,0,0,0,0,0,0,0,0,,,,,,,,1,,,,2,,,,3,,,,4,,,,5,,,,6,,,,7,,,,8,,,,9,,,,10,,,,11,,,,,,OFFENSE,,,,,,,,DEFENSE,,,,,,,,,,FaZe,49,25,24,51.02%,24,25,11,14,10,6,5,3,8,4,24,14,10,14,12,8,3,2,0,,,,,,,,1,,,,,,2,,,,,,3,,,,,,4,,,,,,5,,,,,,,,,,Offense,,,,,,,,,,Defense,,,,,,,,,,,,,,,,,,,,,,,,,,,,,,,,,
,,P1,P2,P3,P4,P5,P1,P2,P3,P4,P5,P1,P2,P3,P4,P5,Total,Hills,,P1,PM,H,P2,PM,H,P3,PM,H,P4,PM,H,P5,PM,H,PPH,High,Low,50 Pt Hills,0 pt Hills,50 PHA,Shutouts,,,Subliners,81,153,-72,6,121,52,69,4,88,101,-13,4,73,102,-29,4,84,92,-8,4,447,500,-53,0,0,0,1,22,,,,,,,,W/L,P,Side,FB,W/L,P,Side,FB,W/L,P,Side,FB,W/L,P,Side,FB,W/L,P,Site,FB,W/L,P,Side,FB,W/L,P,Side,FB,W/L,P,Side,FB,W/L,P,Side,FB,W/L,P,Side,FB,W/L,P,Side,FB,Score,,Rounds,Wins,FB,FBW,AP,APW,BP,BPW,Rounds,Wins,FB,FBW,AP,APW,BP,BPW,,,Mutineers,0,0,0,,0,0,0,0,0,0,0,0,0,0,0,0,0,0,0,0,0,0,0,,,,,,,,W/L,A,B,Ticks,Side,Lives,W/L,A,B,Ticks,Side,Lives,W/L,A,B,Ticks,Side,Lives,W/L,A,B,Ticks,Side,Lives,W/L,A,B,Ticks,Side,Lives,Score,Lives,Ticks,,Rounds,W,A Caps,A Cap W,B Caps,B Cap W,Lives Left,Cap W's,Wipe W's,Ticks,Rounds,W,Lives Left,A Def,B Def,Defend W's,Wipe W's,Ticks Allow,,,,,,,,,,,,,,,,,,,,,,,,,,
Berlin,FaZe,27,12,44,2,15,52,19,0,32,12,29,0,,,,244,12,,108,66,3,31,-31,3,44,-8,2,34,-10,2,27,-23,2,20.33,52,0,1,2,0,1,,,Rokkr,0,0,0,0,0,0,0,0,0,0,0,0,0,0,0,0,0,0,0,0,0,0,0,0,0,0,0,0,,,,,,Desert Siege,Breach,1,B,D,,1,B,O,,1,A,D,X,1,B,O,X,1,,D,X,1,B,O,X,,,,,,,,,,,,,,,,,,,,,6,,3,3,2,2,0,0,3,3,3,3,2,2,1,1,1,1,,,Subliners,18,8,10,44.44%,6,9,3,6,3,3,2,1,2,2,9,5,4,3,3,2,0,2,2,,,,,,Berlin,Thieves,1,X,X,6,O,10,1,X,X,,D,6,1,X,X,6,O,11,,,,,,,,,,,,,3,27,12,,2,2,2,2,2,2,21,2,0,12,1,1,6,1,1,1,0,4,,,,,,,,,,,,,,,,,,,,,,,,,,
Berlin,Surge,18,26,3,42,22,0,17,49,2,28,24,19,,,,250,,,42,-66,3,62,31,3,52,8,2,44,10,2,50,23,2,20.83,49,0,0,1,1,2,,,Royal Ravens,11,82,-71,2,63,18,45,2,31,67,-36,2,29,51,-22,2,14,32,-18,1,148,250,-102,0,1,1,0,9,,,,,,Desert Siege,Ultra,,B,O,X,,B,D,X,,A,O,,,B,D,,,,O,,,B,D,,,,,,,,,,,,,,,,,,,,,,0,,3,0,1,0,1,0,1,0,3,0,1,0,0,0,3,0,,,Rokkr,0,0,0,,0,0,0,0,0,0,0,0,0,0,0,0,0,0,0,0,0,0,0,,,,,,Berlin,FaZe,,,,,D,8,,,,4,O,4,,,,,D,15,,,,,,,,,,,,,0,27,4,,1,0,0,0,0,0,4,0,0,4,2,0,23,0,0,0,0,12,,,,,,,,,,,,,,,,,,,,,,,,,,
,,,,,,,,,,,,,,,,,,,,,,,,,,,,,,,,,,,,,,,,,,,,Legion,0,0,0,0,0,0,0,0,0,0,0,0,0,0,0,0,0,0,0,0,0,0,0,0,0,0,0,0,,,,,,,,,,,,,,,,,,,,,,,,,,,,,,,,,,,,,,,,,,,,,,,,,,,,,,,,,,,,,,,,,,,,,,,,Royal Ravens,0,0,0,,0,0,0,0,0,0,0,0,0,0,0,0,0,0,0,0,0,0,0,,,,,,,,,,,,,,,,,,,,,,,,,,,,,,,,,,,,,,,,,,,,,,,,,,,,,,,,,,,,,,,,,,,,,,,,,,,,,,,,,,,,,
,,P1,P2,P3,P4,P5,P1,P2,P3,P4,P5,P1,P2,P3,P4,P5,Total,Hills,,P1,PM,H,P2,PM,H,P3,PM,H,P4,PM,H,P5,PM,H,PPH,High,Low,50 Pt Hills,0 pt Hills,50 PHA,Shutouts,,,Ultra,178,150,28,8,108,150,-42,6,136,133,3,6,175,97,78,6,141,115,26,6,738,645,93,0,1,1,1,32,,,,,,,,1,,,,2,,,,3,,,,4,,,,5,,,,6,,,,7,,,,8,,,,9,,,,10,,,,11,,,,,,OFFENSE,,,,,,,,DEFENSE,,,,,,,,,,Legion,0,0,0,,0,0,0,0,0,0,0,0,0,0,0,0,0,0,0,0,0,0,0,,,,,,,,1,,,,,,2,,,,,,3,,,,,,4,,,,,,5,,,,,,,,,,Offense,,,,,,,,,,Defense,,,,,,,,,,,,,,,,,,,,,,,,,,,,,,,,,
Gavutu,OpTic,14,7,9,6,16,2,4,,,,,,,,,58,7,,16,-56,2,11,-55,2,9,-32,1,6,-43,1,16,-6,1,8.29,16,2,0,0,0,0,,,Guerrillas,0,0,0,0,0,0,0,0,0,0,0,0,0,0,0,0,0,0,0,0,0,0,0,0,0,0,0,0,,,,,,,,W/L,P,Side,FB,W/L,P,Side,FB,W/L,P,Side,FB,W/L,P,Side,FB,W/L,P,Site,FB,W/L,P,Side,FB,W/L,P,Side,FB,W/L,P,Side,FB,W/L,P,Side,FB,W/L,P,Side,FB,W/L,P,Side,FB,Score,,Rounds,Wins,FB,FBW,AP,APW,BP,BPW,Rounds,Wins,FB,FBW,AP,APW,BP,BPW,,,Ultra,0,0,0,,0,0,0,0,0,0,0,0,0,0,0,0,0,0,0,0,0,0,0,,,,,,,,W/L,A,B,Ticks,Side,Lives,W/L,A,B,Ticks,Side,Lives,W/L,A,B,Ticks,Side,Lives,W/L,A,B,Ticks,Side,Lives,W/L,A,B,Ticks,Side,Lives,Score,Lives,Ticks,,Rounds,W,A Caps,A Cap W,B Caps,B Cap W,Lives Left,Cap W's,Wipe W's,Ticks,Rounds,W,Lives Left,A Def,B Def,Defend W's,Wipe W's,Ticks Allow,,,,,,,,,,,,,,,,,,,,,,,,,,
Gavutu,Thieves,28,44,41,49,22,44,22,,,,,,,,,250,,,72,56,2,66,55,2,41,32,1,49,43,1,22,6,1,35.71,49,22,0,0,0,0,,,Surge,262,130,132,10,209,173,36,8,234,123,111,8,138,226,-88,8,157,122,35,6,1000,774,226,3,2,1,5,40,,,,,,Berlin,FaZe,,A,D,,1,B,O,X,1,,D,X,1,B,O,X,1,,D,X,,,O,,1,A,D,X,1,A,O,X,,,,,,,,,,,,,6,,4,3,3,3,1,1,2,2,4,3,3,3,2,1,0,0,,,Guerrillas,0,0,0,,0,0,0,0,0,0,0,0,0,0,0,0,0,0,0,0,0,0,0,,,,,,Tuscan,OpTic,,X,,4,O,0,1,,X,,D,8,,X,,3,O,7,1,X,X,,D,15,,X,,3,O,0,2,30,10,,3,0,3,0,0,0,7,0,0,10,2,2,23,1,2,1,1,8,,,,,,,,,,,,,,,,,,,,,,,,,,
,,,,,,,,,,,,,,,,,,,,,,,,,,,,,,,,,,,,,,,,,,,,,,,,,,,,,,,,,,,,,,,Total Pts,,4968,,,4,12,4,12,114,,,,,,Berlin,Surge,1,A,O,X,,B,D,,,,O,,,B,D,,,,O,,1,,D,X,,A,O,,,A,D,,,,,,,,,,,,,,2,,4,1,1,1,2,1,0,0,4,1,1,1,1,0,2,0,,,Surge,18,6,12,33.33%,11,9,2,7,4,2,1,0,1,1,9,4,5,7,4,3,1,1,0,,,,,,Tuscan,Surge,1,,X,,D,6,,X,,5,O,0,1,,X,,D,7,,,,3,O,5,1,,X,,D,1,3,19,8,,2,0,1,0,0,0,5,0,0,8,3,3,14,0,3,1,2,10,,,,,,,,,,,,,,,,,,,,,,,,,,
,,P1,P2,P3,P4,P5,P1,P2,P3,P4,P5,P1,P2,P3,P4,P5,Total,Hills,,P1,PM,H,P2,PM,H,P3,PM,H,P4,PM,H,P5,PM,H,PPH,High,Low,50 Pt Hills,0 pt Hills,50 PHA,Shutouts,,,,P1,,,,P2,,,,P3,,,,P4,,,,P5,,,,,,,,,,,,,,,,,,,,,,,,,,,,,,,,,,,,,,,,,,,,,,,,,,,,,,,,,,,,,,,,,,,,,,,,,,,,,,,,,,,,,,,,,,,,,,,,,,,,,,,,,,,,,,,,,,,,,,,,,,,,,,,,,,,,,,,,,,,,,,,,,,,,,,,,,,,,,,,,,,,,,,,,,,,,,,,,,,,,,,,,,,,,,,,
Tuscan,Surge,40,22,38,2,26,1,53,18,31,0,19,,,,,250,11,,60,8,3,75,50,2,56,31,2,33,-32,2,26,-45,2,22.73,53,0,1,1,0,1,,,,PF,PA,PM,H,PF,PA,PM,H,PF,PA,PM,H,PF,PA,PM,H,PF,PA,PM,H,PF,PA,PM,50 Pt Hills,0 pt Hills,50 PHA,Shutouts,Total Hills,,,,,,,,1,,,,2,,,,3,,,,4,,,,5,,,,6,,,,7,,,,8,,,,9,,,,10,,,,11,,,,,,OFFENSE,,,,,,,,DEFENSE,,,,,,,,,,,TOTAL,,,,,OFFENSE,,,,,,,,,DEFENSE,,,,,,,,,,,,,,,,1,,,,,,2,,,,,,3,,,,,,4,,,,,,5,,,,,,,,,,Offense,,,,,,,,,,Defense,,,,,,,,,,,,,,,,,,,,,,,,,,,,,,,,,
Tuscan,Ultra,3,25,6,42,25,42,0,19,23,46,7,,,,,238,,,52,-8,3,25,-50,2,25,-31,2,65,32,2,71,45,2,21.64,46,0,0,1,1,1,,,Breach,0,0,0,0,0,0,0,0,0,0,0,0,0,0,0,0,0,0,0,0,0,0,0,0,0,0,0,0,,,,,,,,W/L,P,Side,FB,W/L,P,Side,FB,W/L,P,Side,FB,W/L,P,Side,FB,W/L,P,Site,FB,W/L,P,Side,FB,W/L,P,Side,FB,W/L,P,Side,FB,W/L,P,Side,FB,W/L,P,Side,FB,W/L,P,Side,FB,Score,,Rounds,Wins,FB,FBW,AP,APW,BP,BPW,Rounds,Wins,FB,FBW,AP,APW,BP,BPW,,,,Rds,W,L,W%,FB,Rds,W,L,FB,FBW,AP,APW,BP,BPW,Rds,W,L,FB,FBW,AP,APW,BP,BPW,,,,,,,,W/L,A,B,Ticks,Side,Lives,W/L,A,B,Ticks,Side,Lives,W/L,A,B,Ticks,Side,Lives,W/L,A,B,Ticks,Side,Lives,W/L,A,B,Ticks,Side,Lives,Score,Lives,Ticks,,Rounds,W,A Caps,A Cap W,B Caps,B Cap W,Lives Left,Cap W's,Wipe W's,Ticks,Rounds,W,Lives Left,A Def,B Def,Defend W's,Wipe W's,Ticks Allow,,,,,,,,,,,,,,,,,,,,,,,,,,
,,,,,,,,,,,,,,,,,,,,,,,,,,,,,,,,,,,,,,,,,,,,OpTic,0,0,0,0,0,0,0,0,0,0,0,0,0,0,0,0,0,0,0,0,0,0,0,0,0,0,0,0,,,,,,Tuscan,Surge,1,,D,X,,,O,X,,,D,X,1,,O,X,1,,D,X,,A,O,,,,D,,1,B,O,X,1,A,D,X,,,O,X,,A,D,,5,,5,2,4,2,1,0,1,1,6,3,4,3,2,1,0,0,,,Breach,0,0,0,,0,0,0,0,0,0,0,0,0,0,0,0,0,0,0,0,0,0,0,,,,,,Tuscan,Surge,1,X,X,6,O,4,1,,X,,D,11,,X,,4,O,0,,,,,D,0,,,,,D,4,2,19,10,,2,1,2,1,1,1,4,1,0,10,3,1,15,0,1,1,0,13,,,,,,,,,,,,,,,,,,,,,,,,,,
,,P1,P2,P3,P4,P5,P1,P2,P3,P4,P5,P1,P2,P3,P4,P5,Total,Hills,,P1,PM,H,P2,PM,H,P3,PM,H,P4,PM,H,P5,PM,H,PPH,High,Low,50 Pt Hills,0 pt Hills,50 PHA,Shutouts,,,Thieves,0,0,0,0,0,0,0,0,0,0,0,0,0,0,0,0,0,0,0,0,0,0,0,0,0,0,0,0,,,,,,Tuscan,FaZe,,,O,,1,,D,,1,,O,,,,D,,,,O,,1,A,D,X,1,,O,X,,B,D,,,A,O,,1,,D,,1,A,O,X,6,,6,3,2,2,2,1,0,0,5,3,1,1,1,1,1,0,,,OpTic,0,0,0,,0,0,0,0,0,0,0,0,0,0,0,0,0,0,0,0,0,0,0,,,,,,Tuscan,FaZe,,,,,D,2,,X,,3,O,3,1,,X,,D,4,1,X,,4,O,12,1,X,X,6,O,16,3,37,13,,3,2,3,2,1,1,31,1,1,13,2,1,6,0,1,0,1,10,,,,,,,,,,,,,,,,,,,,,,,,,,
Berlin,Surge,46,44,30,43,14,3,16,36,3,1,14,,,,,250,11,,63,12,3,60,23,2,66,29,2,46,7,2,15,-26,2,22.73,46,1,0,0,0,1,,,FaZe,0,0,0,0,0,0,0,0,0,0,0,0,0,0,0,0,0,0,0,0,0,0,0,0,0,0,0,0,,,,,,,,,,,,,,,,,,,,,,,,,,,,,,,,,,,,,,,,,,,,,,,,,,,,,,,,,,,,,,,,,,,,,,,,Thieves,0,0,0,,0,0,0,0,0,0,0,0,0,0,0,0,0,0,0,0,0,0,0,,,,,,,,,,,,,,,,,,,,,,,,,,,,,,,,,,,,,,,,,,,,,,,,,,,,,,,,,,,,,,,,,,,,,,,,,,,,,,,,,,,,,
Berlin,Ultra,2,1,24,5,7,49,36,13,34,34,0,,,,,205,,,51,-12,3,37,-23,2,37,-29,2,39,-7,2,41,26,2,18.64,49,0,0,1,0,0,,,Mutineers,0,0,0,0,0,0,0,0,0,0,0,0,0,0,0,0,0,0,0,0,0,0,0,0,0,0,0,0,,,,,,,,1,,,,2,,,,3,,,,4,,,,5,,,,6,,,,7,,,,8,,,,9,,,,10,,,,11,,,,,,OFFENSE,,,,,,,,DEFENSE,,,,,,,,,,FaZe,0,0,0,,0,0,0,0,0,0,0,0,0,0,0,0,0,0,0,0,0,0,0,,,,,,,,1,,,,,,2,,,,,,3,,,,,,4,,,,,,5,,,,,,,,,,Offense,,,,,,,,,,Defense,,,,,,,,,,,,,,,,,,,,,,,,,,,,,,,,,
,,,,,,,,,,,,,,,,,,,,,,,,,,,,,,,,,,,,,,,,,,,,Subliners,0,0,0,0,0,0,0,0,0,0,0,0,0,0,0,0,0,0,0,0,0,0,0,0,0,0,0,0,,,,,,,,W/L,P,Side,FB,W/L,P,Side,FB,W/L,P,Side,FB,W/L,P,Side,FB,W/L,P,Site,FB,W/L,P,Side,FB,W/L,P,Side,FB,W/L,P,Side,FB,W/L,P,Side,FB,W/L,P,Side,FB,W/L,P,Side,FB,Score,,Rounds,Wins,FB,FBW,AP,APW,BP,BPW,Rounds,Wins,FB,FBW,AP,APW,BP,BPW,,,Mutineers,0,0,0,,0,0,0,0,0,0,0,0,0,0,0,0,0,0,0,0,0,0,0,,,,,,,,W/L,A,B,Ticks,Side,Lives,W/L,A,B,Ticks,Side,Lives,W/L,A,B,Ticks,Side,Lives,W/L,A,B,Ticks,Side,Lives,W/L,A,B,Ticks,Side,Lives,Score,Lives,Ticks,,Rounds,W,A Caps,A Cap W,B Caps,B Cap W,Lives Left,Cap W's,Wipe W's,Ticks,Rounds,W,Lives Left,A Def,B Def,Defend W's,Wipe W's,Ticks Allow,,,,,,,,,,,,,,,,,,,,,,,,,,
,,P1,P2,P3,P4,P5,P1,P2,P3,P4,P5,P1,P2,P3,P4,P5,Total,Hills,,P1,PM,H,P2,PM,H,P3,PM,H,P4,PM,H,P5,PM,H,PPH,High,Low,50 Pt Hills,0 pt Hills,50 PHA,Shutouts,,,Rokkr,0,0,0,0,0,0,0,0,0,0,0,0,0,0,0,0,0,0,0,0,0,0,0,0,0,0,0,0,,,,,,Berlin,Thieves,,B,D,,1,,O,X,1,,D,X,1,A,O,,,B,D,,1,,O,,,,D,,1,B,O,X,,A,D,,1,,O,X,,,,,6,,5,5,3,3,1,1,1,1,5,1,1,1,1,0,2,0,,,Subliners,0,0,0,,0,0,0,0,0,0,0,0,0,0,0,0,0,0,0,0,0,0,0,,,,,,Gavutu,FaZe,,,,1,O,12,1,,X,,D,16,,X,,3,O,3,1,,X,,D,9,,X,,5,O,2,2,42,9,,3,0,2,0,0,0,17,0,0,9,2,2,25,0,2,2,0,6,,,,,,,,,,,,,,,,,,,,,,,,,,
Tuscan,Subliners,3,48,19,16,15,29,19,35,32,13,8,,,,,237,11,,40,-28,3,67,38,2,54,2,2,48,9,2,28,-34,2,21.55,48,3,0,0,0,1,,,Royal Ravens,0,0,0,0,0,0,0,0,0,0,0,0,0,0,0,0,0,0,0,0,0,0,0,0,0,0,0,0,,,,,,Berlin,OpTic,1,B,O,X,,,D,,,,O,,,A,D,X,1,B,O,X,,,D,X,1,,O,X,,B,D,,1,A,O,X,,,D,,,,,,4,,5,4,4,4,1,1,2,2,5,0,2,0,1,0,1,0,,,Rokkr,0,0,0,,0,0,0,0,0,0,0,0,0,0,0,0,0,0,0,0,0,0,0,,,,,,Gavutu,Thieves,1,X,X,,D,18,,X,,3,O,7,1,,X,,D,8,,X,,3,O,5,1,,X,,D,2,3,40,6,,2,0,2,0,0,0,12,0,0,6,3,3,28,1,3,3,0,9,,,,,,,,,,,,,,,,,,,,,,,,,,
Tuscan,OpTic,43,0,35,26,35,9,29,17,13,27,16,,,,,250,,,68,28,3,29,-38,2,52,-2,2,39,-9,2,62,34,2,22.73,43,0,0,1,0,0,,,Legion,0,0,0,0,0,0,0,0,0,0,0,0,0,0,0,0,0,0,0,0,0,0,0,0,0,0,0,0,,,,,,,,,,,,,,,,,,,,,,,,,,,,,,,,,,,,,,,,,,,,,,,,,,,,,,,,,,,,,,,,,,,,,,,,Royal Ravens,0,0,0,,0,0,0,0,0,0,0,0,0,0,0,0,0,0,0,0,0,0,0,,,,,,,,,,,,,,,,,,,,,,,,,,,,,,,,,,,,,,,,,,,,,,,,,,,,,,,,,,,,,,,,,,,,,,,,,,,,,,,,,,,,,
,,,,,,,,,,,,,,,,,,,,,,,,,,,,,,,,,,,,,,,,,,,,Ultra,0,0,0,0,0,0,0,0,0,0,0,0,0,0,0,0,0,0,0,0,0,0,0,0,0,0,0,0,,,,,,,,1,,,,2,,,,3,,,,4,,,,5,,,,6,,,,7,,,,8,,,,9,,,,10,,,,11,,,,,,OFFENSE,,,,,,,,DEFENSE,,,,,,,,,,Legion,0,0,0,,0,0,0,0,0,0,0,0,0,0,0,0,0,0,0,0,0,0,0,,,,,,,,1,,,,,,2,,,,,,3,,,,,,4,,,,,,5,,,,,,,,,,Offense,,,,,,,,,,Defense,,,,,,,,,,,,,,,,,,,,,,,,,,,,,,,,,
,,P1,P2,P3,P4,P5,P1,P2,P3,P4,P5,P1,P2,P3,P4,P5,Total,Hills,,P1,PM,H,P2,PM,H,P3,PM,H,P4,PM,H,P5,PM,H,PPH,High,Low,50 Pt Hills,0 pt Hills,50 PHA,Shutouts,,,Guerrillas,0,0,0,0,0,0,0,0,0,0,0,0,0,0,0,0,0,0,0,0,0,0,0,0,0,0,0,0,,,,,,,,W/L,P,Side,FB,W/L,P,Side,FB,W/L,P,Side,FB,W/L,P,Side,FB,W/L,P,Site,FB,W/L,P,Side,FB,W/L,P,Side,FB,W/L,P,Side,FB,W/L,P,Side,FB,W/L,P,Side,FB,W/L,P,Side,FB,Score,,Rounds,Wins,FB,FBW,AP,APW,BP,BPW,Rounds,Wins,FB,FBW,AP,APW,BP,BPW,,,Ultra,0,0,0,,0,0,0,0,0,0,0,0,0,0,0,0,0,0,0,0,0,0,0,,,,,,,,W/L,A,B,Ticks,Side,Lives,W/L,A,B,Ticks,Side,Lives,W/L,A,B,Ticks,Side,Lives,W/L,A,B,Ticks,Side,Lives,W/L,A,B,Ticks,Side,Lives,Score,Lives,Ticks,,Rounds,W,A Caps,A Cap W,B Caps,B Cap W,Lives Left,Cap W's,Wipe W's,Ticks,Rounds,W,Lives Left,A Def,B Def,Defend W's,Wipe W's,Ticks Allow,,,,,,,,,,,,,,,,,,,,,,,,,,
Tuscan,FaZe,13,0,30,45,9,25,17,46,14,40,11,,,,,250,11,,49,-4,3,17,-51,2,76,63,2,59,26,2,49,7,2,22.73,46,0,0,1,0,2,,,Surge,0,0,0,0,0,0,0,0,0,0,0,0,0,0,0,0,0,0,0,0,0,0,0,0,0,0,0,0,,,,,,Bocage,Surge,1,A,D,X,,B,O,X,1,,D,X,1,A,O,X,1,A,D,X,,B,O,,1,,D,X,,A,O,X,1,,D,,,,,,,,,,6,,4,1,3,1,2,1,2,0,5,5,4,4,2,2,0,0,,,Guerrillas,0,0,0,,0,0,0,0,0,0,0,0,0,0,0,0,0,0,0,0,0,0,0,,,,,,Berlin,Thieves,,,X,5,O,1,1,X,,,D,11,1,X,X,6,O,4,,,,,D,0,,,,,D,3,2,19,11,,2,1,1,1,2,1,5,1,0,11,3,1,14,1,0,1,0,14,,,,,,,,,,,,,,,,,,,,,,,,,,
Tuscan,Thieves,34,48,13,1,30,19,20,0,32,12,0,,,,,209,,,53,4,3,68,51,2,13,-63,2,33,-26,2,42,-7,2,19,48,0,0,2,0,1,,,,,,,,,,,,,,,,,,,,,,Total Pts,,0,,,0,0,0,0,0,,,,,,Bocage,Ultra,,A,O,,1,B,D,,,,O,,,A,D,,,A,O,,1,B,D,X,,,O,,1,A,D,,,,O,X,,,,,,,,,3,,5,0,1,0,2,0,0,0,4,3,1,1,2,1,2,2,,,Surge,0,0,0,,0,0,0,0,0,0,0,0,0,0,0,0,0,0,0,0,0,0,0,,,,,,Berlin,FaZe,1,X,,,D,9,,,X,4,O,4,,,,,D,3,1,,X,5,O,7,1,X,X,5,O,12,3,35,14,,3,2,1,1,3,2,23,1,1,14,2,1,12,1,0,1,0,11,,,,,,,,,,,,,,,,,,,,,,,,,,
,,,,,,,,,,,,,,,,,,,,,,,,,,,,,,,,,,,,,,,,,,,,,P1,,,,P2,,,,P3,,,,P4,,,,P5,,,,,,,,,,,,,,,,,,,,,,,,,,,,,,,,,,,,,,,,,,,,,,,,,,,,,,,,,,,,,,,,,,,,,,,,,,,,,,,,,,,,,,,,,,,,,,,,,,,,,,,,,,,,,,,,,,,,,,,,,,,,,,,,,,,,,,,,,,,,,,,,,,,,,,,,,,,,,,,,,,,,,,,,,,,,,,,,,,,,,,,,,,,,,,,
,,P1,P2,P3,P4,P5,P1,P2,P3,P4,P5,P1,P2,P3,P4,P5,Total,Hills,,P1,PM,H,P2,PM,H,P3,PM,H,P4,PM,H,P5,PM,H,PPH,High,Low,50 Pt Hills,0 pt Hills,50 PHA,Shutouts,,,Total,PF,PA,PM,H,PF,PA,PM,H,PF,PA,PM,H,PF,PA,PM,H,PF,PA,PM,H,PF,PA,PM,50 Pt Hills,0 pt Hills,50 PHA,Shutouts,Total Hills,,,,,,,,1,,,,2,,,,3,,,,4,,,,5,,,,6,,,,7,,,,8,,,,9,,,,10,,,,11,,,,,,OFFENSE,,,,,,,,DEFENSE,,,,,,,,,,,,,,,,,,,,,,,,,,,,,,,,,,,,,,,,,1,,,,,,2,,,,,,3,,,,,,4,,,,,,5,,,,,,,,,,Offense,,,,,,,,,,Defense,,,,,,,,,,,,,,,,,,,,,,,,,,,,,,,,,
Berlin,FaZe,28,4,0,12,12,0,14,1,,,,,,,,71,8,,28,-43,2,18,-45,2,1,-90,2,12,0,1,12,-1,1,8.88,28,0,0,2,2,0,,,Breach,170,240,-70,9,191,153,38,9,191,198,-7,8,119,197,-78,8,133,143,-10,8,804,931,-127,0,3,1,1,42,,,,,,,,W/L,P,Side,FB,W/L,P,Side,FB,W/L,P,Side,FB,W/L,P,Side,FB,W/L,P,Site,FB,W/L,P,Side,FB,W/L,P,Side,FB,W/L,P,Side,FB,W/L,P,Side,FB,W/L,P,Side,FB,W/L,P,Side,FB,Score,,Rounds,Wins,FB,FBW,AP,APW,BP,BPW,Rounds,Wins,FB,FBW,AP,APW,BP,BPW,,,,,,,,,,,,,,,,,,,,,,,,,,,,,,,,,,W/L,A,B,Ticks,Side,Lives,W/L,A,B,Ticks,Side,Lives,W/L,A,B,Ticks,Side,Lives,W/L,A,B,Ticks,Side,Lives,W/L,A,B,Ticks,Side,Lives,Score,Lives,Ticks,,Rounds,W,A Caps,A Cap W,B Caps,B Cap W,Lives Left,Cap W's,Wipe W's,Ticks,Rounds,W,Lives Left,A Def,B Def,Defend W's,Wipe W's,Ticks Allow,,,,,,,,,,,,,,,,,,,,,,,,,,
Berlin,Thieves,20,38,57,12,13,51,25,34,,,,,,,,250,,,71,43,2,63,45,2,91,90,2,12,0,1,13,1,1,31.25,57,12,2,0,0,2,,,OpTic,293,292,1,16,170,341,-171,13,211,332,-121,11,206,247,-41,11,218,187,31,10,1098,1399,-301,0,5,3,3,61,,,,,,Tuscan,Subliners,1,,D,,,,O,,,,D,,1,B,O,X,,A,D,,,,O,,,A,D,,,,O,,,,,,,,,,,,,,2,,4,1,1,1,0,0,1,1,4,1,0,0,2,0,0,0,,,,,,,,,,,,,,,,,,,,,,,,,,,,,,,,,,,,,,,,,,,,,,,,,,,,,,,,,,,,,,,,0,0,0,,0,0,0,0,0,0,0,0,0,0,0,0,0,0,0,0,0,0,,,,,,,,,,,,,,,,,,,,,,,,,,
,,,,,,,,,,,,,,,,,,,,,,,,,,,,,,,,,,,,,,,,,,,,Thieves,358,268,90,15,341,240,101,14,399,231,168,13,236,291,-55,12,306,164,142,12,1640,1194,446,2,3,1,9,66,,,,,,Tuscan,OpTic,,,O,X,1,,D,X,1,,O,X,,B,D,,1,A,O,X,1,,D,X,1,A,O,X,1,,D,X,,,,,,,,,,,,,6,,4,3,4,3,2,2,0,0,4,3,3,3,0,0,1,0,,,,,,,,,,,,,,,,,,,,,,,,,,,,,,,,,,,,,,,,,,,,,,,,,,,,,,,,,,,,,,,,0,0,0,,0,0,0,0,0,0,0,0,0,0,0,0,0,0,0,0,0,0,,,,,,,,,,,,,,,,,,,,,,,,,,
,,P1,P2,P3,P4,P5,P1,P2,P3,P4,P5,P1,P2,P3,P4,P5,Total,Hills,,P1,PM,H,P2,PM,H,P3,PM,H,P4,PM,H,P5,PM,H,PPH,High,Low,50 Pt Hills,0 pt Hills,50 PHA,Shutouts,,,FaZe,519,527,-8,27,421,469,-48,22,319,572,-253,20,515,323,192,19,331,468,-137,19,2105,2359,-254,3,13,3,7,107,,,,,,,,,,,,,,,,,,,,,,,,,,,,,,,,,,,,,,,,,,,,,,,,,,,,,,,,,,,,,,,,,,,,,,,,,,,,,,,,,,,,,,,,,,,,,,,,,,,,,,,,,,,,,,,,,,,,,,,,,,,,,,,,,,,,,,,,,,,,,,,,,,,,,,,,,,,,,,,,,,,,,,,,,,,,,,,,,,,,
Tuscan,Surge,31,57,29,15,42,3,29,18,26,,,,,,,250,9,,34,-5,2,86,66,2,47,8,2,41,-1,2,42,42,1,27.78,57,3,1,0,0,2,,,Mutineers,0,0,0,0,0,0,0,0,0,0,0,0,0,0,0,0,0,0,0,0,0,0,0,0,0,0,0,0,,,,,,,,1,,,,2,,,,3,,,,4,,,,5,,,,6,,,,7,,,,8,,,,9,,,,10,,,,11,,,,,,OFFENSE,,,,,,,,DEFENSE,,,,,,,,,,,,,,,,,,,,,,,,,,,,,,,,,,,,,,,,,1,,,,,,2,,,,,,3,,,,,,4,,,,,,5,,,,,,,,,,Offense,,,,,,,,,,Defense,,,,,,,,,,,,,,,,,,,,,,,,,,,,,,,,,
Tuscan,OpTic,9,0,15,36,0,30,20,24,6,,,,,,,140,,,39,5,2,20,-66,2,39,-8,2,42,1,2,0,-42,1,15.56,36,0,0,2,1,0,,,Subliners,166,229,-63,15,302,133,169,11,242,198,44,10,185,270,-85,10,175,245,-70,10,1070,1075,-5,2,3,2,5,56,,,,,,,,W/L,P,Side,FB,W/L,P,Side,FB,W/L,P,Side,FB,W/L,P,Side,FB,W/L,P,Site,FB,W/L,P,Side,FB,W/L,P,Side,FB,W/L,P,Side,FB,W/L,P,Side,FB,W/L,P,Side,FB,W/L,P,Side,FB,Score,,Rounds,Wins,FB,FBW,AP,APW,BP,BPW,Rounds,Wins,FB,FBW,AP,APW,BP,BPW,,,,,,,,,,,,,,,,,,,,,,,,,,,,,,,,,,W/L,A,B,Ticks,Side,Lives,W/L,A,B,Ticks,Side,Lives,W/L,A,B,Ticks,Side,Lives,W/L,A,B,Ticks,Side,Lives,W/L,A,B,Ticks,Side,Lives,Score,Lives,Ticks,,Rounds,W,A Caps,A Cap W,B Caps,B Cap W,Lives Left,Cap W's,Wipe W's,Ticks,Rounds,W,Lives Left,A Def,B Def,Defend W's,Wipe W's,Ticks Allow,,,,,,,,,,,,,,,,,,,,,,,,,,
,,,,,,,,,,,,,,,,,,,,,,,,,,,,,,,,,,,,,,,,,,,,Rokkr,0,0,0,0,0,0,0,0,0,0,0,0,0,0,0,0,0,0,0,0,0,0,0,0,0,0,0,0,,,,,,Tuscan,FaZe,,A,D,,1,,O,X,,A,D,X,1,B,O,,,A,D,,1,A,O,X,,,D,X,,,O,X,1,,D,X,,,O,,,,,,4,,5,3,3,2,1,1,1,1,5,1,3,1,3,0,0,0,,,,,,,,,,,,,,,,,,,,,,,,,,,,,,,,,,,,,,,,,,,,,,,,,,,,,,,,,,,,,,,,0,0,0,,0,0,0,0,0,0,0,0,0,0,0,0,0,0,0,0,0,0,,,,,,,,,,,,,,,,,,,,,,,,,,
,,P1,P2,P3,P4,P5,P1,P2,P3,P4,P5,P1,P2,P3,P4,P5,Total,Hills,,P1,PM,H,P2,PM,H,P3,PM,H,P4,PM,H,P5,PM,H,PPH,High,Low,50 Pt Hills,0 pt Hills,50 PHA,Shutouts,,,Royal Ravens,163,282,-119,11,195,144,51,8,123,260,-137,8,193,157,36,8,144,121,23,7,818,964,-146,3,3,2,3,42,,,,,,Tuscan,Thieves,1,A,O,X,,,D,,1,A,O,,,B,D,X,1,A,O,X,,A,D,,1,,O,,1,,D,,,,O,,1,,D,X,,,,,6,,5,4,2,2,3,3,0,0,5,2,2,1,1,0,1,0,,,,,,,,,,,,,,,,,,,,,,,,,,,,,,,,,,,,,,,,,,,,,,,,,,,,,,,,,,,,,,,,0,0,0,,0,0,0,0,0,0,0,0,0,0,0,0,0,0,0,0,0,0,,,,,,,,,,,,,,,,,,,,,,,,,,
Berlin,Surge,9,50,24,0,5,9,10,42,22,25,54,,,,,250,11,,72,-4,3,60,40,2,66,34,2,22,-30,2,30,-10,2,22.73,54,0,2,1,0,1,,,Legion,0,0,0,0,0,0,0,0,0,0,0,0,0,0,0,0,0,0,0,0,0,0,0,0,0,0,0,0,,,,,,,,,,,,,,,,,,,,,,,,,,,,,,,,,,,,,,,,,,,,,,,,,,,,,,,,,,,,,,,,,,,,,,,,,,,,,,,,,,,,,,,,,,,,,,,,,,,,,,,,,,,,,,,,,,,,,,,,,,,,,,,,,,,,,,,,,,,,,,,,,,,,,,,,,,,,,,,,,,,,,,,,,,,,,,,,,,,,
Berlin,OpTic,35,1,31,34,29,41,19,1,18,11,0,,,,,220,,,76,4,3,20,-40,2,32,-34,2,52,30,2,40,10,2,20,41,0,0,1,2,1,,,Ultra,337,299,38,17,181,350,-169,14,299,277,22,12,311,178,133,12,227,214,13,12,1355,1318,37,1,5,1,3,67,,,,,,,,1,,,,2,,,,3,,,,4,,,,5,,,,6,,,,7,,,,8,,,,9,,,,10,,,,11,,,,,,OFFENSE,,,,,,,,DEFENSE,,,,,,,,,,,,,,,,,,,,,,,,,,,,,,,,,,,,,,,,,1,,,,,,2,,,,,,3,,,,,,4,,,,,,5,,,,,,,,,,Offense,,,,,,,,,,Defense,,,,,,,,,,,,,,,,,,,,,,,,,,,,,,,,,
,,,,,,,,,,,,,,,,,,,,,,,,,,,,,,,,,,,,,,,,,,,,Guerrillas,0,0,0,0,0,0,0,0,0,0,0,0,0,0,0,0,0,0,0,0,0,0,0,0,0,0,0,0,,,,,,,,W/L,P,Side,FB,W/L,P,Side,FB,W/L,P,Side,FB,W/L,P,Side,FB,W/L,P,Site,FB,W/L,P,Side,FB,W/L,P,Side,FB,W/L,P,Side,FB,W/L,P,Side,FB,W/L,P,Side,FB,W/L,P,Side,FB,Score,,Rounds,Wins,FB,FBW,AP,APW,BP,BPW,Rounds,Wins,FB,FBW,AP,APW,BP,BPW,,,,,,,,,,,,,,,,,,,,,,,,,,,,,,,,,,W/L,A,B,Ticks,Side,Lives,W/L,A,B,Ticks,Side,Lives,W/L,A,B,Ticks,Side,Lives,W/L,A,B,Ticks,Side,Lives,W/L,A,B,Ticks,Side,Lives,Score,Lives,Ticks,,Rounds,W,A Caps,A Cap W,B Caps,B Cap W,Lives Left,Cap W's,Wipe W's,Ticks,Rounds,W,Lives Left,A Def,B Def,Defend W's,Wipe W's,Ticks Allow,,,,,,,,,,,,,,,,,,,,,,,,,,
,,P1,P2,P3,P4,P5,P1,P2,P3,P4,P5,P1,P2,P3,P4,P5,Total,Hills,,P1,PM,H,P2,PM,H,P3,PM,H,P4,PM,H,P5,PM,H,PPH,High,Low,50 Pt Hills,0 pt Hills,50 PHA,Shutouts,,,Surge,615,484,131,28,480,451,29,21,606,322,284,20,375,477,-102,20,364,356,8,18,2440,2090,350,5,6,3,10,107,,,,,,Bocage,Surge,,,D,,,,O,,1,,D,X,,B,O,,,A,D,X,1,A,O,X,,A,D,X,,,O,,,,,,,,,,,,,,2,,4,1,1,1,1,1,1,0,4,1,3,1,2,0,0,0,,,,,,,,,,,,,,,,,,,,,,,,,,,,,,,,,,,,,,,,,,,,,,,,,,,,,,,,,,,,,,,,0,0,0,,0,0,0,0,0,0,0,0,0,0,0,0,0,0,0,0,0,0,,,,,,,,,,,,,,,,,,,,,,,,,,
Bocage,FaZe,11,15,6,0,16,11,41,8,5,36,1,,,,,150,11,,23,-10,3,56,20,2,14,-62,2,5,-68,2,52,20,2,13.64,41,0,0,1,0,0,,,,,,,,,,,,,,,,,,,,,,Total Pts,,11330,,,16,41,16,41,274,,,,,,Bocage,OpTic,1,,O,X,1,,D,X,,,O,,1,B,D,X,1,A,O,,,A,D,,1,A,O,,1,,D,X,,,,,,,,,,,,,6,,4,3,1,1,2,2,0,0,4,3,3,3,1,0,1,1,,,,,,,,,,,,,,,,,,,,,,,,,,,,,,,,,,,,,,,,,,,,,,,,,,,,,,,,,,,,,,,,0,0,0,,0,0,0,0,0,0,0,0,0,0,0,0,0,0,0,0,0,0,,,,,,,,,,,,,,,,,,,,,,,,,,
Bocage,Surge,11,27,36,35,27,19,9,40,38,5,3,,,,,250,,,33,10,3,36,-20,2,76,62,2,73,68,2,32,-20,2,22.73,40,3,0,0,0,1,,,,,,,,,,,,,,,,,,,,,,,,,,,,,,,,,,,,,,,,,,,,,,,,,,,,,,,,,,,,,,,,,,,,,,,,,,,,,,,,,,,,,,,,,,,,,,,,,,,,,,,,,,,,,,,,,,,,,,,,,,,,,,,,,,,,,,,,,,,,,,,,,,,,,,,,,,,,,,,,,,,,,,,,,,,,,,,,,,,,,,,,,,,,,,,,,,,,,,,,,,,,,,,,,,,
,,,,,,,,,,,,,,,,,,,,,,,,,,,,,,,,,,,,,,,,,,,,,,,,,,,,,,,,,,,,,,,,,,,,,,,,,,,,,,,,1,,,,2,,,,3,,,,4,,,,5,,,,6,,,,7,,,,8,,,,9,,,,10,,,,11,,,,,,OFFENSE,,,,,,,,DEFENSE,,,,,,,,,,,,,,,,,,,,,,,,,,,,,,,,,,,,,,,,,1,,,,,,2,,,,,,3,,,,,,4,,,,,,5,,,,,,,,,,Offense,,,,,,,,,,Defense,,,,,,,,,,,,,,,,,,,,,,,,,,,,,,,,,
,,P1,P2,P3,P4,P5,P1,P2,P3,P4,P5,P1,P2,P3,P4,P5,Total,Hills,,P1,PM,H,P2,PM,H,P3,PM,H,P4,PM,H,P5,PM,H,PPH,High,Low,50 Pt Hills,0 pt Hills,50 PHA,Shutouts,,,,,,,,,,,,,,,,,,,,,,,,,,,,,,,,,,,,,,,W/L,P,Side,FB,W/L,P,Side,FB,W/L,P,Side,FB,W/L,P,Side,FB,W/L,P,Site,FB,W/L,P,Side,FB,W/L,P,Side,FB,W/L,P,Side,FB,W/L,P,Side,FB,W/L,P,Side,FB,W/L,P,Side,FB,Score,,Rounds,Wins,FB,FBW,AP,APW,BP,BPW,Rounds,Wins,FB,FBW,AP,APW,BP,BPW,,,,,,,,,,,,,,,,,,,,,,,,,,,,,,,,,,W/L,A,B,Ticks,Side,Lives,W/L,A,B,Ticks,Side,Lives,W/L,A,B,Ticks,Side,Lives,W/L,A,B,Ticks,Side,Lives,W/L,A,B,Ticks,Side,Lives,Score,Lives,Ticks,,Rounds,W,A Caps,A Cap W,B Caps,B Cap W,Lives Left,Cap W's,Wipe W's,Ticks,Rounds,W,Lives Left,A Def,B Def,Defend W's,Wipe W's,Ticks Allow,,,,,,,,,,,,,,,,,,,,,,,,,,
Berlin,FaZe,28,43,20,26,24,10,19,18,30,11,21,,,,,250,11,,59,16,3,62,36,2,38,-8,2,56,24,2,35,-8,2,22.73,43,10,0,0,0,1,,,,,,,,,,,,,,,,,,,,,,,,,,,,,,,,,,,,,Tuscan,FaZe,1,,D,X,,,O,,1,,D,X,1,A,O,,1,,D,X,1,B,O,,1,,D,X,,,,,,,,,,,,,,,,,6,,3,2,0,0,1,1,1,1,4,4,4,4,0,0,0,0,,,,,,,,,,,,,,,,,,,,,,,,,,,,,,,,,,,,,,,,,,,,,,,,,,,,,,,,,,,,,,,,0,0,0,,0,0,0,0,0,0,0,0,0,0,0,0,0,0,0,0,0,0,,,,,,,,,,,,,,,,,,,,,,,,,,
Berlin,Surge,5,3,28,17,12,38,23,18,15,31,0,,,,,190,,,43,-16,3,26,-36,2,46,8,2,32,-24,2,43,8,2,17.27,38,0,0,1,0,0,,,,,,,,,,,,,,,,,,,,,,,,,,,,,,,,,,,,,Tuscan,Surge,,,O,,1,,D,X,,,O,,,A,D,X,,,O,,,B,D,X,,,O,,,,,,,,,,,,,,,,,,1,,4,0,0,0,0,0,0,0,3,1,3,1,1,0,1,0,,,,,,,,,,,,,,,,,,,,,,,,,,,,,,,,,,,,,,,,,,,,,,,,,,,,,,,,,,,,,,,,0,0,0,,0,0,0,0,0,0,0,0,0,0,0,0,0,0,0,0,0,0,,,,,,,,,,,,,,,,,,,,,,,,,,
,,,,,,,,,,,,,,,,,,,,,,,,,,,,,,,,,,,,,,,,,,,,,,,,,,,,,,,,,,,,,,,,,,,,,,,,,,,,,,,,,,,,,,,,,,,,,,,,,,,,,,,,,,,,,,,,,,,,,,,,,,,,,,,,,,,,,,,,,,,,,,,,,,,,,,,,,,,,,,,,,,,,,,,,,,,,,,,,,,,,,,,,,,,,,,,,,,,,,,,,,,,,,,,,,,,,,,,,,,,,,,,,,,,,,,,,,,,,,,,,,,,,,,,,,,,,
,,P1,P2,P3,P4,P5,P1,P2,P3,P4,P5,P1,P2,P3,P4,P5,Total,Hills,,P1,PM,H,P2,PM,H,P3,PM,H,P4,PM,H,P5,PM,H,PPH,High,Low,50 Pt Hills,0 pt Hills,50 PHA,Shutouts,,,,,,,,,,,,,,,,,,,,,,,,,,,,,,,,,,,,,,,1,,,,2,,,,3,,,,4,,,,5,,,,6,,,,7,,,,8,,,,9,,,,10,,,,11,,,,,,OFFENSE,,,,,,,,DEFENSE,,,,,,,,,,,,,,,,,,,,,,,,,,,,,,,,,,,,,,,,,1,,,,,,2,,,,,,3,,,,,,4,,,,,,5,,,,,,,,,,Offense,,,,,,,,,,Defense,,,,,,,,,,,,,,,,,,,,,,,,,,,,,,,,,
Gavutu,Thieves,3,6,49,17,43,32,32,46,0,22,,,,,,250,10,,35,-10,2,38,-18,2,95,88,2,17,-62,2,65,65,2,25,49,0,0,1,1,3,,,,,,,,,,,,,,,,,,,,,,,,,,,,,,,,,,,,,,,W/L,P,Side,FB,W/L,P,Side,FB,W/L,P,Side,FB,W/L,P,Side,FB,W/L,P,Site,FB,W/L,P,Side,FB,W/L,P,Side,FB,W/L,P,Side,FB,W/L,P,Side,FB,W/L,P,Side,FB,W/L,P,Side,FB,Score,,Rounds,Wins,FB,FBW,AP,APW,BP,BPW,Rounds,Wins,FB,FBW,AP,APW,BP,BPW,,,,,,,,,,,,,,,,,,,,,,,,,,,,,,,,,,W/L,A,B,Ticks,Side,Lives,W/L,A,B,Ticks,Side,Lives,W/L,A,B,Ticks,Side,Lives,W/L,A,B,Ticks,Side,Lives,W/L,A,B,Ticks,Side,Lives,Score,Lives,Ticks,,Rounds,W,A Caps,A Cap W,B Caps,B Cap W,Lives Left,Cap W's,Wipe W's,Ticks,Rounds,W,Lives Left,A Def,B Def,Defend W's,Wipe W's,Ticks Allow,,,,,,,,,,,,,,,,,,,,,,,,,,
Gavutu,FaZe,30,35,0,26,0,15,21,7,53,0,,,,,,187,,,45,10,2,56,18,2,7,-88,2,79,62,2,0,-65,2,18.7,53,0,1,3,0,1,,,,,,,,,,,,,,,,,,,,,,,,,,,,,,,,,,,,,Berlin,Thieves,,B,D,,1,A,O,X,1,,D,X,,,O,,1,,D,X,1,B,O,,1,A,D,,1,A,O,X,,,,,,,,,,,,,6,,4,3,2,2,2,2,1,1,4,3,2,2,1,1,1,0,,,,,,,,,,,,,,,,,,,,,,,,,,,,,,,,,,,,,,,,,,,,,,,,,,,,,,,,,,,,,,,,0,0,0,,0,0,0,0,0,0,0,0,0,0,0,0,0,0,0,0,0,0,,,,,,,,,,,,,,,,,,,,,,,,,,
,,,,,,,,,,,,,,,,,,,,,,,,,,,,,,,,,,,,,,,,,,,,,,,,,,,,,,,,,,,,,,,,,,,,,,,,,,,,,,Berlin,FaZe,1,B,O,X,,A,D,,,,O,,1,,D,X,,,O,,,B,D,X,,A,O,X,,A,D,,,,,,,,,,,,,,2,,4,1,2,1,1,0,1,1,4,1,2,1,2,0,1,0,,,,,,,,,,,,,,,,,,,,,,,,,,,,,,,,,,,,,,,,,,,,,,,,,,,,,,,,,,,,,,,,0,0,0,,0,0,0,0,0,0,0,0,0,0,0,0,0,0,0,0,0,0,,,,,,,,,,,,,,,,,,,,,,,,,,
,,P1,P2,P3,P4,P5,P1,P2,P3,P4,P5,P1,P2,P3,P4,P5,Total,Hills,,P1,PM,H,P2,PM,H,P3,PM,H,P4,PM,H,P5,PM,H,PPH,High,Low,50 Pt Hills,0 pt Hills,50 PHA,Shutouts,,,,,,,,,,,,,,,,,,,,,,,,,,,,,,,,,,,,,,,,,,,,,,,,,,,,,,,,,,,,,,,,,,,,,,,,,,,,,,,,,,,,,,,,,,,,,,,,,,,,,,,,,,,,,,,,,,,,,,,,,,,,,,,,,,,,,,,,,,,,,,,,,,,,,,,,,,,,,,,,,,,,,,,,,,,,,,,,,,,,,,,,,,,,,,,,,,,,,,,,,,,,,,,,,,,
Tuscan,Thieves,12,5,36,43,28,35,5,38,5,43,,,,,,250,10,,47,5,2,10,-62,2,74,51,2,48,0,2,71,44,2,25,43,5,0,0,0,1,,,,,,,,,,,,,,,,,,,,,,,,,,,,,,,,,,,,,,,1,,,,2,,,,3,,,,4,,,,5,,,,6,,,,7,,,,8,,,,9,,,,10,,,,11,,,,,,OFFENSE,,,,,,,,DEFENSE,,,,,,,,,,,,,,,,,,,,,,,,,,,,,,,,,,,,,,,,,1,,,,,,2,,,,,,3,,,,,,4,,,,,,5,,,,,,,,,,Offense,,,,,,,,,,Defense,,,,,,,,,,,,,,,,,,,,,,,,,,,,,,,,,
Tuscan,FaZe,26,34,12,8,27,16,38,11,40,0,,,,,,212,,,42,-5,2,72,62,2,23,-51,2,48,0,2,27,-44,2,21.2,40,0,0,1,0,0,,,,,,,,,,,,,,,,,,,,,,,,,,,,,,,,,,,,,,,W/L,P,Side,FB,W/L,P,Side,FB,W/L,P,Side,FB,W/L,P,Side,FB,W/L,P,Site,FB,W/L,P,Side,FB,W/L,P,Side,FB,W/L,P,Side,FB,W/L,P,Side,FB,W/L,P,Side,FB,W/L,P,Side,FB,Score,,Rounds,Wins,FB,FBW,AP,APW,BP,BPW,Rounds,Wins,FB,FBW,AP,APW,BP,BPW,,,,,,,,,,,,,,,,,,,,,,,,,,,,,,,,,,W/L,A,B,Ticks,Side,Lives,W/L,A,B,Ticks,Side,Lives,W/L,A,B,Ticks,Side,Lives,W/L,A,B,Ticks,Side,Lives,W/L,A,B,Ticks,Side,Lives,Score,Lives,Ticks,,Rounds,W,A Caps,A Cap W,B Caps,B Cap W,Lives Left,Cap W's,Wipe W's,Ticks,Rounds,W,Lives Left,A Def,B Def,Defend W's,Wipe W's,Ticks Allow,,,,,,,,,,,,,,,,,,,,,,,,,,
,,,,,,,,,,,,,,,,,,,,,,,,,,,,,,,,,,,,,,,,,,,,,,,,,,,,,,,,,,,,,,,,,,,,,,,,,,,,,,Bocage,FaZe,,,D,,1,,O,X,1,B,D,,1,B,O,X,1,,D,,1,B,O,X,1,,D,,,,,,,,,,,,,,,,,,6,,3,3,3,3,0,0,2,2,4,3,0,0,0,0,1,1,,,,,,,,,,,,,,,,,,,,,,,,,,,,,,,,,,,,,,,,,,,,,,,,,,,,,,,,,,,,,,,,0,0,0,,0,0,0,0,0,0,0,0,0,0,0,0,0,0,0,0,0,0,,,,,,,,,,,,,,,,,,,,,,,,,,
,,P1,P2,P3,P4,P5,P1,P2,P3,P4,P5,P1,P2,P3,P4,P5,Total,Hills,,P1,PM,H,P2,PM,H,P3,PM,H,P4,PM,H,P5,PM,H,PPH,High,Low,50 Pt Hills,0 pt Hills,50 PHA,Shutouts,,,,,,,,,,,,,,,,,,,,,,,,,,,,,,,,,,,,,Bocage,Thieves,1,,O,X,,,D,,,B,O,X,,B,D,,,,O,X,,B,D,,,,O,X,,,,,,,,,,,,,,,,,1,,4,1,4,1,0,0,1,0,3,0,0,0,0,0,2,0,,,,,,,,,,,,,,,,,,,,,,,,,,,,,,,,,,,,,,,,,,,,,,,,,,,,,,,,,,,,,,,,0,0,0,,0,0,0,0,0,0,0,0,0,0,0,0,0,0,0,0,0,0,,,,,,,,,,,,,,,,,,,,,,,,,,
,,,,,,,,,,,,,,,,,0,0,,0,0,0,0,0,0,0,0,0,0,0,0,0,0,0,,0,0,0,0,0,0,,0,,,,,,,,,,,,,,,,,,,,,,,,,,,,,,,,,,,,,,,,,,,,,,,,,,,,,,,,,,,,,,,,,,,,,,,,,,,,,,,,,,,,,,,,,,,,,,,,,,,,,,,,,,,,,,,,,,,,,,,,,,,,,,,,,,,,,,,,,,,,,,,,,,,,,,,,,,,,,,,,,,,,,,,,,,,,,,,,,,,,,,,,,,,,,,,,,,,,,,,,,,,,,,,,,
,,,,,,,,,,,,,,,,,0,,,0,0,0,0,0,0,0,0,0,0,0,0,0,0,0,,0,0,0,0,0,0,,0,,,,,,,,,,,,,,,,,,,,,,,,,,,,,,,,,,,,,1,,,,2,,,,3,,,,4,,,,5,,,,6,,,,7,,,,8,,,,9,,,,10,,,,11,,,,,,OFFENSE,,,,,,,,DEFENSE,,,,,,,,,,,,,,,,,,,,,,,,,,,,,,,,,,,,,,,,,1,,,,,,2,,,,,,3,,,,,,4,,,,,,5,,,,,,,,,,Offense,,,,,,,,,,Defense,,,,,,,,,,,,,,,,,,,,,,,,,,,,,,,,,
,,,,,,,,,,,,,,,,,,,,,,,,,,,,,,,,,,,,,,,,,,,,,,,,,,,,,,,,,,,,,,,,,,,,,,,,,,,,,,,,W/L,P,Side,FB,W/L,P,Side,FB,W/L,P,Side,FB,W/L,P,Side,FB,W/L,P,Site,FB,W/L,P,Side,FB,W/L,P,Side,FB,W/L,P,Side,FB,W/L,P,Side,FB,W/L,P,Side,FB,W/L,P,Side,FB,Score,,Rounds,Wins,FB,FBW,AP,APW,BP,BPW,Rounds,Wins,FB,FBW,AP,APW,BP,BPW,,,,,,,,,,,,,,,,,,,,,,,,,,,,,,,,,,W/L,A,B,Ticks,Side,Lives,W/L,A,B,Ticks,Side,Lives,W/L,A,B,Ticks,Side,Lives,W/L,A,B,Ticks,Side,Lives,W/L,A,B,Ticks,Side,Lives,Score,Lives,Ticks,,Rounds,W,A Caps,A Cap W,B Caps,B Cap W,Lives Left,Cap W's,Wipe W's,Ticks,Rounds,W,Lives Left,A Def,B Def,Defend W's,Wipe W's,Ticks Allow,,,,,,,,,,,,,,,,,,,,,,,,,,
,,P1,P2,P3,P4,P5,P1,P2,P3,P4,P5,P1,P2,P3,P4,P5,Total,Hills,,P1,PM,H,P2,PM,H,P3,PM,H,P4,PM,H,P5,PM,H,PPH,High,Low,50 Pt Hills,0 pt Hills,50 PHA,Shutouts,,,,,,,,,,,,,,,,,,,,,,,,,,,,,,,,,,,,,Tuscan,Thieves,1,,D,,,,O,,,B,D,,1,A,O,X,1,A,D,,,A,O,,,B,D,X,,,O,,1,B,D,X,1,,O,X,1,B,D,X,6,,5,2,2,2,2,1,0,0,6,4,3,2,1,1,4,2,,,,,,,,,,,,,,,,,,,,,,,,,,,,,,,,,,,,,,,,,,,,,,,,,,,,,,,,,,,,,,,,0,0,0,,0,0,0,0,0,0,0,0,0,0,0,0,0,0,0,0,0,0,,,,,,,,,,,,,,,,,,,,,,,,,,
,,,,,,,,,,,,,,,,,0,0,,0,0,0,0,0,0,0,0,0,0,0,0,0,0,0,,0,0,0,0,0,0,,0,,,,,,,,,,,,,,,,,,,,,,,,,,,,,,,,,,,Tuscan,FaZe,,,O,X,1,,D,X,1,B,O,X,,A,D,,,A,O,X,1,A,D,X,1,B,O,,1,,D,X,,B,O,,,,D,,,B,O,,5,,6,2,3,1,1,0,4,2,5,3,3,3,2,1,0,0,,,,,,,,,,,,,,,,,,,,,,,,,,,,,,,,,,,,,,,,,,,,,,,,,,,,,,,,,,,,,,,,0,0,0,,0,0,0,0,0,0,0,0,0,0,0,0,0,0,0,0,0,0,,,,,,,,,,,,,,,,,,,,,,,,,,
,,,,,,,,,,,,,,,,,0,,,0,0,0,0,0,0,0,0,0,0,0,0,0,0,0,,0,0,0,0,0,0,,0,,,,,,,,,,,,,,,,,,,,,,,,,,,,,,,,,,,,,,,,,,,,,,,,,,,,,,,,,,,,,,,,,,,,,,,,,,,,,,,,,,,,,,,,,,,,,,,,,,,,,,,,,,,,,,,,,,,,,,,,,,,,,,,,,,,,,,,,,,,,,,,,,,,,,,,,,,,,,,,,,,,,,,,,,,,,,,,,,,,,,,,,,,,,,,,,,,,,,,,,,,,,,,,,,
,,,,,,,,,,,,,,,,,,,,,,,,,,,,,,,,,,,,,,,,,,,,,,,,,,,,,,,,,,,,,,,,,,,,,,,,,,,,,,,,1,,,,2,,,,3,,,,4,,,,5,,,,6,,,,7,,,,8,,,,9,,,,10,,,,11,,,,,,OFFENSE,,,,,,,,DEFENSE,,,,,,,,,,,,,,,,,,,,,,,,,,,,,,,,,,,,,,,,,1,,,,,,2,,,,,,3,,,,,,4,,,,,,5,,,,,,,,,,Offense,,,,,,,,,,Defense,,,,,,,,,,,,,,,,,,,,,,,,,,,,,,,,,
,,P1,P2,P3,P4,P5,P1,P2,P3,P4,P5,P1,P2,P3,P4,P5,Total,Hills,,P1,PM,H,P2,PM,H,P3,PM,H,P4,PM,H,P5,PM,H,PPH,High,Low,50 Pt Hills,0 pt Hills,50 PHA,Shutouts,,,,,,,,,,,,,,,,,,,,,,,,,,,,,,,,,,,,,,,W/L,P,Side,FB,W/L,P,Side,FB,W/L,P,Side,FB,W/L,P,Side,FB,W/L,P,Site,FB,W/L,P,Side,FB,W/L,P,Side,FB,W/L,P,Side,FB,W/L,P,Side,FB,W/L,P,Side,FB,W/L,P,Side,FB,Score,,Rounds,Wins,FB,FBW,AP,APW,BP,BPW,Rounds,Wins,FB,FBW,AP,APW,BP,BPW,,,,,,,,,,,,,,,,,,,,,,,,,,,,,,,,,,W/L,A,B,Ticks,Side,Lives,W/L,A,B,Ticks,Side,Lives,W/L,A,B,Ticks,Side,Lives,W/L,A,B,Ticks,Side,Lives,W/L,A,B,Ticks,Side,Lives,Score,Lives,Ticks,,Rounds,W,A Caps,A Cap W,B Caps,B Cap W,Lives Left,Cap W's,Wipe W's,Ticks,Rounds,W,Lives Left,A Def,B Def,Defend W's,Wipe W's,Ticks Allow,,,,,,,,,,,,,,,,,,,,,,,,,,
,,,,,,,,,,,,,,,,,0,0,,0,0,0,0,0,0,0,0,0,0,0,0,0,0,0,,0,0,0,0,0,0,,0,,,,,,,,,,,,,,,,,,,,,,,,,,,,,,,,,,,,,,,,,,,,,,,,,,,,,,,,,,,,,,,,,,,,,,,,,,,,,,,,,0,,0,0,0,0,0,0,0,0,0,0,0,0,0,0,0,0,,,,,,,,,,,,,,,,,,,,,,,,,,,,,,,,,,,,,,,,,,,,,,,,,,,,,,,,,,,,,,,,0,0,0,,0,0,0,0,0,0,0,0,0,0,0,0,0,0,0,0,0,0,,,,,,,,,,,,,,,,,,,,,,,,,,
,,,,,,,,,,,,,,,,,0,,,0,0,0,0,0,0,0,0,0,0,0,0,0,0,0,,0,0,0,0,0,0,,0,,,,,,,,,,,,,,,,,,,,,,,,,,,,,,,,,,,,,,,,,,,,,,,,,,,,,,,,,,,,,,,,,,,,,,,,,,,,,,,,,0,,0,0,0,0,0,0,0,0,0,0,0,0,0,0,0,0,,,,,,,,,,,,,,,,,,,,,,,,,,,,,,,,,,,,,,,,,,,,,,,,,,,,,,,,,,,,,,,,0,0,0,,0,0,0,0,0,0,0,0,0,0,0,0,0,0,0,0,0,0,,,,,,,,,,,,,,,,,,,,,,,,,,
,,,,,,,,,,,,,,,,,,,,,,,,,,,,,,,,,,,,,,,,,,,,,,,,,,,,,,,,,,,,,,,,,,,,,,,,,,,,,,,,,,,,,,,,,,,,,,,,,,,,,,,,,,,,,,,,,,,,,,,,,,,,,,,,,,,,,,,,,,,,,,,,,,,,,,,,,,,,,,,,,,,,,,,,,,,,,,,,,,,,,,,,,,,,,,,,,,,,,,,,,,,,,,,,,,,,,,,,,,,,,,,,,,,,,,,,,,,,,,,,,,,,,,,,,,,,
,,P1,P2,P3,P4,P5,P1,P2,P3,P4,P5,P1,P2,P3,P4,P5,Total,Hills,,P1,PM,H,P2,PM,H,P3,PM,H,P4,PM,H,P5,PM,H,PPH,High,Low,50 Pt Hills,0 pt Hills,50 PHA,Shutouts,,,,,,,,,,,,,,,,,,,,,,,,,,,,,,,,,,,,,,,1,,,,2,,,,3,,,,4,,,,5,,,,6,,,,7,,,,8,,,,9,,,,10,,,,11,,,,,,OFFENSE,,,,,,,,DEFENSE,,,,,,,,,,,,,,,,,,,,,,,,,,,,,,,,,,,,,,,,,1,,,,,,2,,,,,,3,,,,,,4,,,,,,5,,,,,,,,,,Offense,,,,,,,,,,Defense,,,,,,,,,,,,,,,,,,,,,,,,,,,,,,,,,
,,,,,,,,,,,,,,,,,0,0,,0,0,0,0,0,0,0,0,0,0,0,0,0,0,0,,0,0,0,0,0,0,,0,,,,,,,,,,,,,,,,,,,,,,,,,,,,,,,,,,,,,W/L,P,Side,FB,W/L,P,Side,FB,W/L,P,Side,FB,W/L,P,Side,FB,W/L,P,Site,FB,W/L,P,Side,FB,W/L,P,Side,FB,W/L,P,Side,FB,W/L,P,Side,FB,W/L,P,Side,FB,W/L,P,Side,FB,Score,,Rounds,Wins,FB,FBW,AP,APW,BP,BPW,Rounds,Wins,FB,FBW,AP,APW,BP,BPW,,,,,,,,,,,,,,,,,,,,,,,,,,,,,,,,,,W/L,A,B,Ticks,Side,Lives,W/L,A,B,Ticks,Side,Lives,W/L,A,B,Ticks,Side,Lives,W/L,A,B,Ticks,Side,Lives,W/L,A,B,Ticks,Side,Lives,Score,Lives,Ticks,,Rounds,W,A Caps,A Cap W,B Caps,B Cap W,Lives Left,Cap W's,Wipe W's,Ticks,Rounds,W,Lives Left,A Def,B Def,Defend W's,Wipe W's,Ticks Allow,,,,,,,,,,,,,,,,,,,,,,,,,,
,,,,,,,,,,,,,,,,,0,,,0,0,0,0,0,0,0,0,0,0,0,0,0,0,0,,0,0,0,0,0,0,,0,,,,,,,,,,,,,,,,,,,,,,,,,,,,,,,,,,,,,,,,,,,,,,,,,,,,,,,,,,,,,,,,,,,,,,,,,,,,,,,,,0,,0,0,0,0,0,0,0,0,0,0,0,0,0,0,0,0,,,,,,,,,,,,,,,,,,,,,,,,,,,,,,,,,,,,,,,,,,,,,,,,,,,,,,,,,,,,,,,,0,0,0,,0,0,0,0,0,0,0,0,0,0,0,0,0,0,0,0,0,0,,,,,,,,,,,,,,,,,,,,,,,,,,
,,,,,,,,,,,,,,,,,,,,,,,,,,,,,,,,,,,,,,,,,,,,,,,,,,,,,,,,,,,,,,,,,,,,,,,,,,,,,,,,,,,,,,,,,,,,,,,,,,,,,,,,,,,,,,,,,,,,,,,,,,,,0,,0,0,0,0,0,0,0,0,0,0,0,0,0,0,0,0,,,,,,,,,,,,,,,,,,,,,,,,,,,,,,,,,,,,,,,,,,,,,,,,,,,,,,,,,,,,,,,,0,0,0,,0,0,0,0,0,0,0,0,0,0,0,0,0,0,0,0,0,0,,,,,,,,,,,,,,,,,,,,,,,,,,
,,P1,P2,P3,P4,P5,P1,P2,P3,P4,P5,P1,P2,P3,P4,P5,Total,Hills,,P1,PM,H,P2,PM,H,P3,PM,H,P4,PM,H,P5,PM,H,PPH,High,Low,50 Pt Hills,0 pt Hills,50 PHA,Shutouts,,,,,,,,,,,,,,,,,,,,,,,,,,,,,,,,,,,,,,,,,,,,,,,,,,,,,,,,,,,,,,,,,,,,,,,,,,,,,,,,,,,,,,,,,,,,,,,,,,,,,,,,,,,,,,,,,,,,,,,,,,,,,,,,,,,,,,,,,,,,,,,,,,,,,,,,,,,,,,,,,,,,,,,,,,,,,,,,,,,,,,,,,,,,,,,,,,,,,,,,,,,,,,,,,,,
,,,,,,,,,,,,,,,,,0,0,,0,0,0,0,0,0,0,0,0,0,0,0,0,0,0,,0,0,0,0,0,0,,0,,,,,,,,,,,,,,,,,,,,,,,,,,,,,,,,,,,,,1,,,,2,,,,3,,,,4,,,,5,,,,6,,,,7,,,,8,,,,9,,,,10,,,,11,,,,,,OFFENSE,,,,,,,,DEFENSE,,,,,,,,,,,,,,,,,,,,,,,,,,,,,,,,,,,,,,,,,1,,,,,,2,,,,,,3,,,,,,4,,,,,,5,,,,,,,,,,Offense,,,,,,,,,,Defense,,,,,,,,,,,,,,,,,,,,,,,,,,,,,,,,,
,,,,,,,,,,,,,,,,,0,,,0,0,0,0,0,0,0,0,0,0,0,0,0,0,0,,0,0,0,0,0,0,,0,,,,,,,,,,,,,,,,,,,,,,,,,,,,,,,,,,,,,W/L,P,Side,FB,W/L,P,Side,FB,W/L,P,Side,FB,W/L,P,Side,FB,W/L,P,Site,FB,W/L,P,Side,FB,W/L,P,Side,FB,W/L,P,Side,FB,W/L,P,Side,FB,W/L,P,Side,FB,W/L,P,Side,FB,Score,,Rounds,Wins,FB,FBW,AP,APW,BP,BPW,Rounds,Wins,FB,FBW,AP,APW,BP,BPW,,,,,,,,,,,,,,,,,,,,,,,,,,,,,,,,,,W/L,A,B,Ticks,Side,Lives,W/L,A,B,Ticks,Side,Lives,W/L,A,B,Ticks,Side,Lives,W/L,A,B,Ticks,Side,Lives,W/L,A,B,Ticks,Side,Lives,Score,Lives,Ticks,,Rounds,W,A Caps,A Cap W,B Caps,B Cap W,Lives Left,Cap W's,Wipe W's,Ticks,Rounds,W,Lives Left,A Def,B Def,Defend W's,Wipe W's,Ticks Allow,,,,,,,,,,,,,,,,,,,,,,,,,,
,,,,,,,,,,,,,,,,,,,,,,,,,,,,,,,,,,,,,,,,,,,,,,,,,,,,,,,,,,,,,,,,,,,,,,,,,,,,,,,,,,,,,,,,,,,,,,,,,,,,,,,,,,,,,,,,,,,,,,,,,,,,0,,0,0,0,0,0,0,0,0,0,0,0,0,0,0,0,0,,,,,,,,,,,,,,,,,,,,,,,,,,,,,,,,,,,,,,,,,,,,,,,,,,,,,,,,,,,,,,,,0,0,0,,0,0,0,0,0,0,0,0,0,0,0,0,0,0,0,0,0,0,,,,,,,,,,,,,,,,,,,,,,,,,,
,,P1,P2,P3,P4,P5,P1,P2,P3,P4,P5,P1,P2,P3,P4,P5,Total,Hills,,P1,PM,H,P2,PM,H,P3,PM,H,P4,PM,H,P5,PM,H,PPH,High,Low,50 Pt Hills,0 pt Hills,50 PHA,Shutouts,,,,,,,,,,,,,,,,,,,,,,,,,,,,,,,,,,,,,,,,,,,,,,,,,,,,,,,,,,,,,,,,,,,,,,,,,,,,,,,,,,,0,,0,0,0,0,0,0,0,0,0,0,0,0,0,0,0,0,,,,,,,,,,,,,,,,,,,,,,,,,,,,,,,,,,,,,,,,,,,,,,,,,,,,,,,,,,,,,,,,0,0,0,,0,0,0,0,0,0,0,0,0,0,0,0,0,0,0,0,0,0,,,,,,,,,,,,,,,,,,,,,,,,,,
,,,,,,,,,,,,,,,,,0,0,,0,0,0,0,0,0,0,0,0,0,0,0,0,0,0,,0,0,0,0,0,0,,0,,,,,,,,,,,,,,,,,,,,,,,,,,,,,,,,,,,,,,,,,,,,,,,,,,,,,,,,,,,,,,,,,,,,,,,,,,,,,,,,,,,,,,,,,,,,,,,,,,,,,,,,,,,,,,,,,,,,,,,,,,,,,,,,,,,,,,,,,,,,,,,,,,,,,,,,,,,,,,,,,,,,,,,,,,,,,,,,,,,,,,,,,,,,,,,,,,,,,,,,,,,,,,,,,
,,,,,,,,,,,,,,,,,0,,,0,0,0,0,0,0,0,0,0,0,0,0,0,0,0,,0,0,0,0,0,0,,0,,,,,,,,,,,,,,,,,,,,,,,,,,,,,,,,,,,,,1,,,,2,,,,3,,,,4,,,,5,,,,6,,,,7,,,,8,,,,9,,,,10,,,,11,,,,,,OFFENSE,,,,,,,,DEFENSE,,,,,,,,,,,,,,,,,,,,,,,,,,,,,,,,,,,,,,,,,1,,,,,,2,,,,,,3,,,,,,4,,,,,,5,,,,,,,,,,Offense,,,,,,,,,,Defense,,,,,,,,,,,,,,,,,,,,,,,,,,,,,,,,,
,,,,,,,,,,,,,,,,,,,,,,,,,,,,,,,,,,,,,,,,,,,,,,,,,,,,,,,,,,,,,,,,,,,,,,,,,,,,,,,,W/L,P,Side,FB,W/L,P,Side,FB,W/L,P,Side,FB,W/L,P,Side,FB,W/L,P,Site,FB,W/L,P,Side,FB,W/L,P,Side,FB,W/L,P,Side,FB,W/L,P,Side,FB,W/L,P,Side,FB,W/L,P,Side,FB,Score,,Rounds,Wins,FB,FBW,AP,APW,BP,BPW,Rounds,Wins,FB,FBW,AP,APW,BP,BPW,,,,,,,,,,,,,,,,,,,,,,,,,,,,,,,,,,W/L,A,B,Ticks,Side,Lives,W/L,A,B,Ticks,Side,Lives,W/L,A,B,Ticks,Side,Lives,W/L,A,B,Ticks,Side,Lives,W/L,A,B,Ticks,Side,Lives,Score,Lives,Ticks,,Rounds,W,A Caps,A Cap W,B Caps,B Cap W,Lives Left,Cap W's,Wipe W's,Ticks,Rounds,W,Lives Left,A Def,B Def,Defend W's,Wipe W's,Ticks Allow,,,,,,,,,,,,,,,,,,,,,,,,,,
,,P1,P2,P3,P4,P5,P1,P2,P3,P4,P5,P1,P2,P3,P4,P5,Total,Hills,,P1,PM,H,P2,PM,H,P3,PM,H,P4,PM,H,P5,PM,H,PPH,High,Low,50 Pt Hills,0 pt Hills,50 PHA,Shutouts,,,,,,,,,,,,,,,,,,,,,,,,,,,,,,,,,,,,,,,,,,,,,,,,,,,,,,,,,,,,,,,,,,,,,,,,,,,,,,,,,,,0,,0,0,0,0,0,0,0,0,0,0,0,0,0,0,0,0,,,,,,,,,,,,,,,,,,,,,,,,,,,,,,,,,,,,,,,,,,,,,,,,,,,,,,,,,,,,,,,,0,0,0,,0,0,0,0,0,0,0,0,0,0,0,0,0,0,0,0,0,0,,,,,,,,,,,,,,,,,,,,,,,,,,
,,,,,,,,,,,,,,,,,0,0,,0,0,0,0,0,0,0,0,0,0,0,0,0,0,0,,0,0,0,0,0,0,,0,,,,,,,,,,,,,,,,,,,,,,,,,,,,,,,,,,,,,,,,,,,,,,,,,,,,,,,,,,,,,,,,,,,,,,,,,,,,,,,,,0,,0,0,0,0,0,0,0,0,0,0,0,0,0,0,0,0,,,,,,,,,,,,,,,,,,,,,,,,,,,,,,,,,,,,,,,,,,,,,,,,,,,,,,,,,,,,,,,,0,0,0,,0,0,0,0,0,0,0,0,0,0,0,0,0,0,0,0,0,0,,,,,,,,,,,,,,,,,,,,,,,,,,
,,,,,,,,,,,,,,,,,0,,,0,0,0,0,0,0,0,0,0,0,0,0,0,0,0,,0,0,0,0,0,0,,0,,,,,,,,,,,,,,,,,,,,,,,,,,,,,,,,,,,,,,,,,,,,,,,,,,,,,,,,,,,,,,,,,,,,,,,,,,,,,,,,,,,,,,,,,,,,,,,,,,,,,,,,,,,,,,,,,,,,,,,,,,,,,,,,,,,,,,,,,,,,,,,,,,,,,,,,,,,,,,,,,,,,,,,,,,,,,,,,,,,,,,,,,,,,,,,,,,,,,,,,,,,,,,,,,
,,,,,,,,,,,,,,,,,,,,,,,,,,,,,,,,,,,,,,,,,,,,,,,,,,,,,,,,,,,,,,,,,,,,,,,,,,,,,,,,1,,,,2,,,,3,,,,4,,,,5,,,,6,,,,7,,,,8,,,,9,,,,10,,,,11,,,,,,OFFENSE,,,,,,,,DEFENSE,,,,,,,,,,,,,,,,,,,,,,,,,,,,,,,,,,,,,,,,,1,,,,,,2,,,,,,3,,,,,,4,,,,,,5,,,,,,,,,,Offense,,,,,,,,,,Defense,,,,,,,,,,,,,,,,,,,,,,,,,,,,,,,,,
,,,,,,,,,,,,,,,,,,,,,,,,,,,,,,,,,,,,,,,,,,,,,,,,,,,,,,,,,,,,,,,,,,,,,,,,,,,,,,,,W/L,P,Side,FB,W/L,P,Side,FB,W/L,P,Side,FB,W/L,P,Side,FB,W/L,P,Site,FB,W/L,P,Side,FB,W/L,P,Side,FB,W/L,P,Side,FB,W/L,P,Side,FB,W/L,P,Side,FB,W/L,P,Side,FB,Score,,Rounds,Wins,FB,FBW,AP,APW,BP,BPW,Rounds,Wins,FB,FBW,AP,APW,BP,BPW,,,,,,,,,,,,,,,,,,,,,,,,,,,,,,,,,,W/L,A,B,Ticks,Side,Lives,W/L,A,B,Ticks,Side,Lives,W/L,A,B,Ticks,Side,Lives,W/L,A,B,Ticks,Side,Lives,W/L,A,B,Ticks,Side,Lives,Score,Lives,Ticks,,Rounds,W,A Caps,A Cap W,B Caps,B Cap W,Lives Left,Cap W's,Wipe W's,Ticks,Rounds,W,Lives Left,A Def,B Def,Defend W's,Wipe W's,Ticks Allow,,,,,,,,,,,,,,,,,,,,,,,,,,
,,,,,,,,,,,,,,,,,,,,,,,,,,,,,,,,,,,,,,,,,,,,,,,,,,,,,,,,,,,,,,,,,,,,,,,,,,,,,,,,,,,,,,,,,,,,,,,,,,,,,,,,,,,,,,,,,,,,,,,,,,,,0,,0,0,0,0,0,0,0,0,0,0,0,0,0,0,0,0,,,,,,,,,,,,,,,,,,,,,,,,,,,,,,,,,,,,,,,,,,,,,,,,,,,,,,,,,,,,,,,,0,0,0,,0,0,0,0,0,0,0,0,0,0,0,0,0,0,0,0,0,0,,,,,,,,,,,,,,,,,,,,,,,,,,
,,,,,,,,,,,,,,,,,,,,,,,,,,,,,,,,,,,,,,,,,,,,,,,,,,,,,,,,,,,,,,,,,,,,,,,,,,,,,,,,,,,,,,,,,,,,,,,,,,,,,,,,,,,,,,,,,,,,,,,,,,,,0,,0,0,0,0,0,0,0,0,0,0,0,0,0,0,0,0,,,,,,,,,,,,,,,,,,,,,,,,,,,,,,,,,,,,,,,,,,,,,,,,,,,,,,,,,,,,,,,,0,0,0,,0,0,0,0,0,0,0,0,0,0,0,0,0,0,0,0,0,0,,,,,,,,,,,,,,,,,,,,,,,,,,
,,,,,,,,,,,,,,,,,,,,,,,,,,,,,,,,,,,,,,,,,,,,,,,,,,,,,,,,,,,,,,,,,,,,,,,,,,,,,,,,,,,,,,,,,,,,,,,,,,,,,,,,,,,,,,,,,,,,,,,,,,,,,,,,,,,,,,,,,,,,,,,,,,,,,,,,,,,,,,,,,,,,,,,,,,,,,,,,,,,,,,,,,,,,,,,,,,,,,,,,,,,,,,,,,,,,,,,,,,,,,,,,,,,,,,,,,,,,,,,,,,,,,,,,,,,,
,,,,,,,,,,,,,,,,,,,,,,,,,,,,,,,,,,,,,,,,,,,,,,,,,,,,,,,,,,,,,,,,,,,,,,,,,,,,,,,,1,,,,2,,,,3,,,,4,,,,5,,,,6,,,,7,,,,8,,,,9,,,,10,,,,11,,,,,,OFFENSE,,,,,,,,DEFENSE,,,,,,,,,,,,,,,,,,,,,,,,,,,,,,,,,,,,,,,,,1,,,,,,2,,,,,,3,,,,,,4,,,,,,5,,,,,,,,,,Offense,,,,,,,,,,Defense,,,,,,,,,,,,,,,,,,,,,,,,,,,,,,,,,
,,,,,,,,,,,,,,,,,,,,,,,,,,,,,,,,,,,,,,,,,,,,,,,,,,,,,,,,,,,,,,,,,,,,,,,,,,,,,,,,W/L,P,Side,FB,W/L,P,Side,FB,W/L,P,Side,FB,W/L,P,Side,FB,W/L,P,Site,FB,W/L,P,Side,FB,W/L,P,Side,FB,W/L,P,Side,FB,W/L,P,Side,FB,W/L,P,Side,FB,W/L,P,Side,FB,Score,,Rounds,Wins,FB,FBW,AP,APW,BP,BPW,Rounds,Wins,FB,FBW,AP,APW,BP,BPW,,,,,,,,,,,,,,,,,,,,,,,,,,,,,,,,,,W/L,A,B,Ticks,Side,Lives,W/L,A,B,Ticks,Side,Lives,W/L,A,B,Ticks,Side,Lives,W/L,A,B,Ticks,Side,Lives,W/L,A,B,Ticks,Side,Lives,Score,Lives,Ticks,,Rounds,W,A Caps,A Cap W,B Caps,B Cap W,Lives Left,Cap W's,Wipe W's,Ticks,Rounds,W,Lives Left,A Def,B Def,Defend W's,Wipe W's,Ticks Allow,,,,,,,,,,,,,,,,,,,,,,,,,,
,,,,,,,,,,,,,,,,,,,,,,,,,,,,,,,,,,,,,,,,,,,,,,,,,,,,,,,,,,,,,,,,,,,,,,,,,,,,,,,,,,,,,,,,,,,,,,,,,,,,,,,,,,,,,,,,,,,,,,,,,,,,0,,0,0,0,0,0,0,0,0,0,0,0,0,0,0,0,0,,,,,,,,,,,,,,,,,,,,,,,,,,,,,,,,,,,,,,,,,,,,,,,,,,,,,,,,,,,,,,,,0,0,0,,0,0,0,0,0,0,0,0,0,0,0,0,0,0,0,0,0,0,,,,,,,,,,,,,,,,,,,,,,,,,,
,,,,,,,,,,,,,,,,,,,,,,,,,,,,,,,,,,,,,,,,,,,,,,,,,,,,,,,,,,,,,,,,,,,,,,,,,,,,,,,,,,,,,,,,,,,,,,,,,,,,,,,,,,,,,,,,,,,,,,,,,,,,0,,0,0,0,0,0,0,0,0,0,0,0,0,0,0,0,0,,,,,,,,,,,,,,,,,,,,,,,,,,,,,,,,,,,,,,,,,,,,,,,,,,,,,,,,,,,,,,,,0,0,0,,0,0,0,0,0,0,0,0,0,0,0,0,0,0,0,0,0,0,,,,,,,,,,,,,,,,,,,,,,,,,,