28-13 330 Pts,HP,,SnD,,CTR,,Total,,330,Pts,,,,Game Results,,,,,,,,Match Results,,,,,,,,,,,,,,,,,,,,,,,,,,,,,,,,,,,,,,,,,,,,,,,,,,,,,
FaZe,W,L,W,L,W,L,W,L ,,Stage,Event,Game,Mode,Map ,Score,Opponent,Score,Winner,,Stage,Event,FaZe Game Wins,Opponent,Opponent Game Wins,Winner,,Hardpoint,,,,,,,,,P1,,,,,,P2,,,,,,P3,,,,,,P4,,,,,,P5,,,,,,,,,,,,,,,
Berlin,2,6,11,8,3,3,16,17,,1,Wk 1,1,Hardpoint,Gavutu,218,Legion,250,Legion,,1,Wk 1,3,Legion,2,FaZe,,Map,W,L,Win%,PPG,PPGA,PF,PA,P/M,PPH,PPHA,PF,PA,P/M,H,PPH,PPHA,PF,PA,P/M,H,PPH,PPHA,PF,PA,P/M,H,PPH,PPHA,PF,PA,P/M,H,PPH,PPHA,PF,PA,P/M,H,50 Pt Hills,0 Pt Hills,50 PHA,Shutouts,,,,,,
Bocage,14,5,5,6,0,0,19,11,,1,Wk 1,2,SnD,Desert Siege,6,Legion,3,FaZe,,1,Wk 1,3,Thieves,1,FaZe,,Berlin,2,6,25.00%,211.25,237.63,1690,1901,-211,19.64,23.14,432,509,-77,22,20.79,19.11,395,363,32,19,19.25,28.25,308,452,-144,16,19.50,22.63,312,362,-50,16,16.20,14.33,243,215,28,15,1,9,4,2,,,,,,
Desert Siege,0,0,8,4,0,0,8,4,,1,Wk 1,3,Control,Gavutu,1,Legion,3,Legion,,1,Wk 2,3,Breach,1,FaZe,,Bocage,14,5,73.68%,234.26,198.53,4451,3772,679,15.06,11.87,813,641,172,54,22.52,17.40,1081,835,246,48,22.29,20.80,914,853,61,41,23.82,17.71,905,673,232,38,19.42,20.26,738,770,-32,38,1,8,0,12,,,,,,
Gavutu,12,7,0,0,8,7,20,14,,1,Wk 1,4,Hardpoint,Tuscan,250,Legion,174,FaZe,,1,Wk 3,3,Rokkr,0,FaZe,,Gavutu,12,7,63.16%,225.68,185.79,4288,3530,758,21.61,21.68,886,889,-3,41,23.00,21.32,874,810,64,38,25.55,20.87,971,793,178,38,29.37,15.29,1028,535,493,35,20.35,19.35,529,503,26,26,15,16,6,24,,,,,,
Tuscan,15,10,8,7,16,7,39,24,,1,Wk 1,5,SnD,Berlin,6,Legion,1,FaZe,,1,Wk 3,3,Subliners,1,FaZe,,Tuscan,15,10,60.00%,237.16,217.32,5929,5433,496,22.37,20.02,1409,1261,148,63,24.81,18.44,1290,959,331,52,20.30,21.54,1015,1077,-62,50,26.18,20.42,1309,1021,288,50,18.49,22.76,906,1115,-209,49,13,13,7,19,,,,,,
,0,0,0,0,0,0,0,0,,1,Wk 1,1,Hardpoint,Tuscan,248,Thieves,250,Thieves,,1,Major,3,Breach,0,FaZe,,,0,0,,,,0,0,0,,,0,0,0,0,,,0,0,0,0,,,0,0,0,0,,,0,0,0,0,,,0,0,0,0,0,0,0,0,,,,,,
,0,0,0,0,0,0,0,0,,1,Wk 1,2,SnD,Desert Siege,6,Thieves,4,FaZe,,1,Major,2,OpTic,3,OpTic,,,,,,,,,,,,,,,,,,,,,,,,,,,,,,,,,,,,,,,,,,,,,,,,,,
,0,0,0,0,0,0,0,0,,1,Wk 1,3,Control,Tuscan,3,Thieves,0,FaZe,,1,Major,3,Thieves,2,FaZe,,Overall,43,28,60.56%,230.39,206.14,16358,14636,1722,19.67,18.33,3540,3300,240,180,23.18,18.90,3640,2967,673,157,22.12,21.90,3208,3175,33,145,25.57,18.64,3554,2591,963,139,18.88,20.34,2416,2603,-187,128,30,46,17,57,,,,,,
,0,0,0,0,0,0,0,0,,1,Wk 1,4,Hardpoint,Bocage,250,Thieves,136,FaZe,,1,Major,3,Ultra,0,FaZe,,,,,,,,,,,,,,,,,,,,,,,,,,,,,,,,,,,,,,,,,,,,,,,,,,
Total W/L,43,28,32,25,27,17,102,70,,1,Wk 2,1,Hardpoint,Gavutu,250,Breach,102,FaZe,,1,Major,3,Royal Ravens,1,FaZe,,,,,,,,,,,,,,,,,,,,,,,,,,,,,,,,,,,,,,,,,,,,,,,,,,
Win%,60.56%,,56.14%,,61.36%,,59.30%,,,1,Wk 2,2,SnD,Berlin,2,Breach,6,Breach,,1,Major,2,OpTic,5,OpTic,,SnD,,,,,,,ROUNDS,,,,,,,,OFFENSE,,,,,,,,,,,,,,,,,DEFENSE,,,,,,,,,,,,,,,,
PF,16358,,271,,105,,,,,1,Wk 2,3,Control,Gavutu,3,Breach,2,FaZe,,2,Wk 1,2,Surge,3,Surge,,Map,W,L,Win%,PPG,PPGA,Avg Diff,Total,W,L,W%,FB,FB %,FB W,FB W%,Rds,W,L,W%,FB,FB%,FB W,FB W%,Plants,PW,PW%,AP,APW,APW%,BP,BPW,BPW%,Rds,W,L,W%,FB,FB%,FB W,FB W%,Plants,Retakes,RW%,AP,ARW,ARW%,BP,BRW,BRW%
PA,14636,,239,,85,,,,,1,Wk 2,4,Hardpoint,Bocage,250,Breach,188,FaZe,,2,Wk 2,3,Royal Ravens,1,FaZe,,Berlin,11,8,57.89%,4.79,4.11,0.68,169,91,78,53.85%,79,46.75%,56,70.89%,86,47,39,54.65%,36,41.86%,25,69.44%,47,33,70.21%,18,14,77.78%,29,19,65.52%,83,44,39,53.01%,43,51.81%,31,72.09%,46,17,36.96%,23,7,30.43%,23,10,43.48%
PPG,230.39,,4.75,,2.39,,,,,1,Wk 3,1,Hardpoint,Tuscan,250,Rokkr,163,FaZe,,2,Wk 2,3,Ultra,2,FaZe,,Bocage,5,6,45.45%,4.55,4.27,0.27,97,50,47,51.55%,45,46.39%,35,77.78%,49,21,28,42.86%,20,40.82%,13,65.00%,25,13,52.00%,19,7,36.84%,6,6,100.00%,48,29,19,60.42%,25,52.08%,22,88.00%,23,12,52.17%,10,6,60.00%,13,6,46.15%
PPGA,206.14,,4.19,,1.93,,,,,1,Wk 3,2,SnD,Tuscan,6,Rokkr,5,FaZe,,2,Wk 3,3,Mutineers,1,FaZe,,Desert Siege,8,4,66.67%,4.67,3.83,0.83,102,56,46,54.90%,52,50.98%,45,86.54%,50,26,24,52.00%,26,52.00%,21,80.77%,31,25,80.65%,10,10,100.00%,21,15,71.43%,52,30,22,57.69%,26,50.00%,24,92.31%,33,13,39.39%,21,6,28.57%,12,7,58.33%
Avg Diff,24.25,,0.56,,0.45,,,,,1,Wk 3,3,Control,Tuscan,3,Rokkr,1,FaZe,,2,Wk 3,0,OpTic,3,OpTic,,Tuscan,8,7,53.33%,4.93,4.53,0.40,142,74,68,52.11%,75,52.82%,54,72.00%,70,33,37,47.14%,30,42.86%,20,66.67%,42,27,64.29%,30,19,63.33%,12,8,66.67%,72,41,31,56.94%,45,62.50%,34,75.56%,35,14,40.00%,22,10,45.45%,13,4,30.77%
,,,,,,,,,,1,Wk 3,1,Hardpoint,Berlin,250,Subliners,189,FaZe,,2,Major,3,Subliners,0,FaZe,,,0,0,,,,0.00,0,0,0,,0,,0,,0,0,0,,0,,0,,0,0,,0,0,,0,0,,0,0,0,,0,,0,,0,0,,0,0,,0,0,
4-2,HP,,SnD,,CTR,,Total,,,1,Wk 3,2,SnD,Tuscan,6,Subliners,1,FaZe,,2,Major,3,Surge,2,FaZe,,,,,,,,,,,,,,,,,,,,,,,,,,,,,,,,,,,,,,,,,,,,,,,,,,
Thieves,W,L,W,L,W,L,W,L ,,1,Wk 3,3,Control,Gavutu,2,Subliners,3,Subliners,,2,Major,3,Breach,0,FaZe,,,,,,,,,,,,,,,,,,,,,,,,,,,,,,,,,,,,,,,,,,,,,,,,,,
Berlin,0,2,2,1,0,0,2,3,,1,Wk 3,4,Hardpoint,Tuscan,250,Subliners,190,FaZe,,2,Major,5,Guerrillas,2,Guerrillas,,Overall,32,25,56.14%,4.75,4.19,0.56,510,271,239,53.14%,251,49.22%,190,75.70%,255,127,128,49.80%,112,43.92%,79,70.54%,145,98,67.59%,77,50,64.94%,68,48,70.59%,255,144,111,56.47%,139,54.51%,111,79.86%,137,56,40.88%,76,29,38.16%,61,27,44.26%
Bocage,1,0,2,0,0,0,3,0,,1,Major,1,Hardpoint,Bocage,250,Breach,207,FaZe,,3,Wk 1,3,Subliners,1,FaZe,,,,,,,,,,,,,,,,,,,,,,,,,,,,,,,,,,,,,,,,,,,,,,,,,,
Desert Siege,0,0,1,0,0,0,1,0,,1,Major,2,SnD,Tuscan,6,Breach,4,FaZe,,3,Wk 2,3,Breach,0,FaZe,,,,,,,,,,,,,,,,,,,,,,,,,,,,,,,,,,,,,,,,,,,,,,,,,,
Gavutu,2,1,0,0,1,0,3,1,,1,Major,3,Control,Tuscan,3,Breach,1,FaZe,,3,Wk 2,1,OpTic,3,OpTic,,Control,,,,,,,Rounds,,,,,,Offense,,,,,,,,,,,,,,,,,,Defense,,,,,,,,,,,,,,,,,
Tuscan,2,3,0,2,3,2,5,7,,1,Major,1,Hardpoint,Bocage,250,OpTic,177,FaZe,,3,Wk 3,0,Rokkr,3,Rokkr,,Map,W,L,Win%,PPG,PPGA,Avg Diff,Totals,W,L,W%,Lives Left,Avg LL,Rounds,W,L,W%,A Cap,A Cap W,A Cap W%,B Cap,B Cap W,B Cap W%,Cap W,Cap W%,Wipe W,Wipe W%,Lives Left,Avg LL,Ticks,Avg Ticks,Rounds,W,L,W%,A Def,B Def,Time W,Time W%,Wipe Wins,Wipe W%,Lives Left,Avg LL,Ticks Allow,Avg TA,,,,
,0,0,0,0,0,0,0,0,,1,Major,2,SnD,Berlin,6,OpTic,3,FaZe,,3,Wk 3,3,Guerrillas,1,FaZe,,Gavutu,8,7,53.33%,2.33,2.20,0.13,68,35,33,51.47%,624,9.18,34,8,26,23.53%,22,7,31.82%,5,5,100.00%,4,50.00%,4,50.00%,277,8.15,101,2.97,34,27,7,79.41%,9,26,25,92.59%,2,7.41%,347,10.21,105,3.09,,,,
,0,0,0,0,0,0,0,0,,1,Major,3,Control,Tuscan,2,OpTic,3,OpTic,,3,Major,3,Ultra,1,FaZe,,Tuscan,16,7,69.57%,2.48,1.70,0.78,96,57,39,59.38%,736,7.67,46,14,32,30.43%,44,12,27.27%,11,11,100.00%,9,64.29%,5,35.71%,296,6.43,197,4.28,50,43,7,86.00%,1,39,36,83.72%,7,16.28%,440,8.80,194,3.88,,,,
,0,0,0,0,0,0,0,0,,1,Major,4,Hardpoint,Gavutu,186,OpTic,250,OpTic,,3,Major,3,Thieves,0,FaZe,,Berlin,3,3,50.00%,2.17,2.17,0.00,26,13,13,50.00%,187,7.19,13,6,7,46.15%,13,6,46.15%,4,4,100.00%,4,66.67%,2,33.33%,86,6.62,57,4.38,13,7,6,53.85%,0,6,6,85.71%,1,14.29%,101,7.77,62,4.77,,,,
,0,0,0,0,0,0,0,0,,1,Major,5,SnD,Tuscan,0,OpTic,6,OpTic,,3,Major,2,Surge,3,Surge,,,,,,,,,,,,,,,,,,,,,,,,,,,,,,,,,,,,,,,,,,,,,,,,,,
Total W/L,5,6,5,3,4,2,14,11,,1,Major,1,Hardpoint,Tuscan,201,Thieves,250,Thieves,,3,Major,3,Ultra,2,FaZe,,Overall,27,17,61.36%,2.39,1.93,0.45,190,105,85,55.26%,1547,24.04,93,28,65,30.11%,70,23,32.86%,29,22,75.86%,17,60.71%,11,39.29%,659,7.09,355,3.82,97,77,20,79.38%,16,65,67,87.01%,10,12.99%,888,9.15,361,3.72,,,,
Win%,45.45%,,62.50%,,66.67%,,56.00%,,,1,Major,2,SnD,Tuscan,5,Thieves,6,Thieves,,3,Major,3,Surge,5,Surge,,,,,,,,,,,,,,,,,,,,,,,,,,,,,,,,,,,,,,,,,,,,,,,,,,
PF,2356,,42,,14,,,,,1,Major,3,Control,Tuscan,3,Thieves,1,FaZe,,4,Wk 1,3,Thieves,2,FaZe,,,,,,,,,,,,,,,,,,,,,,,,,,,,,,,,,,,,,,,,,,,,,,,,,,
PA,2335,,24,,9,,,,,1,Major,4,Hardpoint,Gavutu,250,Thieves,169,FaZe,,4,Wk 2,3,Ultra,0,FaZe,,,,STAGE 1,,,,,,,,,STAGE 2,,,,,,,,,STAGE 3,,,,,,,,,STAGE 4,,,,,,,,,Champs,,,,,,,,,,
PPG,214.18,,5.25,,2.33,,,,,1,Major,5,SnD,Berlin,6,Thieves,2,FaZe,,4,Wk 2,1,Guerrillas,3,Guerrillas,,,,HP,,SnD,,CTR,,,,,HP,,SnD,,CTR,,,,,HP,,SnD,,CTR,,,,,HP,,SnD,,CTR,,,,,HP,,SnD,,CTR,,,,,,
PPGA,212.27,,3.00,,1.50,,,,,1,Major,1,Hardpoint,Bocage,250,Ultra,144,FaZe,,4,Wk 3,1,Royal Ravens,3,Royal Ravens,,9-2,,W,L,W,L,W,L,,6-3,,W,L,W,L,W,L,,6-4,,W,L,W,L,W,L,,7-4,,W,L,W,L,W,L,,0-0,,W,L,W,L,W,L,,,,,
Avg Diff,1.91,,2.25,,0.83,,,,,1,Major,2,SnD,Desert Siege,6,Ultra,1,FaZe,,4,Wk 3,3,Surge,0,FaZe,,Berlin,,1,0,3,2,0,0,,Berlin,,0,1,2,3,0,0,,Berlin,,1,2,1,1,1,3,,Berlin,,0,3,5,2,2,0,,Berlin,,0,0,0,0,0,0,,,,,
,,,,,,,,,,1,Major,3,Control,Tuscan,3,Ultra,1,FaZe,,4,Major,1,Thieves,3,Thieves,,Bocage,,5,0,0,0,0,0,,Bocage,,2,1,1,2,0,0,,Bocage,,4,3,3,2,0,0,,Bocage,,3,1,1,2,0,0,,Bocage,,0,0,0,0,0,0,,,,,
4-0,HP,,SnD,,CTR,,Total,,,1,Major,1,Hardpoint,Tuscan,250,Royal Ravens,177,FaZe,,4,Major,3,Legion,2,FaZe,,Desert Siege,,0,0,4,1,0,0,,Desert Siege,,0,0,1,1,0,0,,Desert Siege,,0,0,3,2,0,0,,Desert Siege,,0,0,0,0,0,0,,Desert Siege,,0,0,0,0,0,0,,,,,
Breach,W,L,W,L,W,L,W,L ,,1,Major,2,SnD,Desert Siege,5,Royal Ravens,6,Royal Ravens,,4,Major,3,Guerrillas,0,FaZe,,Gavutu,,3,3,0,0,1,3,,Gavutu,,6,1,0,0,3,4,,Gavutu,,1,1,0,0,3,0,,Gavutu,,2,2,0,0,1,0,,Gavutu,,0,0,0,0,0,0,,,,,
Berlin,0,0,0,1,1,0,1,1,,1,Major,3,Control,Tuscan,3,Royal Ravens,2,FaZe,,4,Major,3,Mutineers,1,FaZe,,Tuscan,,4,3,4,2,6,2,,Tuscan,,3,1,1,3,3,0,,Tuscan,,3,3,2,0,2,2,,Tuscan,,5,3,1,2,5,3,,Tuscan,,0,0,0,0,0,0,,,,,
Bocage,3,0,0,0,0,0,3,0,,1,Major,4,Hardpoint,Gavutu,250,Royal Ravens,172,FaZe,,4,Major,3,OpTic,1,FaZe,,,,0,0,0,0,0,0,,,,0,0,0,0,0,0,,,,0,0,0,0,0,0,,,,0,0,0,0,0,0,,,,0,0,0,0,0,0,,,,,
Desert Siege,0,0,2,0,0,0,2,0,,1,Major,1,Hardpoint,Gavutu,130,OpTic,250,OpTic,,4,Major,1,Thieves,3,Thieves,,,,0,0,0,0,0,0,,,,0,0,0,0,0,0,,,,0,0,0,0,0,0,,,,0,0,0,0,0,0,,,,0,0,0,0,0,0,,,,,
Gavutu,2,0,0,0,1,0,3,0,,1,Major,2,SnD,Desert Siege,6,OpTic,5,FaZe,,,Champs,,Subliners,,,,,,0,0,0,0,0,0,,,,0,0,0,0,0,0,,,,0,0,0,0,0,0,,,,0,0,0,0,0,0,,,,0,0,0,0,0,0,,,,,
Tuscan,0,0,1,0,2,0,3,0,,1,Major,3,Control,Gavutu,2,OpTic,3,OpTic,,,,,,,,,,,0,0,0,0,0,0,,,,0,0,0,0,0,0,,,,0,0,0,0,0,0,,,,0,0,0,0,0,0,,,,0,0,0,0,0,0,,,,,
,0,0,0,0,0,0,0,0,,1,Major,4,Hardpoint,Tuscan,212,OpTic,250,OpTic,,,,,,,,,Total W/L,,13,6,11,5,7,5,,Total W/L,,11,4,5,9,6,4,,Total W/L,,9,9,9,5,6,5,,Total W/L,,10,9,7,6,8,3,,Total W/L,,0,0,0,0,0,0,,,,,
,0,0,0,0,0,0,0,0,,1,Major,5,SnD,Tuscan,6,OpTic,3,FaZe,,,,,,,,,,,,,,,,,,,,,,,,,,,,,,,,,,,,,,,,,,,,,,,,,,,,,,,,,
,0,0,0,0,0,0,0,0,,1,Major,6,Control,Tuscan,2,OpTic,3,OpTic,,,,,,,,,,,,,,,,,,,,,,,,,,,,,,,,,,,,,,,,,,,,,,,,,,,,,,,,,
,0,0,0,0,0,0,0,0,,1,Major,7,SnD,Berlin,4,OpTic,6,OpTic,,,,,,,,,Total Map Count,,,,Longest Streaks,,,,,Sweeps,,Swept,,Sweep W%,,,,G1,G2,G3,G4,G5,,,,,,,,,,,,,,,,,,,,,,,,,,,
Total W/L,5,0,3,1,4,0,12,1,,2,Wk 1,1,Hardpoint,Bocage,250,Surge,165,FaZe,,,,,,,,,Berlin,33,19.19%,,,,W,L,,10,,2,,83.33%,,,Total,41,41,41,29,13,,,,,,,,,,,,,,,,,,,,,,,,,,,
Win%,100.00%,,75.00%,,100.00%,,92.31%,,,2,Wk 1,2,SnD,Tuscan,5,Surge,6,Surge,,,,,,,,,Bocage,30,17.44%,,Series,,6,2,,,,,,,,,Wins,27,22,26,16,9,,,,,,,,,,,,,,,,,,,,,,,,,,,
PF,1250,,20,,12,,,,,2,Wk 1,3,Control,Gavutu,3,Surge,2,FaZe,,,,,,,,,Desert Siege,12,6.98%,,Games,,7,6,,SnD,,,,,,,,65.85%,53.66%,63.41%,55.17%,69.23%,,,,,,,,,,,,,,,,,,,,,,,,,,,
PA,817,,15,,7,,,,,2,Wk 1,4,Hardpoint,Berlin,161,Surge,250,Surge,,,,,,,,,Gavutu,34,19.77%,,Hardpoint,,8,4,,Sweeps,,Swept,,Sweep W%,,,,,,,,,,,,,,,,,,,,,,,,,,,,,,,,,,,
PPG,250.00,,5.00,,3.00,,,,,2,Wk 1,5,SnD,Berlin,2,Surge,6,Surge,,,,,,,,,Tuscan,63,36.63%,,SnD,,6,3,,3,,1,,75.00%,,,,,,,,,,,,,,,,,,,,,,,,,,,,,,,,,,,
PPGA,163.40,,3.75,,1.75,,,,,2,Wk 2,1,Hardpoint,Gavutu,250,Royal Ravens,194,FaZe,,,,,,,,,,0,0.00%,,Control,,7,3,,Round 11,,,,,,,,,,,,,,,,,,,,,,,,,,,,,,,,,,,,,,,
Avg Diff,86.60,,1.25,,1.25,,,,,2,Wk 2,2,SnD,Bocage,6,Royal Ravens,2,FaZe,,,,,,,,,,0,0.00%,,,,,,,W,,L,,W%,,,,,,,,,,,,,,,,,,,,,,,,,,,,,,,,,,,
,,,,,,,,,,2,Wk 2,3,Control,Gavutu,1,Royal Ravens,3,Royal Ravens,,,,,,,,,,0,0.00%,,Avg Pts in Hardpoint L's,,,,,6,,7,,46.15%,,,,,,,,,,,,,,,,,,,,,,,,,,,,,,,,,,,
3-0,HP,,SnD,,CTR,,Total,,,2,Wk 2,4,Hardpoint,Tuscan,250,Royal Ravens,236,FaZe,,,,,,,,,,0,0.00%,,200.29,,,,,,,,,,,,,,,,,,,,,,,,,,,,,,,,,,,,,,,,,,,,
Subliners,W,L,W,L,W,L,W,L ,,2,Wk 2,1,Hardpoint,Gavutu,250,Ultra,118,FaZe,,,,,,,,,Total,172,,,,,,,,Control,,,,,,,,,,,,,,,,,,,,,,,,,,,,,,,,,,,,,,,
Berlin,1,1,0,0,0,0,1,1,,2,Wk 2,2,SnD,Bocage,3,Ultra,6,Ultra,,,,,,,,,,,,,,,,,,Sweeps,,Swept,,Sweep W%,,,,,,,,,,,,,,,,,,,,,,,,,,,,,,,,,,,
Bocage,0,0,1,0,0,0,1,0,,2,Wk 2,3,Control,Gavutu,2,Ultra,3,Ultra,,,,,,,,,,,,,,,,,,6,,2,,75.00%,,,,,,,,,,,,,,,,,,,,,,,,,,,,,,,,,,,
Desert Siege,0,0,0,0,0,0,0,0,,2,Wk 2,4,Hardpoint,Tuscan,250,Ultra,239,FaZe,,,,,,,,,,,,,,,,,,Round 5,,,,,,,,,,,,,,,,,,,,,,,,,,,,,,,,,,,,,,,
Gavutu,1,0,0,0,2,1,3,1,,2,Wk 2,5,SnD,Berlin,6,Ultra,3,FaZe,,,,,,,,,,,,,,,,,,W,,L,,W%,,,,,,,,,,,,,,,,,,,,,,,,,,,,,,,,,,,
Tuscan,2,0,2,0,0,0,4,0,,2,Wk 3,1,Hardpoint,Gavutu,250,Mutineers,165,FaZe,,,,,,,,,,,,,,,,,,13,,9,,59.09%,,,,,,,,,,,,,,,,,,,,,,,,,,,,,,,,,,,
,0,0,0,0,0,0,0,0,,2,Wk 3,2,SnD,Berlin,3,Mutineers,6,Mutineers,,,,,,,,,,,,,,,,,,,,,,,,,,,,,,,,,,,,,,,,,,,,,,,,,,,,,,,,,
,0,0,0,0,0,0,0,0,,2,Wk 3,3,Control,Tuscan,3,Mutineers,1,FaZe,,,,,,,,,,,,,,,,,,,,,,,,,,,,,,,,,,,,,,,,,,,,,,,,,,,,,,,,,
,0,0,0,0,0,0,0,0,,2,Wk 3,4,Hardpoint,Bocage,250,Mutineers,199,FaZe,,,,,,,,,,,,,,,,,,,,,,,,,,,,,,,,,,,,,,,,,,,,,,,,,,,,,,,,,
,0,0,0,0,0,0,0,0,,2,Wk 3,1,Hardpoint,Gavutu,174,OpTic,250,OpTic,,,,,,,,,,,,,,,,,,,,,,,,,,,,,,,,,,,,,,,,,,,,,,,,,,,,,,,,,
Total W/L,4,1,3,0,2,1,9,2,,2,Wk 3,2,SnD,Tuscan,5,OpTic,6,OpTic,,,,,,,,,,,,,,,,,,,,,,,,,,,,,,,,,,,,,,,,,,,,,,,,,,,,,,,,,
Win%,80.00%,,100.00%,,66.67%,,81.82%,,,2,Wk 3,3,Control,Gavutu,1,OpTic,3,OpTic,,,,,,,,,,,,,,,,,,,,,,,,,,,,,,,,,,,,,,,,,,,,,,,,,,,,,,,,,
PF,1229,,18,,8,,,,,2,Major,1,Hardpoint,Gavutu,250,Subliners,146,FaZe,,,,,,,,,,,,,,,,,,,,,,,,,,,,,,,,,,,,,,,,,,,,,,,,,,,,,,,,,
PA,1000,,11,,6,,,,,2,Major,2,SnD,Tuscan,6,Subliners,5,FaZe,,,,,,,,,,,,,,,,,,,,,,,,,,,,,,,,,,,,,,,,,,,,,,,,,,,,,,,,,
PPG,245.80,,6.00,,2.67,,,,,2,Major,3,Control,Gavutu,3,Subliners,2,FaZe,,,,,,,,,,,,,,,,,,,,,,,,,,,,,,,,,,,,,,,,,,,,,,,,,,,,,,,,,
PPGA,200.00,,3.67,,2.00,,,,,2,Major,1,Hardpoint,Tuscan,250,Surge,210,FaZe,,,,,,,,,,,,,,,,,,,,,,,,,,,,,,,,,,,,,,,,,,,,,,,,,,,,,,,,,
Avg Diff,45.80,,2.33,,0.67,,,,,2,Major,2,SnD,Tuscan,4,Surge,6,Surge,,,,,,,,,,,,,,,,,,,,,,,,,,,,,,,,,,,,,,,,,,,,,,,,,,,,,,,,,
,,,,,,,,,,2,Major,3,Control,Gavutu,3,Surge,1,FaZe,,,,,,,,,,,,,,,,,,,,,,,,,,,,,,,,,,,,,,,,,,,,,,,,,,,,,,,,,
5-0,HP,,SnD,,CTR,,Total,,,2,Major,4,Hardpoint,Bocage,229,Surge,250,Surge,,,,,,,,,,,,,,,,,,,,,,,,,,,,,,,,,,,,,,,,,,,,,,,,,,,,,,,,,
Ultra,W,L,W,L,W,L,W,L ,,2,Major,5,SnD,Berlin,6,Surge,5,FaZe,,,,,,,,,,,,,,,,,,,,,,,,,,,,,,,,,,,,,,,,,,,,,,,,,,,,,,,,,
Berlin,0,0,1,1,0,0,1,1,,2,Major,1,Hardpoint,Gavutu,250,Breach,125,FaZe,,,,,,,,,,,,,,,,,,,,,,,,,,,,,,,,,,,,,,,,,,,,,,,,,,,,,,,,,
Bocage,3,0,0,1,0,0,3,1,,2,Major,2,SnD,Desert Siege,6,Breach,3,FaZe,,,,,,,,,,,,,,,,,,,,,,,,,,,,,,,,,,,,,,,,,,,,,,,,,,,,,,,,,
Desert Siege,0,0,1,1,0,0,1,1,,2,Major,3,Control,Tuscan,3,Breach,2,FaZe,,,,,,,,,,,,,,,,,,,,,,,,,,,,,,,,,,,,,,,,,,,,,,,,,,,,,,,,,
Gavutu,2,0,0,0,1,1,3,1,,2,Major,1,Hardpoint,Gavutu,250,Guerrillas,135,FaZe,,,,,,,,,,,,,,,,,,,,,,,,,,,,,,,,,,,,,,,,,,,,,,,,,,,,,,,,,
Tuscan,2,1,2,0,3,0,7,1,,2,Major,2,SnD,Bocage,4,Guerrillas,6,Guerrillas,,,,,,,,,,,,,,,,,,,,,,,,,,,,,,,,,,,,,,,,,,,,,,,,,,,,,,,,,
,0,0,0,0,0,0,0,0,,2,Major,3,Control,Gavutu,2,Guerrillas,3,Guerrillas,,,,,,,,,,,,,,,,,,,,,,,,,,,,,,,,,,,,,,,,,,,,,,,,,,,,,,,,,
,0,0,0,0,0,0,0,0,,2,Major,4,Hardpoint,Tuscan,227,Guerrillas,250,Guerrillas,,,,,,,,,,,,,,,,,,,,,,,,,,,,,,,,,,,,,,,,,,,,,,,,,,,,,,,,,
,0,0,0,0,0,0,0,0,,2,Major,5,SnD,Desert Siege,1,Guerrillas,6,Guerrillas,,,,,,,,,,,,,,,,,,,,,,,,,,,,,,,,,,,,,,,,,,,,,,,,,,,,,,,,,
,0,0,0,0,0,0,0,0,,2,Major,6,Control,Tuscan,3,Guerrillas,2,FaZe,,,,,,,,,,,,,,,,,,,,,,,,,,,,,,,,,,,,,,,,,,,,,,,,,,,,,,,,,
Total W/L,7,1,4,3,4,1,15,5,,2,Major,7,SnD,Berlin,4,Guerrillas,6,Guerrillas,,,,,,,,,,,,,,,,,,,,,,,,,,,,,,,,,,,,,,,,,,,,,,,,,,,,,,,,,
Win%,87.50%,,57.14%,,80.00%,,75.00%,,,3,Wk 1,1,Hardpoint,Berlin,229,Subliners,250,Subliners,,,,,,,,,,,,,,,,,,,,,,,,,,,,,,,,,,,,,,,,,,,,,,,,,,,,,,,,,
PF,1977,,32,,14,,,,,3,Wk 1,2,SnD,Bocage,6,Subliners,5,FaZe,,,,,,,,,,,,,,,,,,,,,,,,,,,,,,,,,,,,,,,,,,,,,,,,,,,,,,,,,
PA,1397,,26,,9,,,,,3,Wk 1,3,Control,Gavutu,3,Subliners,1,FaZe,,,,,,,,,,,,,,,,,,,,,,,,,,,,,,,,,,,,,,,,,,,,,,,,,,,,,,,,,
PPG,247.13,,4.57,,2.80,,,,,3,Wk 1,4,Hardpoint,Tuscan,250,Subliners,225,FaZe,,,,,,,,,,,,,,,,,,,,,,,,,,,,,,,,,,,,,,,,,,,,,,,,,,,,,,,,,
PPGA,174.63,,3.71,,1.80,,,,,3,Wk 2,1,Hardpoint,Bocage,250,Breach,195,FaZe,,,,,,,,,,,,,,,,,,,,,,,,,,,,,,,,,,,,,,,,,,,,,,,,,,,,,,,,,
Avg Diff,72.50,,0.86,,1.00,,,,,3,Wk 2,2,SnD,Desert Siege,6,Breach,2,FaZe,,,,,,,,,,,,,,,,,,,,,,,,,,,,,,,,,,,,,,,,,,,,,,,,,,,,,,,,,
,,,,,,,,,,3,Wk 2,3,Control,Berlin,3,Breach,2,FaZe,,,,,,,,,,,,,,,,,,,,,,,,,,,,,,,,,,,,,,,,,,,,,,,,,,,,,,,,,
1-1,HP,,SnD,,CTR,,Total,,,3,Wk 2,1,Hardpoint,Gavutu,205,OpTic,250,OpTic,,,,,,,,,,,,,,,,,,,,,,,,,,,,,,,,,,,,,,,,,,,,,,,,,,,,,,,,,
Rokkr,W,L,W,L,W,L,W,L ,,3,Wk 2,2,SnD,Bocage,6,OpTic,4,FaZe,,,,,,,,,,,,,,,,,,,,,,,,,,,,,,,,,,,,,,,,,,,,,,,,,,,,,,,,,
Berlin,0,0,0,0,0,1,0,1,,3,Wk 2,3,Control,Berlin,1,OpTic,3,OpTic,,,,,,,,,,,,,,,,,,,,,,,,,,,,,,,,,,,,,,,,,,,,,,,,,,,,,,,,,
Bocage,0,1,0,1,0,0,0,2,,3,Wk 2,4,Hardpoint,Berlin,178,OpTic,250,OpTic,,,,,,,,,,,,,,,,,,,,,,,,,,,,,,,,,,,,,,,,,,,,,,,,,,,,,,,,,
Desert Siege,0,0,0,0,0,0,0,0,,3,Wk 3,1,Hardpoint,Bocage,143,Rokkr,250,Rokkr,,,,,,,,,,,,,,,,,,,,,,,,,,,,,,,,,,,,,,,,,,,,,,,,,,,,,,,,,
Gavutu,0,0,0,0,0,0,0,0,,3,Wk 3,2,SnD,Bocage,1,Rokkr,6,Rokkr,,,,,,,,,,,,,,,,,,,,,,,,,,,,,,,,,,,,,,,,,,,,,,,,,,,,,,,,,
Tuscan,1,0,1,0,1,0,3,0,,3,Wk 3,3,Control,Berlin,1,Rokkr,3,Rokkr,,,,,,,,,,,,,,,,,,,,,,,,,,,,,,,,,,,,,,,,,,,,,,,,,,,,,,,,,
,0,0,0,0,0,0,0,0,,3,Wk 3,1,Hardpoint,Bocage,156,Guerrillas,250,Guerrillas,,,,,,,,,,,,,,,,,,,,,,,,,,,,,,,,,,,,,,,,,,,,,,,,,,,,,,,,,
,0,0,0,0,0,0,0,0,,3,Wk 3,2,SnD,Desert Siege,6,Guerrillas,1,FaZe,,,,,,,,,,,,,,,,,,,,,,,,,,,,,,,,,,,,,,,,,,,,,,,,,,,,,,,,,
,0,0,0,0,0,0,0,0,,3,Wk 3,3,Control,Gavutu,3,Guerrillas,2,FaZe,,,,,,,,,,,,,,,,,,,,,,,,,,,,,,,,,,,,,,,,,,,,,,,,,,,,,,,,,
,0,0,0,0,0,0,0,0,,3,Wk 3,4,Hardpoint,Tuscan,250,Guerrillas,193,FaZe,,,,,,,,,,,,,,,,,,,,,,,,,,,,,,,,,,,,,,,,,,,,,,,,,,,,,,,,,
Total W/L,1,1,1,1,1,1,3,3,,3,Major,1,Hardpoint,Bocage,250,Ultra,213,FaZe,,,,,,,,,,,,,,,,,,,,,,,,,,,,,,,,,,,,,,,,,,,,,,,,,,,,,,,,,
Win%,50.00%,,50.00%,,50.00%,,50.00%,,,3,Major,2,SnD,Desert Siege,1,Ultra,6,Ultra,,,,,,,,,,,,,,,,,,,,,,,,,,,,,,,,,,,,,,,,,,,,,,,,,,,,,,,,,
PF,393,,7,,4,,,,,3,Major,3,Control,Tuscan,3,Ultra,2,FaZe,,,,,,,,,,,,,,,,,,,,,,,,,,,,,,,,,,,,,,,,,,,,,,,,,,,,,,,,,
PA,413,,11,,4,,,,,3,Major,4,Hardpoint,Tuscan,250,Ultra,168,FaZe,,,,,,,,,,,,,,,,,,,,,,,,,,,,,,,,,,,,,,,,,,,,,,,,,,,,,,,,,
PPG,196.50,,3.50,,2.00,,,,,3,Major,1,Hardpoint,Gavutu,250,Thieves,138,FaZe,,,,,,,,,,,,,,,,,,,,,,,,,,,,,,,,,,,,,,,,,,,,,,,,,,,,,,,,,
PPGA,206.50,,5.50,,2.00,,,,,3,Major,2,SnD,Bocage,6,Thieves,0,FaZe,,,,,,,,,,,,,,,,,,,,,,,,,,,,,,,,,,,,,,,,,,,,,,,,,,,,,,,,,
Avg Diff,-10.00,,-2.00,,0.00,,,,,3,Major,3,Control,Gavutu,3,Thieves,0,FaZe,,,,,,,,,,,,,,,,,,,,,,,,,,,,,,,,,,,,,,,,,,,,,,,,,,,,,,,,,
,,,,,,,,,,3,Major,1,Hardpoint,Bocage,250,Surge,203,FaZe,,,,,,,,,,,,,,,,,,,,,,,,,,,,,,,,,,,,,,,,,,,,,,,,,,,,,,,,,
2-0,HP,,SnD,,CTR,,Total,,,3,Major,2,SnD,Berlin,6,Surge,5,FaZe,,,,,,,,,,,,,,,,,,,,,,,,,,,,,,,,,,,,,,,,,,,,,,,,,,,,,,,,,
Mutineers,W,L,W,L,W,L,W,L ,,3,Major,3,Control,Tuscan,2,Surge,3,Surge,,,,,,,,,,,,,,,,,,,,,,,,,,,,,,,,,,,,,,,,,,,,,,,,,,,,,,,,,
Berlin,0,0,0,2,0,0,0,2,,3,Major,4,Hardpoint,Tuscan,245,Surge,250,Surge,,,,,,,,,,,,,,,,,,,,,,,,,,,,,,,,,,,,,,,,,,,,,,,,,,,,,,,,,
Bocage,1,0,0,0,0,0,1,0,,3,Major,5,SnD,Desert Siege,1,Surge,6,Surge,,,,,,,,,,,,,,,,,,,,,,,,,,,,,,,,,,,,,,,,,,,,,,,,,,,,,,,,,
Desert Siege,0,0,0,0,0,0,0,0,,3,Major,1,Hardpoint,Bocage,250,Ultra,129,FaZe,,,,,,,,,,,,,,,,,,,,,,,,,,,,,,,,,,,,,,,,,,,,,,,,,,,,,,,,,
Gavutu,2,0,0,0,0,0,2,0,,3,Major,2,SnD,Berlin,4,Ultra,6,Ultra,,,,,,,,,,,,,,,,,,,,,,,,,,,,,,,,,,,,,,,,,,,,,,,,,,,,,,,,,
Tuscan,1,0,0,0,2,0,3,0,,3,Major,3,Control,Tuscan,3,Ultra,1,FaZe,,,,,,,,,,,,,,,,,,,,,,,,,,,,,,,,,,,,,,,,,,,,,,,,,,,,,,,,,
,0,0,0,0,0,0,0,0,,3,Major,4,Hardpoint,Tuscan,227,Ultra,250,Ultra,,,,,,,,,,,,,,,,,,,,,,,,,,,,,,,,,,,,,,,,,,,,,,,,,,,,,,,,,
,0,0,0,0,0,0,0,0,,3,Major,5,SnD,Tuscan,6,Ultra,2,FaZe,,,,,,,,,,,,,,,,,,,,,,,,,,,,,,,,,,,,,,,,,,,,,,,,,,,,,,,,,
,0,0,0,0,0,0,0,0,,3,Major,1,Hardpoint,Bocage,217,Surge,250,Surge,,,,,,,,,,,,,,,,,,,,,,,,,,,,,,,,,,,,,,,,,,,,,,,,,,,,,,,,,
,0,0,0,0,0,0,0,0,,3,Major,2,SnD,Bocage,5,Surge,6,Surge,,,,,,,,,,,,,,,,,,,,,,,,,,,,,,,,,,,,,,,,,,,,,,,,,,,,,,,,,
Total W/L,4,0,0,2,2,0,6,2,,3,Major,3,Control,Tuscan,0,Surge,3,Surge,,,,,,,,,,,,,,,,,,,,,,,,,,,,,,,,,,,,,,,,,,,,,,,,,,,,,,,,,
Win%,100.00%,,0.00%,,100.00%,,75.00%,,,3,Major,4,Hardpoint,Berlin,250,Surge,212,FaZe,,,,,,,,,,,,,,,,,,,,,,,,,,,,,,,,,,,,,,,,,,,,,,,,,,,,,,,,,
PF,1000,,4,,6,,,,,3,Major,5,SnD,Desert Siege,6,Surge,3,FaZe,,,,,,,,,,,,,,,,,,,,,,,,,,,,,,,,,,,,,,,,,,,,,,,,,,,,,,,,,
PA,739,,12,,1,,,,,3,Major,6,Control,Berlin,2,Surge,3,Surge,,,,,,,,,,,,,,,,,,,,,,,,,,,,,,,,,,,,,,,,,,,,,,,,,,,,,,,,,
PPG,250.00,,2.00,,3.00,,,,,3,Major,7,SnD,Tuscan,6,Surge,4,FaZe,,,,,,,,,,,,,,,,,,,,,,,,,,,,,,,,,,,,,,,,,,,,,,,,,,,,,,,,,
PPGA,184.75,,6.00,,0.50,,,,,3,Major,8,Hardpoint,Tuscan,196,Surge,250,Surge,,,,,,,,,,,,,,,,,,,,,,,,,,,,,,,,,,,,,,,,,,,,,,,,,,,,,,,,,
Avg Diff,65.25,,-4.00,,2.50,,,,,4,Wk 1,1,Hardpoint,Gavutu,128,Thieves,250,Thieves,,,,,,,,,,,,,,,,,,,,,,,,,,,,,,,,,,,,,,,,,,,,,,,,,,,,,,,,,
,,,,,,,,,,4,Wk 1,2,SnD,Berlin,6,Thieves,0,FaZe,,,,,,,,,,,,,,,,,,,,,,,,,,,,,,,,,,,,,,,,,,,,,,,,,,,,,,,,,
2-1,HP,,SnD,,CTR,,Total,,,4,Wk 1,3,Control,Tuscan,2,Thieves,3,Thieves,,,,,,,,,,,,,,,,,,,,,,,,,,,,,,,,,,,,,,,,,,,,,,,,,,,,,,,,,
Royal Ravens,W,L,W,L,W,L,W,L ,,4,Wk 1,4,Hardpoint,Tuscan,250,Thieves,185,FaZe,,,,,,,,,,,,,,,,,,,,,,,,,,,,,,,,,,,,,,,,,,,,,,,,,,,,,,,,,
Berlin,0,0,0,0,1,0,1,0,,4,Wk 1,5,SnD,Bocage,6,Thieves,0,FaZe,,,,,,,,,,,,,,,,,,,,,,,,,,,,,,,,,,,,,,,,,,,,,,,,,,,,,,,,,
Bocage,0,0,1,1,0,0,1,1,,4,Wk 2,1,Hardpoint,Gavutu,250,Ultra,136,FaZe,,,,,,,,,,,,,,,,,,,,,,,,,,,,,,,,,,,,,,,,,,,,,,,,,,,,,,,,,
Desert Siege,0,0,0,1,0,0,0,1,,4,Wk 2,2,SnD,Tuscan,6,Ultra,2,FaZe,,,,,,,,,,,,,,,,,,,,,,,,,,,,,,,,,,,,,,,,,,,,,,,,,,,,,,,,,
Gavutu,2,1,0,0,0,1,2,2,,4,Wk 2,3,Control,Gavutu,3,Ultra,2,FaZe,,,,,,,,,,,,,,,,,,,,,,,,,,,,,,,,,,,,,,,,,,,,,,,,,,,,,,,,,
Tuscan,2,1,0,0,1,0,3,1,,4,Wk 2,1,Hardpoint,Bocage,206,Guerrillas,250,Guerrillas,,,,,,,,,,,,,,,,,,,,,,,,,,,,,,,,,,,,,,,,,,,,,,,,,,,,,,,,,
,0,0,0,0,0,0,0,0,,4,Wk 2,2,SnD,Berlin,6,Guerrillas,4,FaZe,,,,,,,,,,,,,,,,,,,,,,,,,,,,,,,,,,,,,,,,,,,,,,,,,,,,,,,,,
,0,0,0,0,0,0,0,0,,4,Wk 2,3,Control,Tuscan,1,Guerrillas,3,Guerrillas,,,,,,,,,,,,,,,,,,,,,,,,,,,,,,,,,,,,,,,,,,,,,,,,,,,,,,,,,
,0,0,0,0,0,0,0,0,,4,Wk 2,4,Hardpoint,Berlin,241,Guerrillas,250,Guerrillas,,,,,,,,,,,,,,,,,,,,,,,,,,,,,,,,,,,,,,,,,,,,,,,,,,,,,,,,,
,0,0,0,0,0,0,0,0,,4,Wk 3,1,Hardpoint,Gavutu,247,Royal Ravens,250,Royal Ravens,,,,,,,,,,,,,,,,,,,,,,,,,,,,,,,,,,,,,,,,,,,,,,,,,,,,,,,,,
Total W/L,4,2,1,2,2,1,7,5,,4,Wk 3,2,SnD,Bocage,4,Royal Ravens,6,Royal Ravens,,,,,,,,,,,,,,,,,,,,,,,,,,,,,,,,,,,,,,,,,,,,,,,,,,,,,,,,,
Win%,66.67%,,33.33%,,66.67%,,58.33%,,,4,Wk 3,3,Control,Berlin,3,Royal Ravens,0,FaZe,,,,,,,,,,,,,,,,,,,,,,,,,,,,,,,,,,,,,,,,,,,,,,,,,,,,,,,,,
PF,1487,,15,,7,,,,,4,Wk 3,4,Hardpoint,Tuscan,240,Royal Ravens,250,Royal Ravens,,,,,,,,,,,,,,,,,,,,,,,,,,,,,,,,,,,,,,,,,,,,,,,,,,,,,,,,,
PA,1279,,14,,5,,,,,4,Wk 3,1,Hardpoint,Tuscan,250,Surge,224,FaZe,,,,,,,,,,,,,,,,,,,,,,,,,,,,,,,,,,,,,,,,,,,,,,,,,,,,,,,,,
PPG,247.83,,5.00,,2.33,,,,,4,Wk 3,2,SnD,Berlin,6,Surge,2,FaZe,,,,,,,,,,,,,,,,,,,,,,,,,,,,,,,,,,,,,,,,,,,,,,,,,,,,,,,,,
PPGA,213.17,,4.67,,1.67,,,,,4,Wk 3,3,Control,Berlin,3,Surge,2,FaZe,,,,,,,,,,,,,,,,,,,,,,,,,,,,,,,,,,,,,,,,,,,,,,,,,,,,,,,,,
Avg Diff,34.67,,0.33,,0.67,,,,,4,Major,1,Hardpoint,Tuscan,148,Thieves,250,Thieves,,,,,,,,,,,,,,,,,,,,,,,,,,,,,,,,,,,,,,,,,,,,,,,,,,,,,,,,,
,,,,,,,,,,4,Major,2,SnD,Tuscan,2,Thieves,6,Thieves,,,,,,,,,,,,,,,,,,,,,,,,,,,,,,,,,,,,,,,,,,,,,,,,,,,,,,,,,
2-0,HP,,SnD,,CTR,,Total,,,4,Major,3,Control,Tuscan,3,Thieves,2,FaZe,,,,,,,,,,,,,,,,,,,,,,,,,,,,,,,,,,,,,,,,,,,,,,,,,,,,,,,,,
Legion,W,L,W,L,W,L,W,L ,,4,Major,4,Hardpoint,Berlin,174,Thieves,250,Thieves,,,,,,,,,,,,,,,,,,,,,,,,,,,,,,,,,,,,,,,,,,,,,,,,,,,,,,,,,
Berlin,0,0,2,0,0,0,2,0,,4,Major,1,Hardpoint,Bocage,250,Legion,166,FaZe,,,,,,,,,,,,,,,,,,,,,,,,,,,,,,,,,,,,,,,,,,,,,,,,,,,,,,,,,
Bocage,1,0,0,0,0,0,1,0,,4,Major,2,SnD,Tuscan,5,Legion,6,Legion,,,,,,,,,,,,,,,,,,,,,,,,,,,,,,,,,,,,,,,,,,,,,,,,,,,,,,,,,
Desert Siege,0,0,1,0,0,0,1,0,,4,Major,3,Control,Tuscan,3,Legion,0,FaZe,,,,,,,,,,,,,,,,,,,,,,,,,,,,,,,,,,,,,,,,,,,,,,,,,,,,,,,,,
Gavutu,0,1,0,0,0,1,0,2,,4,Major,4,Hardpoint,Tuscan,235,Legion,250,Legion,,,,,,,,,,,,,,,,,,,,,,,,,,,,,,,,,,,,,,,,,,,,,,,,,,,,,,,,,
Tuscan,1,1,0,1,1,0,2,2,,4,Major,5,SnD,Berlin,6,Legion,2,FaZe,,,,,,,,,,,,,,,,,,,,,,,,,,,,,,,,,,,,,,,,,,,,,,,,,,,,,,,,,
,0,0,0,0,0,0,0,0,,4,Major,1,Hardpoint,Bocage,250,Guerrillas,214,FaZe,,,,,,,,,,,,,,,,,,,,,,,,,,,,,,,,,,,,,,,,,,,,,,,,,,,,,,,,,
,0,0,0,0,0,0,0,0,,4,Major,2,SnD,Berlin,6,Guerrillas,3,FaZe,,,,,,,,,,,,,,,,,,,,,,,,,,,,,,,,,,,,,,,,,,,,,,,,,,,,,,,,,
,0,0,0,0,0,0,0,0,,4,Major,3,Control,Tuscan,3,Guerrillas,0,FaZe,,,,,,,,,,,,,,,,,,,,,,,,,,,,,,,,,,,,,,,,,,,,,,,,,,,,,,,,,
,0,0,0,0,0,0,0,0,,4,Major,1,Hardpoint,Gavutu,250,Mutineers,180,FaZe,,,,,,,,,,,,,,,,,,,,,,,,,,,,,,,,,,,,,,,,,,,,,,,,,,,,,,,,,
Total W/L,2,2,3,1,1,1,6,4,,4,Major,2,SnD,Berlin,1,Mutineers,6,Mutineers,,,,,,,,,,,,,,,,,,,,,,,,,,,,,,,,,,,,,,,,,,,,,,,,,,,,,,,,,
Win%,50.00%,,75.00%,,50.00%,,60.00%,,,4,Major,3,Control,Tuscan,3,Mutineers,0,FaZe,,,,,,,,,,,,,,,,,,,,,,,,,,,,,,,,,,,,,,,,,,,,,,,,,,,,,,,,,
PF,953,,23,,4,,,,,4,Major,4,Hardpoint,Tuscan,250,Mutineers,195,FaZe,,,,,,,,,,,,,,,,,,,,,,,,,,,,,,,,,,,,,,,,,,,,,,,,,,,,,,,,,
PA,840,,12,,3,,,,,4,Major,1,Hardpoint,Bocage,250,OpTic,186,FaZe,,,,,,,,,,,,,,,,,,,,,,,,,,,,,,,,,,,,,,,,,,,,,,,,,,,,,,,,,
PPG,238.25,,5.75,,2.00,,,,,4,Major,2,SnD,Bocage,3,OpTic,6,OpTic,,,,,,,,,,,,,,,,,,,,,,,,,,,,,,,,,,,,,,,,,,,,,,,,,,,,,,,,,
PPGA,210.00,,3.00,,1.50,,,,,4,Major,3,Control,Tuscan,3,OpTic,2,FaZe,,,,,,,,,,,,,,,,,,,,,,,,,,,,,,,,,,,,,,,,,,,,,,,,,,,,,,,,,
Avg Diff,28.25,,2.75,,0.50,,,,,4,Major,4,Hardpoint,Tuscan,250,OpTic,147,FaZe,,,,,,,,,,,,,,,,,,,,,,,,,,,,,,,,,,,,,,,,,,,,,,,,,,,,,,,,,
,,,,,,,,,,4,Major,1,Hardpoint,Tuscan,250,Thieves,207,FaZe,,,,,,,,,,,,,,,,,,,,,,,,,,,,,,,,,,,,,,,,,,,,,,,,,,,,,,,,,
2-3,HP,,SnD,,CTR,,Total,,,4,Major,2,SnD,Berlin,5,Thieves,6,Thieves,,,,,,,,,,,,,,,,,,,,,,,,,,,,,,,,,,,,,,,,,,,,,,,,,,,,,,,,,
Surge,W,L,W,L,W,L,W,L ,,4,Major,3,Control,Tuscan,0,Thieves,3,Thieves,,,,,,,,,,,,,,,,,,,,,,,,,,,,,,,,,,,,,,,,,,,,,,,,,,,,,,,,,
Berlin,1,1,3,1,1,1,5,3,,4,Major,4,Hardpoint,Berlin,207,Thieves,250,Thieves,,,,,,,,,,,,,,,,,,,,,,,,,,,,,,,,,,,,,,,,,,,,,,,,,,,,,,,,,
Bocage,2,2,0,1,0,0,2,3,,,,,,,,,,,,,,,,,,,,,,,,,,,,,,,,,,,,,,,,,,,,,,,,,,,,,,,,,,,,,,,,,,,
Desert Siege,0,0,1,1,0,0,1,1,,,,,,,,,,,,,,,,,,,,,,,,,,,,,,,,,,,,,,,,,,,,,,,,,,,,,,,,,,,,,,,,,,,
Gavutu,0,0,0,0,2,0,2,0,,,,,,,,,,,,,,,,,,,,,,,,,,,,,,,,,,,,,,,,,,,,,,,,,,,,,,,,,,,,,,,,,,,
Tuscan,2,2,1,2,0,2,3,6,,,,,,,,,,,,,,,,,,,,,,,,,,,,,,,,,,,,,,,,,,,,,,,,,,,,,,,,,,,,,,,,,,,
,0,0,0,0,0,0,0,0,,,,,,,,,,,,,,,,,,,,,,,,,,,,,,,,,,,,,,,,,,,,,,,,,,,,,,,,,,,,,,,,,,,
,0,0,0,0,0,0,0,0,,,,,,,,,,,,,,,,,,,,,,,,,,,,,,,,,,,,,,,,,,,,,,,,,,,,,,,,,,,,,,,,,,,
,0,0,0,0,0,0,0,0,,,,,,,,,,,,,,,,,,,,,,,,,,,,,,,,,,,,,,,,,,,,,,,,,,,,,,,,,,,,,,,,,,,
,0,0,0,0,0,0,0,0,,,,,,,,,,,,,,,,,,,,,,,,,,,,,,,,,,,,,,,,,,,,,,,,,,,,,,,,,,,,,,,,,,,
Total W/L,5,5,5,5,3,3,13,13,,,,,,,,,,,,,,,,,,,,,,,,,,,,,,,,,,,,,,,,,,,,,,,,,,,,,,,,,,,,,,,,,,,
Win%,50.00%,,50.00%,,50.00%,,50.00%,,,,,,,,,,,,,,,,,,,,,,,,,,,,,,,,,,,,,,,,,,,,,,,,,,,,,,,,,,,,,,,,,,,,
PF,2298,,47,,13,,,,,,,,,,,,,,,,,,,,,,,,,,,,,,,,,,,,,,,,,,,,,,,,,,,,,,,,,,,,,,,,,,,,,,
PA,2264,,49,,14,,,,,,,,,,,,,,,,,,,,,,,,,,,,,,,,,,,,,,,,,,,,,,,,,,,,,,,,,,,,,,,,,,,,,,
PPG,229.80,,4.70,,2.17,,,,,,,,,,,,,,,,,,,,,,,,,,,,,,,,,,,,,,,,,,,,,,,,,,,,,,,,,,,,,,,,,,,,,,
PPGA,226.40,,4.90,,2.33,,,,,,,,,,,,,,,,,,,,,,,,,,,,,,,,,,,,,,,,,,,,,,,,,,,,,,,,,,,,,,,,,,,,,,
Avg Diff,3.40,,-0.20,,-0.17,,,,,,,,,,,,,,,,,,,,,,,,,,,,,,,,,,,,,,,,,,,,,,,,,,,,,,,,,,,,,,,,,,,,,,
,,,,,,,,,,,,,,,,,,,,,,,,,,,,,,,,,,,,,,,,,,,,,,,,,,,,,,,,,,,,,,,,,,,,,,,,,,,
1-4,HP,,SnD,,CTR,,Total,,,,,,,,,,,,,,,,,,,,,,,,,,,,,,,,,,,,,,,,,,,,,,,,,,,,,,,,,,,,,,,,,,,,
Optic,W,L,W,L,W,L,W,L ,,,,,,,,,,,,,,,,,,,,,,,,,,,,,,,,,,,,,,,,,,,,,,,,,,,,,,,,,,,,,,,,,,,
Berlin,0,1,1,1,0,1,1,3,,,,,,,,,,,,,,,,,,,,,,,,,,,,,,,,,,,,,,,,,,,,,,,,,,,,,,,,,,,,,,,,,,,
Bocage,2,0,1,1,0,0,3,1,,,,,,,,,,,,,,,,,,,,,,,,,,,,,,,,,,,,,,,,,,,,,,,,,,,,,,,,,,,,,,,,,,,
Desert Siege,0,0,1,0,0,0,1,0,,,,,,,,,,,,,,,,,,,,,,,,,,,,,,,,,,,,,,,,,,,,,,,,,,,,,,,,,,,,,,,,,,,
Gavutu,0,4,0,0,0,2,0,6,,,,,,,,,,,,,,,,,,,,,,,,,,,,,,,,,,,,,,,,,,,,,,,,,,,,,,,,,,,,,,,,,,,
Tuscan,1,1,1,2,1,2,3,5,,,,,,,,,,,,,,,,,,,,,,,,,,,,,,,,,,,,,,,,,,,,,,,,,,,,,,,,,,,,,,,,,,,
,0,0,0,0,0,0,0,0,,,,,,,,,,,,,,,,,,,,,,,,,,,,,,,,,,,,,,,,,,,,,,,,,,,,,,,,,,,,,,,,,,,
,0,0,0,0,0,0,0,0,,,,,,,,,,,,,,,,,,,,,,,,,,,,,,,,,,,,,,,,,,,,,,,,,,,,,,,,,,,,,,,,,,,
,0,0,0,0,0,0,0,0,,,,,,,,,,,,,,,,,,,,,,,,,,,,,,,,,,,,,,,,,,,,,,,,,,,,,,,,,,,,,,,,,,,
,0,0,0,0,0,0,0,0,,,,,,,,,,,,,,,,,,,,,,,,,,,,,,,,,,,,,,,,,,,,,,,,,,,,,,,,,,,,,,,,,,,
Total W/L,3,6,4,4,1,5,8,15,,,,,,,,,,,,,,,,,,,,,,,,,,,,,,,,,,,,,,,,,,,,,,,,,,,,,,,,,,,,,,,,,,,
Win%,33.33%,,50.00%,,16.67%,,34.78%,,,,,,,,,,,,,,,,,,,,,,,,,,,,,,,,,,,,,,,,,,,,,,,,,,,,,,,,,,,,,,,,,,,,
PF,1835,,36,,11,,,,,,,,,,,,,,,,,,,,,,,,,,,,,,,,,,,,,,,,,,,,,,,,,,,,,,,,,,,,,,,,,,,,,,
PA,2010,,39,,17,,,,,,,,,,,,,,,,,,,,,,,,,,,,,,,,,,,,,,,,,,,,,,,,,,,,,,,,,,,,,,,,,,,,,,
PPG,203.89,,4.50,,1.83,,,,,,,,,,,,,,,,,,,,,,,,,,,,,,,,,,,,,,,,,,,,,,,,,,,,,,,,,,,,,,,,,,,,,,
PPGA,223.33,,4.88,,2.83,,,,,,,,,,,,,,,,,,,,,,,,,,,,,,,,,,,,,,,,,,,,,,,,,,,,,,,,,,,,,,,,,,,,,,
Avg Diff,-19.44,,-0.38,,-1.00,,,,,,,,,,,,,,,,,,,,,,,,,,,,,,,,,,,,,,,,,,,,,,,,,,,,,,,,,,,,,,,,,,,,,,
,,,,,,,,,,,,,,,,,,,,,,,,,,,,,,,,,,,,,,,,,,,,,,,,,,,,,,,,,,,,,,,,,,,,,,,,,,,
2-2,HP,,SnD,,CTR,,Total,,,,,,,,,,,,,,,,,,,,,,,,,,,,,,,,,,,,,,,,,,,,,,,,,,,,,,,,,,,,,,,,,,,,
Guerrillas,W,L,W,L,W,L,W,L ,,,,,,,,,,,,,,,,,,,,,,,,,,,,,,,,,,,,,,,,,,,,,,,,,,,,,,,,,,,,,,,,,,,
Berlin,0,1,2,1,0,0,2,2,,,,,,,,,,,,,,,,,,,,,,,,,,,,,,,,,,,,,,,,,,,,,,,,,,,,,,,,,,,,,,,,,,,
Bocage,1,2,0,1,0,0,1,3,,,,,,,,,,,,,,,,,,,,,,,,,,,,,,,,,,,,,,,,,,,,,,,,,,,,,,,,,,,,,,,,,,,
Desert Siege,0,0,1,1,0,0,1,1,,,,,,,,,,,,,,,,,,,,,,,,,,,,,,,,,,,,,,,,,,,,,,,,,,,,,,,,,,,,,,,,,,,
Gavutu,1,0,0,0,1,1,2,1,,,,,,,,,,,,,,,,,,,,,,,,,,,,,,,,,,,,,,,,,,,,,,,,,,,,,,,,,,,,,,,,,,,
Tuscan,1,1,0,0,2,1,3,2,,,,,,,,,,,,,,,,,,,,,,,,,,,,,,,,,,,,,,,,,,,,,,,,,,,,,,,,,,,,,,,,,,,
,0,0,0,0,0,0,0,0,,,,,,,,,,,,,,,,,,,,,,,,,,,,,,,,,,,,,,,,,,,,,,,,,,,,,,,,,,,,,,,,,,,
,0,0,0,0,0,0,0,0,,,,,,,,,,,,,,,,,,,,,,,,,,,,,,,,,,,,,,,,,,,,,,,,,,,,,,,,,,,,,,,,,,,
,0,0,0,0,0,0,0,0,,,,,,,,,,,,,,,,,,,,,,,,,,,,,,,,,,,,,,,,,,,,,,,,,,,,,,,,,,,,,,,,,,,
,0,0,0,0,0,0,0,0,,,,,,,,,,,,,,,,,,,,,,,,,,,,,,,,,,,,,,,,,,,,,,,,,,,,,,,,,,,,,,,,,,,
Total W/L,3,4,3,3,3,2,9,9,,,,,,,,,,,,,,,,,,,,,,,,,,,,,,,,,,,,,,,,,,,,,,,,,,,,,,,,,,,,,,,,,,,
Win%,42.86%,,50.00%,,60.00%,,50.00%,,,,,,,,,,,,,,,,,,,,,,,,,,,,,,,,,,,,,,,,,,,,,,,,,,,,,,,,,,,,,,,,,,,,
PF,1580,,27,,12,,,,,,,,,,,,,,,,,,,,,,,,,,,,,,,,,,,,,,,,,,,,,,,,,,,,,,,,,,,,,,,,,,,,,,
PA,1542,,26,,10,,,,,,,,,,,,,,,,,,,,,,,,,,,,,,,,,,,,,,,,,,,,,,,,,,,,,,,,,,,,,,,,,,,,,,
PPG,225.71,,4.50,,2.40,,,,,,,,,,,,,,,,,,,,,,,,,,,,,,,,,,,,,,,,,,,,,,,,,,,,,,,,,,,,,,,,,,,,,,
PPGA,220.29,,4.33,,2.00,,,,,,,,,,,,,,,,,,,,,,,,,,,,,,,,,,,,,,,,,,,,,,,,,,,,,,,,,,,,,,,,,,,,,,
Avg Diff,5.43,,0.17,,0.40,,,,,,,,,,,,,,,,,,,,,,,,,,,,,,,,,,,,,,,,,,,,,,,,,,,,,,,,,,,,,,,,,,,,,,