Map,Team,P1,P2,P3,P4,P5,P1.1,P2.1,P3.1,P4.1,P5.1,P1.2,P2.2,P3.2,P4.2,P5.2,Total
Bocage,Mutineers,19,23,11,13,34,10,17,31,15.0,22.0,19.0,11.0,25.0,,,250
Bocage,Guerrillas,3,23,20,30,5,10,31,12,31.0,24.0,19.0,28.0,10.0,,,246
Berlin,Mutineers,25,12,54,0,12,26,33,44,31.0,13.0,,,,,,250
Berlin,Guerrillas,18,32,0,41,11,22,17,11,9.0,1.0,,,,,,162
Bocage,Surge,27,38,5,30,8,30,2,8,38.0,16.0,29.0,19.0,,,,250
Bocage,Royal Ravens,10,12,28,16,18,3,37,39,6.0,30.0,4.0,0.0,,,,203
Bocage,Subliners,10,13,20,32,38,4,45,39,33.0,12.0,4.0,,,,,250
Bocage,Breach,8,23,19,7,1,22,6,7,19.0,27.0,1.0,,,,,140
Berlin,Subliners,34,10,26,10,9,17,27,26,28.0,32.0,21.0,0.0,,,,240
Berlin,Breach,6,30,25,29,22,35,13,25,8.0,0.0,27.0,30.0,,,,250
Gavutu,Thieves,8,19,13,21,44,28,37,41,0.0,39.0,,,,,,250
Gavutu,Legion,32,29,30,30,3,23,18,2,47.0,0.0,,,,,,214
Tuscan,Thieves,45,12,25,42,41,2,16,40,27.0,,,,,,,250
Tuscan,Legion,1,27,15,8,11,36,22,3,15.0,,,,,,,138
Bocage,FaZe,11,33,5,39,11,17,33,45,12.0,37.0,7.0,,,,,250
Bocage,Surge,3,9,36,4,17,15,9,5,30.0,10.0,12.0,,,,,150
Tuscan,FaZe,36,7,34,38,27,19,11,19,0.0,5.0,0.0,,,,,196
Tuscan,Surge,4,47,6,7,13,28,40,13,57.0,33.0,2.0,,,,,250
Gavutu,Ultra,32,40,48,9,9,42,11,21,20.0,18.0,,,,,,250
Gavutu,Mutineers,0,1,3,40,35,4,30,19,29.0,22.0,,,,,,183
Berlin,Ultra,14,9,27,45,2,26,23,55,27.0,10.0,12.0,,,,,250
Berlin,Mutineers,33,19,22,0,13,12,15,0,23.0,13.0,0.0,,,,,150
Bocage,Rokkr,15,10,23,41,0,13,21,25,16.0,20.0,16.0,16.0,26.0,,,242
Bocage,Subliners,7,36,20,0,44,9,14,22,27.0,19.0,11.0,26.0,15.0,,,250
Gavutu,OpTic,22,3,20,21,8,56,9,23,55.0,0.0,0.0,,,,,217
Gavutu,Thieves,22,47,22,18,33,0,24,34,0.0,39.0,11.0,,,,,250
Tuscan,OpTic,32,36,15,0,28,5,11,27,38.0,28.0,18.0,,,,,238
Tuscan,Thieves,6,11,26,44,21,36,33,18,12.0,19.0,24.0,,,,,250
Gavutu,Subliners,3,9,47,0,50,17,16,49,8.0,30.0,21.0,,,,,250
Gavutu,Surge,38,42,0,49,0,33,14,0,42.0,15.0,0.0,,,,,233
Tuscan,Subliners,49,41,6,4,21,0,9,43,27.0,0.0,,,,,,200
Tuscan,Surge,0,6,34,49,24,54,31,0,19.0,33.0,,,,,,250
Bocage,Ultra,3,2,45,3,27,3,9,24,8.0,17.0,6.0,,,,,147
Bocage,Thieves,11,36,3,41,9,22,40,25,26.0,26.0,11.0,,,,,250
Tuscan,Ultra,28,8,26,38,4,39,15,0,57.0,26.0,9.0,,,,,250
Tuscan,Thieves,12,40,28,6,51,13,13,59,0.0,21.0,5.0,,,,,248
Bocage,Ultra,9,35,25,35,3,13,45,7,13.0,11.0,6.0,1.0,0.0,,,203
Bocage,Surge,3,7,10,7,46,11,0,29,25.0,43.0,17.0,49.0,3.0,,,250
Berlin,Ultra,46,35,52,18,17,29,26,27,,,,,,,,250
Berlin,Surge,0,5,2,13,14,14,23,0,,,,,,,,71
Gavutu,Mutineers,0,50,8,25,11,0,25,0,,,,,,,,119
Gavutu,Royal Ravens,40,0,45,32,29,45,26,33,,,,,,,,250
Bocage,Guerrillas,9,0,30,15,28,8,19,20,48.0,4.0,23.0,22.0,24.0,,,250
Bocage,Breach,7,49,12,30,7,13,24,23,6.0,42.0,3.0,9.0,12.0,,,237
Berlin,Guerrillas,12,13,50,1,12,24,2,23,16.0,37.0,47.0,9.0,4.0,,,250
Berlin,Breach,30,28,3,19,16,26,41,28,5.0,0.0,2.0,16.0,0.0,,,214
Tuscan,Surge,19,32,24,15,53,35,30,0,25.0,9.0,8.0,,,,,250
Tuscan,Subliners,28,14,6,28,3,13,15,28,10.0,26.0,0.0,,,,,171
Gavutu,Legion,42,34,22,8,30,42,2,36,0.0,34.0,,,,,,250
Gavutu,FaZe,0,17,22,46,15,7,45,10,56.0,0.0,,,,,,218
Tuscan,Legion,51,0,39,2,25,15,6,14,19.0,3.0,,,,,,174
Tuscan,FaZe,0,56,1,44,27,41,32,14,24.0,11.0,,,,,,250
Bocage,OpTic,6,25,19,22,24,4,17,13,20.0,36.0,2.0,0.0,,,,188
Bocage,Royal Ravens,5,24,10,15,12,13,17,25,22.0,5.0,15.0,0.0,,,,163
Berlin,OpTic,11,11,34,16,10,27,21,1,19.0,0.0,,,,,,150
Berlin,Royal Ravens,39,39,4,23,17,26,15,50,32.0,5.0,,,,,,250
Tuscan,Surge,0,40,0,41,30,22,38,29,29.0,21.0,,,,,,250
Tuscan,Ultra,44,7,35,7,18,16,9,9,14.0,0.0,,,,,,159
Berlin,Surge,23,7,26,0,17,10,4,55,0.0,,,,,,,142
Berlin,Ultra,15,40,19,44,21,47,45,0,19.0,,,,,,,250
Berlin,Subliners,6,3,24,20,23,29,2,38,10.0,3.0,,,,,,158
Berlin,Guerrillas,37,46,19,6,12,18,49,14,28.0,21.0,,,,,,250
Tuscan,Subliners,26,30,18,5,26,43,4,28,17.0,37.0,1.0,,,,,235
Tuscan,Guerrillas,20,1,30,44,19,4,42,8,36.0,13.0,33.0,,,,,250
Bocage,Legion,9,3,27,19,15,21,32,11,7.0,17.0,18.0,14.0,7.0,,,200
Bocage,Mutineers,12,37,13,23,22,11,9,35,32.0,18.0,1.0,28.0,9.0,,,250
Tuscan,Legion,12,10,0,13,11,23,15,22,19.0,15.0,,,,,,140
Tuscan,Mutineers,25,27,53,31,35,26,10,8,29.0,6.0,,,,,,250
Tuscan,FaZe,0,50,0,45,21,14,30,24,39.0,15.0,10.0,,,,,248
Tuscan,Thieves,49,0,43,5,16,36,20,26,12.0,35.0,8.0,,,,,250
Bocage,FaZe,28,39,18,29,21,13,44,15,27.0,16.0,,,,,,250
Bocage,Thieves,9,0,23,19,18,16,0,30,11.0,10.0,,,,,,136
Tuscan,OpTic,22,17,39,13,22,40,40,25,14.0,18.0,,,,,,250
Tuscan,Rokkr,27,26,10,34,17,4,2,7,24.0,6.0,,,,,,157
Berlin,OpTic,22,25,33,26,7,18,47,16,2.0,0.0,33.0,15.0,0.0,,,244
Berlin,Rokkr,14,10,14,13,23,28,5,28,21.0,29.0,15.0,21.0,29.0,,,250
Bocage,Mutineers,19,23,11,13,34,10,17,31,15.0,22.0,19.0,11.0,25.0,,,250
Bocage,Guerrillas,3,23,20,30,5,10,31,12,31.0,24.0,19.0,28.0,10.0,,,246
Berlin,Mutineers,25,12,54,0,12,26,33,44,31.0,13.0,,,,,,250
Berlin,Guerrillas,18,32,0,41,11,22,17,11,9.0,1.0,,,,,,162
Bocage,Surge,27,38,5,30,8,30,2,8,38.0,16.0,29.0,19.0,,,,250
Bocage,Royal Ravens,10,12,28,16,18,3,37,39,6.0,30.0,4.0,0.0,,,,203
Bocage,Subliners,10,13,20,32,38,4,45,39,33.0,12.0,4.0,,,,,250
Bocage,Breach,8,23,19,7,1,22,6,7,19.0,27.0,1.0,,,,,140
Berlin,Subliners,34,10,26,10,9,17,27,26,28.0,32.0,21.0,0.0,,,,240
Berlin,Breach,6,30,25,29,22,35,13,25,8.0,0.0,27.0,30.0,,,,250
Gavutu,Thieves,8,19,13,21,44,28,37,41,0.0,39.0,,,,,,250
Gavutu,Legion,32,29,30,30,3,23,18,2,47.0,0.0,,,,,,214
Tuscan,Thieves,45,12,25,42,41,2,16,40,27.0,,,,,,,250
Tuscan,Legion,1,27,15,8,11,36,22,3,15.0,,,,,,,138
Bocage,FaZe,11,33,5,39,11,17,33,45,12.0,37.0,7.0,,,,,250
Bocage,Surge,3,9,36,4,17,15,9,5,30.0,10.0,12.0,,,,,150
Tuscan,FaZe,36,7,34,38,27,19,11,19,0.0,5.0,0.0,,,,,196
Tuscan,Surge,4,47,6,7,13,28,40,13,57.0,33.0,2.0,,,,,250
Gavutu,Ultra,32,40,48,9,9,42,11,21,20.0,18.0,,,,,,250
Gavutu,Mutineers,0,1,3,40,35,4,30,19,29.0,22.0,,,,,,183
Berlin,Ultra,14,9,27,45,2,26,23,55,27.0,10.0,12.0,,,,,250
Berlin,Mutineers,33,19,22,0,13,12,15,0,23.0,13.0,0.0,,,,,150
Bocage,Rokkr,15,10,23,41,0,13,21,25,16.0,20.0,16.0,16.0,26.0,,,242
Bocage,Subliners,7,36,20,0,44,9,14,22,27.0,19.0,11.0,26.0,15.0,,,250
Gavutu,OpTic,22,3,20,21,8,56,9,23,55.0,0.0,0.0,,,,,217
Gavutu,Thieves,22,47,22,18,33,0,24,34,0.0,39.0,11.0,,,,,250
Tuscan,OpTic,32,36,15,0,28,5,11,27,38.0,28.0,18.0,,,,,238
Tuscan,Thieves,6,11,26,44,21,36,33,18,12.0,19.0,24.0,,,,,250
Gavutu,Subliners,3,9,47,0,50,17,16,49,8.0,30.0,21.0,,,,,250
Gavutu,Surge,38,42,0,49,0,33,14,0,42.0,15.0,0.0,,,,,233
Tuscan,Subliners,49,41,6,4,21,0,9,43,27.0,0.0,,,,,,200
Tuscan,Surge,0,6,34,49,24,54,31,0,19.0,33.0,,,,,,250
Bocage,Ultra,3,2,45,3,27,3,9,24,8.0,17.0,6.0,,,,,147
Bocage,Thieves,11,36,3,41,9,22,40,25,26.0,26.0,11.0,,,,,250
Tuscan,Ultra,28,8,26,38,4,39,15,0,57.0,26.0,9.0,,,,,250
Tuscan,Thieves,12,40,28,6,51,13,13,59,0.0,21.0,5.0,,,,,248
Bocage,Ultra,9,35,25,35,3,13,45,7,13.0,11.0,6.0,1.0,0.0,,,203
Bocage,Surge,3,7,10,7,46,11,0,29,25.0,43.0,17.0,49.0,3.0,,,250
Berlin,Ultra,46,35,52,18,17,29,26,27,,,,,,,,250
Berlin,Surge,0,5,2,13,14,14,23,0,,,,,,,,71
Bocage,Legion,5,19,10,13,10,7,31,21,36.0,0.0,3.0,,,,,155
Bocage,Breach,12,27,38,27,28,3,21,10,5.0,47.0,32.0,,,,,250
Berlin,Legion,10,24,20,16,1,32,1,27,10.0,0.0,,,,,,141
Berlin,Breach,38,14,36,19,26,24,35,14,24.0,20.0,,,,,,250
Bocage,Surge,15,5,43,12,19,13,27,24,11.0,31.0,21.0,21.0,8.0,,,250
Bocage,Rokkr,7,26,0,18,26,20,6,22,39.0,12.0,18.0,9.0,22.0,,,225
Gavutu,Surge,14,22,27,15,59,0,13,39,17.0,15.0,,,,,,221
Gavutu,Rokkr,21,27,17,32,0,54,29,16,35.0,19.0,,,,,,250
Bocage,Guerrillas,2,12,26,20,24,3,9,20,55.0,1.0,12.0,34.0,21.0,0.0,,239
Bocage,Ultra,10,18,10,17,22,11,35,26,0.0,48.0,9.0,4.0,32.0,3.0,,245
Bocage,Subliners,14,4,13,28,29,10,23,22,14.0,2.0,19.0,28.0,,,,206
Bocage,Thieves,19,38,26,20,17,13,29,13,27.0,34.0,8.0,6.0,,,,250
Gavutu,Subliners,2,3,3,43,52,23,28,32,8.0,24.0,,,,,,218
Gavutu,Thieves,42,35,41,8,0,33,24,16,36.0,15.0,,,,,,250
Berlin,Royal Ravens,26,22,22,23,23,49,32,31,18.0,4.0,,,,,,250
Berlin,Rokkr,16,26,13,10,17,4,1,17,32.0,2.0,,,,,,138
Tuscan,Royal Ravens,36,13,8,31,37,18,34,23,25.0,7.0,18.0,,,,,250
Tuscan,Rokkr,4,26,30,14,16,31,6,29,24.0,43.0,0.0,,,,,223
Bocage,OpTic,9,13,25,16,49,16,38,27,5.0,23.0,5.0,2.0,,,,228
Bocage,Legion,8,16,7,27,0,3,0,15,37.0,12.0,10.0,26.0,,,,161
Gavutu,Breach,0,13,15,22,0,45,2,5,0.0,,,,,,,102
Gavutu,FaZe,42,6,41,26,50,0,41,41,3.0,,,,,,,250
Bocage,Breach,3,22,17,8,25,38,40,6,25.0,4.0,0.0,,,,,188
Bocage,FaZe,14,20,30,36,12,12,9,46,17.0,31.0,23.0,,,,,250
Bocage,Mutineers,13,12,17,15,23,7,53,21,3.0,14.0,17.0,0.0,31.0,,,226
Bocage,Thieves,14,23,11,38,20,5,0,26,36.0,25.0,1.0,46.0,5.0,,,250
Tuscan,Mutineers,30,21,9,31,6,5,26,16,0.0,,,,,,,144
Tuscan,Thieves,10,33,25,11,39,45,20,26,41.0,,,,,,,250
Gavutu,Royal Ravens,6,0,38,34,14,24,26,47,34.0,0.0,19.0,0.0,,,,242
Gavutu,Guerrillas,31,53,8,9,29,9,19,0,16.0,51.0,19.0,6.0,,,,250
Berlin,Royal Ravens,12,19,20,0,11,20,24,30,5.0,18.0,,,,,,159
Berlin,Guerrillas,27,20,25,52,10,27,12,16,39.0,22.0,,,,,,250
Bocage,Ultra,4,24,20,38,11,1,26,30,3.0,34.0,9.0,14.0,7.0,,,221
Bocage,Mutineers,6,12,32,9,9,21,14,13,33.0,11.0,24.0,34.0,2.0,,,220
Gavutu,Thieves,34,3,34,56,26,47,31,19,,,,,,,,250
Gavutu,Legion,5,29,12,0,3,3,5,0,,,,,,,,57
Bocage,Thieves,28,19,30,26,23,9,22,5,1.0,47.0,22.0,18.0,,,,250
Bocage,Legion,2,29,10,14,8,10,18,40,38.0,0.0,9.0,2.0,,,,180
Tuscan,FaZe,34,39,0,51,8,56,16,13,26.0,7.0,,,,,,250
Tuscan,Rokkr,2,5,46,0,38,0,34,6,21.0,11.0,,,,,,163
Bocage,OpTic,5,8,40,50,1,5,23,1,45.0,19.0,0.0,0.0,,,,197
Bocage,Ultra,13,35,0,0,33,11,18,43,0.0,14.0,17.0,0.0,,,,184
Bocage,Mutineers,5,31,29,13,38,14,45,16,27.0,7.0,17.0,8.0,,,,250
Bocage,Surge,24,8,11,40,3,6,0,38,15.0,36.0,13.0,6.0,,,,200
Bocage,Subliners,19,10,23,17,19,6,32,15,28.0,0.0,12.0,0.0,,,,181
Bocage,Breach,1,26,21,20,20,18,18,35,15.0,46.0,25.0,5.0,,,,250
Tuscan,Subliners,13,13,26,24,18,21,44,2,17.0,18.0,2.0,,,,,198
Tuscan,Breach,33,20,10,22,18,24,3,36,32.0,27.0,25.0,,,,,250
Bocage,Rokkr,4,25,34,6,16,18,2,5,32.0,22.0,14.0,36.0,24.0,3.0,,241
Bocage,Guerrillas,5,23,5,22,18,8,39,33,11.0,20.0,13.0,14.0,26.0,13.0,,250
Berlin,Rokkr,20,16,1,21,3,19,25,24,25.0,21.0,48.0,27.0,,,,250
Berlin,Guerrillas,28,32,49,4,23,28,7,22,6.0,2.0,2.0,0.0,,,,203
Bocage,Ultra,21,28,36,36,48,9,29,28,15.0,,,,,,,250
Bocage,Thieves,11,16,2,11,3,26,8,9,23.0,,,,,,,109
Tuscan,Ultra,23,26,19,29,1,8,17,25,31.0,16.0,20.0,,,,,215
Tuscan,Thieves,15,23,27,20,47,30,16,15,15.0,21.0,21.0,,,,,250
Tuscan,Surge,0,12,30,5,35,28,6,21,34.0,27.0,1.0,,,,,199
Tuscan,Royal Ravens,39,20,3,48,18,22,43,16,16.0,21.0,4.0,,,,,250
Gavutu,Surge,0,16,0,49,2,0,19,55,0.0,,,,,,,141
Gavutu,Royal Ravens,34,28,43,4,37,55,26,0,23.0,,,,,,,250
Gavutu,Breach,12,3,40,8,21,51,12,40,22.0,0.0,41.0,,,,,250
Gavutu,OpTic,13,43,10,35,16,0,27,5,35.0,59.0,4.0,,,,,247
Tuscan,Breach,33,15,0,7,16,39,10,45,4.0,12.0,0.0,,,,,181
Tuscan,OpTic,0,11,45,39,35,14,34,4,28.0,31.0,9.0,,,,,250
Berlin,Subliners,18,23,50,2,8,40,11,28,0.0,9.0,0.0,,,,,189
Berlin,FaZe,26,21,0,37,18,5,29,12,55.0,20.0,27.0,,,,,250
Tuscan,Subliners,3,29,20,28,40,1,4,26,25.0,14.0,0.0,,,,,190
Tuscan,FaZe,33,26,30,18,5,51,39,9,14.0,15.0,10.0,,,,,250
Tuscan,Royal Ravens,24,56,11,11,17,37,22,11,31.0,9.0,21.0,,,,,250
Tuscan,Guerrillas,15,0,23,28,37,12,19,46,13.0,36.0,12.0,,,,,241
Berlin,Royal Ravens,43,24,35,25,21,41,46,13,2.0,,,,,,,250
Berlin,Guerrillas,3,19,13,9,4,10,2,29,9.0,,,,,,,98
Bocage,FaZe,15,29,29,3,32,15,31,18,29.0,5.0,15.0,28.0,1.0,,,250
Bocage,Breach,6,9,17,36,0,17,12,24,21.0,33.0,15.0,17.0,0.0,,,207
Gavutu,Thieves,25,23,53,0,2,50,22,20,52.0,3.0,,,,,,250
Gavutu,Ultra,12,12,0,48,35,6,19,32,3.0,0.0,,,,,,167
Berlin,Thieves,4,38,37,0,36,39,19,9,55.0,13.0,,,,,,250
Berlin,Ultra,36,7,9,26,1,13,17,34,0.0,2.0,,,,,,145
Bocage,OpTic,8,21,28,9,0,24,48,22,44.0,23.0,10.0,13.0,,,,250
Bocage,Surge,4,27,6,32,41,7,7,23,0.0,13.0,34.0,15.0,,,,209
Gavutu,Guerrillas,0,36,11,10,20,12,30,8,48.0,0.0,,,,,,175
Gavutu,Rokkr,38,4,18,41,16,41,16,39,1.0,36.0,,,,,,250
Gavutu,Thieves,39,6,46,16,20,27,26,20,9.0,18.0,16.0,7.0,,,,250
Gavutu,Subliners,6,33,0,31,16,21,14,15,38.0,32.0,24.0,0.0,,,,230
Bocage,Breach,10,10,31,4,10,10,31,9,12.0,0.0,30.0,2.0,,,,159
Bocage,Mutineers,12,20,4,44,32,12,16,30,22.0,42.0,6.0,10.0,,,,250
Tuscan,Breach,52,19,20,0,16,54,35,4,34.0,16.0,,,,,,250
Tuscan,Mutineers,0,25,29,54,38,0,13,43,18.0,19.0,,,,,,239
Tuscan,Surge,26,29,7,56,31,41,9,33,18.0,,,,,,,250
Tuscan,Legion,13,13,42,0,12,4,27,6,21.0,,,,,,,138
Berlin,Surge,15,34,8,5,20,0,34,32,20.0,18.0,0.0,,,,,186
Berlin,Legion,25,12,39,16,2,56,15,22,17.0,7.0,39.0,,,,,250
Gavutu,Thieves,14,29,27,6,58,1,55,23,12.0,25.0,,,,,,250
Gavutu,Rokkr,21,6,6,35,0,57,0,2,35.0,0.0,,,,,,162
Berlin,Thieves,51,27,5,11,29,25,37,43,10.0,5.0,7.0,,,,,250
Berlin,Rokkr,0,10,35,30,12,18,9,5,35.0,34.0,3.0,,,,,191
Bocage,Breach,32,28,33,40,15,7,2,3,30.0,24.0,17.0,9.0,1.0,,,241
Bocage,Legion,3,23,14,7,18,16,33,39,12.0,17.0,11.0,41.0,16.0,,,250
Berlin,Breach,28,28,30,11,4,54,29,15,22.0,16.0,13.0,,,,,250
Berlin,Legion,11,14,21,27,22,0,8,16,18.0,8.0,0.0,,,,,145
Gavutu,Royal Ravens,23,34,0,42,13,18,19,10,55.0,23.0,13.0,,,,,250
Gavutu,Ultra,12,4,57,0,32,29,20,40,0.0,31.0,10.0,,,,,235
Berlin,Royal Ravens,9,40,33,13,8,33,21,25,24.0,13.0,24.0,7.0,,,,250
Berlin,Ultra,38,0,17,30,14,16,27,22,11.0,11.0,26.0,1.0,,,,213
Bocage,OpTic,6,41,15,15,10,7,8,39,0.0,26.0,10.0,0.0,,,,177
Bocage,FaZe,10,2,17,22,30,14,38,5,49.0,21.0,31.0,11.0,,,,250
Gavutu,OpTic,22,39,24,12,41,24,31,16,20.0,21.0,,,,,,250
Gavutu,FaZe,14,4,24,39,10,25,17,26,27.0,0.0,,,,,,186
Gavutu,Ultra,45,19,22,11,42,19,5,9,4.0,15.0,13.0,,,,,204
Gavutu,Breach,0,17,26,33,0,23,34,35,44.0,23.0,15.0,,,,,250
Berlin,Ultra,9,42,6,9,2,28,28,19,27.0,12.0,3.0,,,,,185
Berlin,Breach,33,2,49,23,27,17,24,37,12.0,14.0,12.0,,,,,250
Tuscan,FaZe,15,47,16,41,6,5,25,8,12.0,23.0,3.0,,,,,201
Tuscan,Thieves,33,9,20,3,34,47,3,36,32.0,20.0,13.0,,,,,250
Gavutu,FaZe,12,27,15,37,50,4,4,51,49.0,1.0,,,,,,250
Gavutu,Thieves,26,27,27,16,0,32,35,0,6.0,0.0,,,,,,169
Berlin,OpTic,33,20,12,1,8,37,0,10,29.0,4.0,24.0,,,,,178
Berlin,Royal Ravens,7,31,31,29,9,11,46,43,11.0,21.0,11.0,,,,,250
Tuscan,OpTic,27,27,35,37,32,21,27,21,14.0,9.0,,,,,,250
Tuscan,Royal Ravens,18,20,0,14,18,28,17,19,27.0,10.0,,,,,,171
Bocage,FaZe,8,0,33,31,4,22,46,22,34.0,34.0,16.0,,,,,250
Bocage,Ultra,6,35,18,2,29,5,0,18,13.0,5.0,13.0,,,,,144
Tuscan,FaZe,5,49,17,46,13,24,33,24,15.0,24.0,,,,,,250
Tuscan,Royal Ravens,21,0,34,1,27,29,2,21,24.0,18.0,,,,,,177
Gavutu,FaZe,42,21,42,6,49,26,12,0,50.0,2.0,,,,,,250
Gavutu,Royal Ravens,4,23,16,47,1,14,11,55,1.0,0.0,,,,,,172
Gavutu,OpTic,30,7,59,12,19,43,52,28,,,,,,,,250
Gavutu,FaZe,5,34,0,41,20,12,2,16,,,,,,,,130
Tuscan,OpTic,21,13,27,41,11,15,28,7,10.0,44.0,33.0,,,,,250
Tuscan,FaZe,14,26,20,4,32,33,17,32,28.0,3.0,3.0,,,,,212
Gavutu,Royal Ravens,40,33,32,35,22,49,11,0,28.0,,,,,,,250
Gavutu,Subliners,6,14,15,8,13,5,12,57,0.0,,,,,,,130
Tuscan,Royal Ravens,35,46,24,9,20,28,26,0,39.0,19.0,4.0,,,,,250
Tuscan,Subliners,6,0,27,42,22,13,13,57,11.0,24.0,0.0,,,,,215
Gavutu,Breach,26,29,45,56,3,38,0,14,39.0,,,,,,,250
Gavutu,Surge,18,20,0,0,35,5,47,34,0.0,,,,,,,159
Bocage,Breach,7,38,25,34,16,8,24,23,23.0,9.0,11.0,0.0,32.0,,,250
Bocage,Surge,24,11,17,6,28,13,16,21,24.0,24.0,14.0,34.0,13.0,,,245
Bocage,Mutineers,21,15,46,4,0,21,16,35,50.0,7.0,18.0,16.0,1.0,,,250
Bocage,Guerrillas,9,32,7,46,51,6,17,5,2.0,29.0,12.0,24.0,0.0,,,240
Berlin,Legion,0,56,3,20,0,7,10,15,,,,,,,,111
Berlin,Guerrillas,50,0,47,12,49,42,37,13,,,,,,,,250
Gavutu,Thieves,17,38,0,36,0,31,32,32,2.0,,,,,,,188
Gavutu,Royal Ravens,30,14,56,17,51,20,9,15,38.0,,,,,,,250
Gavutu,Rokkr,12,33,25,21,23,24,3,13,12.0,23.0,0.0,,,,,189
Gavutu,Ultra,14,9,15,30,15,12,27,44,34.0,13.0,37.0,,,,,250
Tuscan,Rokkr,0,15,0,17,26,18,7,29,38.0,1.0,,,,,,151
Tuscan,Ultra,32,30,42,22,27,29,33,13,10.0,12.0,,,,,,250
Bocage,Surge,6,19,14,27,2,11,20,14,14.0,25.0,6.0,7.0,,,,165
Bocage,FaZe,13,29,31,18,40,14,18,30,12.0,15.0,14.0,16.0,,,,250
Berlin,Surge,49,18,19,57,17,10,25,14,41.0,,,,,,,250
Berlin,FaZe,0,30,30,0,18,28,23,31,1.0,,,,,,,161
Tuscan,Rokkr,21,26,30,5,32,22,14,26,41.0,24.0,7.0,,,,,248
Tuscan,Legion,20,24,21,29,12,22,39,7,11.0,30.0,35.0,,,,,250
Berlin,Rokkr,13,29,36,36,10,36,17,28,19.0,26.0,,,,,,250
Berlin,Legion,31,14,20,0,6,11,18,24,15.0,4.0,,,,,,143
Bocage,Mutineers,3,33,35,36,23,34,22,37,21.0,6.0,,,,,,250
Bocage,Subliners,15,2,5,7,15,6,11,5,11.0,25.0,,,,,,102
Tuscan,OpTic,30,34,26,34,25,27,35,30,9.0,,,,,,,250
Tuscan,Thieves,9,13,17,6,29,14,4,4,0.0,,,,,,,96
Berlin,OpTic,2,3,35,25,29,34,0,17,0.0,6.0,50.0,4.0,,,,205
Berlin,Thieves,33,43,5,16,6,13,52,35,16.0,20.0,0.0,11.0,,,,250
Berlin,Royal Ravens,0,26,27,31,6,36,12,19,39.0,28.0,0.0,23.0,,,,247
Berlin,Legion,47,4,20,12,12,21,22,27,5.0,1.0,54.0,25.0,,,,250
Tuscan,Royal Ravens,33,22,8,39,35,0,24,34,17.0,26.0,12.0,,,,,250
Tuscan,Legion,17,25,19,8,4,55,22,5,30.0,13.0,14.0,,,,,212
Bocage,OpTic,1,8,21,32,0,6,20,45,4.0,31.0,25.0,10.0,4.0,,,207
Bocage,Surge,15,24,23,13,44,13,18,0,47.0,4.0,7.0,31.0,11.0,,,250
Tuscan,OpTic,34,33,9,8,22,15,10,51,36.0,19.0,0.0,13.0,,,,250
Tuscan,Surge,3,17,28,28,27,22,37,0,5.0,23.0,47.0,3.0,,,,240
Berlin,Rokkr,0,37,0,21,22,17,27,2,0.0,,,,,,,126
Berlin,Breach,47,2,52,23,13,31,17,44,21.0,,,,,,,250
Gavutu,Royal Ravens,9,12,0,32,30,34,4,24,32.0,17.0,0.0,,,,,194
Gavutu,FaZe,33,26,55,7,13,21,38,12,24.0,15.0,6.0,,,,,250
Tuscan,Royal Ravens,13,0,31,13,39,10,18,13,30.0,18.0,51.0,0.0,,,,236
Tuscan,FaZe,26,54,11,29,11,34,8,31,2.0,31.0,0.0,13.0,,,,250
Bocage,Subliners,11,30,12,17,21,15,32,36,6.0,23.0,14.0,33.0,,,,250
Bocage,Legion,4,13,34,22,20,12,12,14,34.0,5.0,9.0,1.0,,,,180
Berlin,Subliners,31,21,20,53,33,33,52,7,,,,,,,,250
Berlin,Legion,9,26,26,0,1,14,0,3,,,,,,,,79
Bocage,Mutineers,9,18,41,4,21,4,7,26,6.0,11.0,23.0,23.0,,,,193
Bocage,OpTic,14,26,3,26,20,22,18,13,25.0,27.0,4.0,12.0,,,,210
Bocage,Ultra,6,24,16,50,22,0,24,28,45.0,3.0,6.0,12.0,9.0,2.0,,247
Bocage,Breach,15,8,18,4,13,29,22,14,1.0,37.0,17.0,23.0,39.0,10.0,,250
Gavutu,Ultra,0,0,0,31,25,3,30,10,,,,,,,,99
Gavutu,Breach,43,51,31,7,30,46,7,35,,,,,,,,250
Tuscan,Surge,8,16,47,21,21,52,40,18,27.0,,,,,,,250
Tuscan,Guerrillas,31,32,6,22,25,0,2,17,17.0,,,,,,,152
Gavutu,Surge,20,29,10,57,9,1,57,0,36.0,0.0,,,,,,219
Gavutu,Guerrillas,23,14,35,0,39,53,0,52,13.0,21.0,,,,,,250
Berlin,Thieves,2,49,49,1,33,30,4,26,5.0,23.0,10.0,3.0,15.0,,,250
Berlin,Rokkr,40,1,6,30,0,13,33,24,13.0,10.0,43.0,33.0,0.0,,,246
Bocage,Thieves,10,25,6,37,33,21,0,31,31.0,9.0,18.0,0.0,,,,221
Bocage,Rokkr,11,19,45,10,5,20,53,20,2.0,37.0,18.0,10.0,,,,250
Gavutu,Ultra,0,26,25,0,15,42,10,0,,,,,,,,118
Gavutu,FaZe,42,27,3,52,37,10,40,39,,,,,,,,250
Tuscan,Ultra,8,41,10,50,6,39,39,18,2.0,26.0,0.0,,,,,239
Tuscan,FaZe,32,11,38,3,37,10,8,29,47.0,10.0,25.0,,,,,250
Bocage,Legion,1,28,37,6,36,6,2,36,26.0,28.0,11.0,7.0,26.0,,,250
Bocage,Ultra,11,20,14,40,7,10,39,6,21.0,12.0,10.0,36.0,5.0,,,231
Tuscan,Legion,14,10,16,12,15,40,7,20,53.0,17.0,33.0,12.0,1.0,,,250
Tuscan,Ultra,12,28,26,35,30,4,25,13,0.0,23.0,6.0,20.0,26.0,,,248
Tuscan,Thieves,6,9,30,35,12,32,8,20,50.0,17.0,16.0,0.0,,,,235
Tuscan,Guerrillas,32,27,6,14,39,15,40,8,1.0,24.0,36.0,8.0,,,,250
Berlin,Thieves,21,21,25,34,18,22,18,1,37.0,11.0,0.0,,,,,208
Berlin,Guerrillas,21,23,22,15,7,32,32,43,4.0,21.0,30.0,,,,,250
Gavutu,FaZe,11,27,42,45,21,19,8,58,19.0,,,,,,,250
Gavutu,Mutineers,30,16,6,6,22,31,40,0,14.0,,,,,,,165
Bocage,FaZe,26,24,56,27,6,16,10,17,33.0,1.0,34.0,,,,,250
Bocage,Mutineers,1,25,0,9,34,14,34,24,16.0,42.0,0.0,,,,,199
Tuscan,Surge,3,26,35,18,23,13,25,15,37.0,16.0,7.0,,,,,218
Tuscan,Thieves,39,21,0,26,22,36,6,33,12.0,27.0,28.0,,,,,250
Berlin,Surge,22,20,48,1,17,55,20,39,28.0,,,,,,,250
Berlin,Thieves,21,20,1,40,13,0,35,6,16.0,,,,,,,152
Gavutu,Breach,7,21,42,0,58,42,30,46,4.0,,,,,,,250
Gavutu,Mutineers,27,22,6,56,0,1,12,0,0.0,,,,,,,124
Gavutu,Guerrillas,3,32,42,5,16,9,35,4,25.0,39.0,0.0,,,,,210
Gavutu,OpTic,31,12,13,47,34,35,13,39,23.0,0.0,3.0,,,,,250
Bocage,Subliners,3,31,19,21,2,25,11,16,22.0,18.0,18.0,13.0,,,,199
Bocage,Rokkr,1,2,23,21,36,13,29,26,21.0,6.0,5.0,5.0,,,,188
Berlin,Subliners,33,18,10,36,9,28,35,0,29.0,3.0,49.0,,,,,250
Berlin,Rokkr,15,23,37,4,7,22,3,45,0.0,38.0,1.0,,,,,195
Gavutu,Breach,4,37,19,0,57,22,24,10,30.0,,,,,,,203
Gavutu,Royal Ravens,41,15,37,50,0,35,13,40,19.0,,,,,,,250
Berlin,Breach,30,4,15,30,1,21,15,36,15.0,14.0,26.0,18.0,,,,225
Berlin,Royal Ravens,12,39,38,3,24,24,26,16,14.0,20.0,26.0,8.0,,,,250
Gavutu,OpTic,6,15,36,0,21,56,33,43,40.0,,,,,,,250
Gavutu,FaZe,39,20,12,55,21,0,12,15,0.0,,,,,,,174
Berlin,Subliners,13,25,25,15,18,48,17,34,48.0,7.0,,,,,,250
Berlin,Ultra,20,7,20,30,0,0,18,13,0.0,5.0,,,,,,113
Gavutu,Subliners,17,36,0,42,14,13,27,49,4.0,24.0,24.0,,,,,250
Gavutu,Ultra,17,16,58,3,22,35,4,0,52.0,8.0,10.0,,,,,225
Gavutu,Royal Ravens,28,43,0,50,11,40,2,1,2.0,,,,,,,177
Gavutu,Mutineers,14,0,59,0,36,6,46,50,39.0,,,,,,,250
Gavutu,Breach,25,7,31,56,30,22,0,41,38.0,,,,,,,250
Gavutu,Guerrillas,13,41,24,0,29,24,49,0,0.0,,,,,,,180
Gavutu,Subliners,18,8,46,33,0,23,17,1,0.0,,,,,,,146
Gavutu,FaZe,19,36,4,19,58,32,16,50,16.0,,,,,,,250
Bocage,OpTic,1,27,2,35,5,6,32,3,24.0,24.0,,,,,,159
Bocage,Surge,12,9,46,14,47,30,1,54,19.0,18.0,,,,,,250
Berlin,Royal Ravens,21,0,21,30,18,33,41,35,4.0,15.0,32.0,,,,,250
Berlin,Legion,24,52,30,1,20,17,6,20,17.0,11.0,0.0,,,,,198
Tuscan,Royal Ravens,32,18,21,16,24,29,14,15,13.0,7.0,24.0,24.0,13.0,,,250
Tuscan,Legion,8,19,8,33,23,20,25,15,30.0,34.0,14.0,19.0,0.0,,,248
Tuscan,Guerrillas,35,21,15,10,51,0,29,42,32.0,11.0,3.0,1.0,,,,250
Tuscan,Ultra,8,27,1,35,0,50,18,0,16.0,36.0,50.0,0.0,,,,241
Berlin,Guerrillas,51,23,11,11,7,22,26,53,22.0,24.0,,,,,,250
Berlin,Ultra,0,14,29,16,16,33,17,1,14.0,2.0,,,,,,142
Berlin,Subliners,29,29,29,23,13,11,29,36,13.0,29.0,9.0,,,,,250
Berlin,Thieves,16,27,19,27,16,37,11,12,17.0,6.0,0.0,,,,,188
Tuscan,Subliners,32,16,26,36,25,25,7,30,14.0,0.0,,,,,,211
Tuscan,Thieves,15,24,19,14,26,17,37,18,33.0,47.0,,,,,,250
Gavutu,Rokkr,41,5,28,0,32,10,8,0,20.0,,,,,,,144
Gavutu,OpTic,23,32,25,44,17,22,26,59,2.0,,,,,,,250
Berlin,Rokkr,10,4,14,19,28,11,22,12,20.0,23.0,0.0,,,,,163
Berlin,OpTic,29,39,33,1,4,41,13,40,13.0,10.0,27.0,,,,,250
Berlin,Royal Ravens,28,38,20,2,31,14,38,15,0.0,18.0,17.0,0.0,,,,221
Berlin,Guerrillas,18,4,19,26,6,37,13,38,47.0,11.0,27.0,4.0,,,,250
Tuscan,OpTic,27,38,25,9,20,15,21,23,9.0,40.0,1.0,2.0,,,,230
Tuscan,Thieves,19,6,15,25,25,23,13,25,46.0,8.0,38.0,7.0,,,,250
Berlin,OpTic,30,36,17,30,6,44,5,52,15.0,15.0,,,,,,250
Berlin,Thieves,17,2,33,0,15,8,24,0,12.0,0.0,,,,,,111
Gavutu,Breach,13,51,34,0,32,0,48,56,16.0,,,,,,,250
Gavutu,Mutineers,24,0,15,49,8,55,0,0,23.0,,,,,,,174
Berlin,Breach,17,13,51,0,3,42,24,12,26.0,7.0,11.0,,,,,206
Berlin,Mutineers,22,30,1,45,22,10,9,44,19.0,9.0,39.0,,,,,250
Tuscan,FaZe,5,18,34,45,16,52,22,9,33.0,16.0,,,,,,250
Tuscan,Surge,43,24,9,9,35,0,23,31,20.0,16.0,,,,,,210
Bocage,FaZe,13,12,18,40,9,13,37,6,10.0,33.0,9.0,18.0,11.0,,,229
Bocage,Surge,2,33,29,7,19,17,0,42,21.0,13.0,22.0,29.0,16.0,,,250
Gavutu,OpTic,0,16,11,42,20,26,35,0,44.0,41.0,13.0,,,,,248
Gavutu,Mutineers,40,16,44,10,23,17,14,46,14.0,12.0,14.0,,,,,250
Berlin,OpTic,38,6,5,20,20,0,26,23,15.0,40.0,13.0,,,,,206
Berlin,Mutineers,6,27,35,27,13,54,19,25,34.0,8.0,2.0,,,,,250
Tuscan,Guerrillas,0,10,18,33,27,20,36,13,3.0,,,,,,,160
Tuscan,Surge,39,44,28,15,15,29,9,37,34.0,,,,,,,250
Berlin,Guerrillas,33,15,4,48,38,26,13,13,15.0,14.0,18.0,,,,,237
Berlin,Surge,8,19,44,4,10,23,28,44,38.0,24.0,8.0,,,,,250
Gavutu,Breach,13,11,10,0,11,30,29,21,0.0,,,,,,,125
Gavutu,FaZe,28,34,35,55,25,14,21,20,18.0,,,,,,,250
Gavutu,Guerrillas,13,24,12,6,26,0,14,0,,,,,,,,95
Gavutu,Mutineers,31,12,41,43,9,44,27,43,,,,,,,,250
Berlin,Guerrillas,42,28,0,19,24,4,23,15,44.0,13.0,38.0,,,,,250
Berlin,Mutineers,2,18,39,18,19,45,14,37,1.0,9.0,0.0,,,,,202
Berlin,Breach,4,17,41,0,9,35,25,17,41.0,4.0,17.0,29.0,0.0,,,239
Berlin,Guerrillas,39,13,7,40,20,11,12,30,0.0,41.0,30.0,5.0,2.0,,,250
Tuscan,Breach,20,28,24,29,18,19,48,23,7.0,23.0,11.0,,,,,250
Tuscan,Guerrillas,20,18,15,22,16,24,1,14,43.0,29.0,19.0,,,,,221
Gavutu,FaZe,49,7,54,25,32,50,1,32,,,,,,,,250
Gavutu,Guerrillas,0,37,0,33,18,0,47,0,,,,,,,,135
Tuscan,FaZe,27,8,28,21,27,8,20,18,11.0,39.0,20.0,,,,,227
Tuscan,Guerrillas,2,48,29,34,19,27,24,13,32.0,14.0,8.0,,,,,250
Gavutu,Royal Ravens,16,23,29,0,13,58,27,8,22.0,18.0,,,,,,214
Gavutu,Thieves,24,23,22,56,30,0,16,42,28.0,9.0,,,,,,250
Bocage,OpTic,15,38,9,46,0,9,38,12,35.0,13.0,3.0,22.0,10.0,,,250
Bocage,Guerrillas,6,13,38,0,34,20,10,34,10.0,14.0,11.0,21.0,14.0,,,225
Berlin,Subliners,6,33,10,33,30,28,4,52,11.0,18.0,22.0,3.0,,,,250
Berlin,FaZe,35,2,38,0,18,13,40,0,34.0,7.0,33.0,9.0,,,,229
Tuscan,Subliners,6,9,27,46,37,22,3,14,17.0,27.0,17.0,,,,,225
Tuscan,FaZe,37,27,10,1,15,12,44,30,29.0,21.0,24.0,,,,,250
Gavutu,Royal Ravens,28,16,0,44,23,35,36,0,27.0,0.0,,,,,,209
Gavutu,Legion,11,38,59,1,23,21,2,59,19.0,17.0,,,,,,250
Tuscan,Royal Ravens,49,0,39,0,19,26,18,0,39.0,9.0,27.0,0.0,,,,226
Tuscan,Legion,0,30,1,57,17,26,15,39,9.0,30.0,20.0,6.0,,,,250
Gavutu,Surge,13,13,38,0,23,32,0,5,48.0,27.0,,,,,,199
Gavutu,Ultra,27,33,1,37,21,13,51,45,10.0,12.0,,,,,,250
Tuscan,Surge,37,4,33,10,13,22,21,53,0.0,53.0,0.0,,,,,246
Tuscan,Ultra,13,41,1,28,29,29,28,1,56.0,0.0,24.0,,,,,250
Tuscan,Mutineers,4,7,6,45,6,34,29,39,1.0,15.0,0.0,,,,,186
Tuscan,OpTic,37,31,17,0,36,12,29,4,48.0,32.0,4.0,,,,,250
Gavutu,Guerrillas,12,25,36,0,11,16,32,19,10.0,10.0,,,,,,171
Gavutu,Rokkr,29,10,10,59,12,26,21,7,47.0,29.0,,,,,,250
Bocage,Legion,4,27,27,15,31,4,22,32,44.0,14.0,11.0,2.0,,,,233
Bocage,Surge,23,5,22,37,21,24,29,6,2.0,19.0,39.0,23.0,,,,250
Tuscan,Legion,33,31,12,17,32,25,31,9,18.0,24.0,0.0,,,,,232
Tuscan,Surge,2,20,26,28,8,23,15,38,28.0,21.0,41.0,,,,,250
Gavutu,Thieves,18,27,0,46,0,15,23,36,28.0,11.0,7.0,,,,,211
Gavutu,Rokkr,23,25,33,4,54,36,15,15,17.0,25.0,3.0,,,,,250
Tuscan,Breach,24,11,17,26,20,14,21,27,24.0,44.0,0.0,,,,,228
Tuscan,Subliners,14,28,39,23,28,37,27,16,23.0,6.0,9.0,,,,,250
Berlin,Breach,12,25,3,15,9,24,24,19,34.0,6.0,38.0,0.0,,,,209
Berlin,Subliners,36,24,44,16,20,28,5,17,8.0,26.0,11.0,15.0,,,,250
Gavutu,Royal Ravens,19,53,15,7,8,37,17,36,39.0,19.0,,,,,,250
Gavutu,Breach,24,0,32,39,17,10,20,7,9.0,18.0,,,,,,176
Tuscan,Royal Ravens,29,10,2,25,24,9,27,2,39.0,26.0,24.0,,,,,217
Tuscan,Breach,18,25,45,22,18,39,15,27,7.0,24.0,10.0,,,,,250
Bocage,Rokkr,22,20,25,23,13,14,36,3,26.0,17.0,15.0,12.0,,,,226
Bocage,Ultra,13,24,17,34,9,14,14,45,13.0,35.0,7.0,25.0,,,,250
Tuscan,Rokkr,8,17,13,24,42,35,24,1,3.0,41.0,39.0,3.0,,,,250
Tuscan,Ultra,33,16,33,24,4,13,18,41,45.0,0.0,10.0,0.0,,,,237
Gavutu,Mutineers,11,35,18,59,0,53,5,35,0.0,34.0,,,,,,250
Gavutu,Guerrillas,24,6,30,0,59,1,47,16,47.0,0.0,,,,,,230
Tuscan,Mutineers,38,0,33,11,48,6,34,32,47.0,1.0,,,,,,250
Tuscan,Guerrillas,2,51,4,27,1,48,15,18,2.0,0.0,,,,,,168
Bocage,Subliners,9,34,45,42,12,14,43,21,1.0,29.0,,,,,,250
Bocage,Legion,13,19,4,2,39,11,4,21,30.0,3.0,,,,,,146
Tuscan,Thieves,6,25,18,49,23,5,25,42,11.0,1.0,,,,,,205
Tuscan,Surge,41,27,19,3,30,29,29,5,37.0,30.0,,,,,,250
Gavutu,Rokkr,16,22,29,30,0,0,17,0,,,,,,,,114
Gavutu,Mutineers,26,30,27,22,52,43,17,33,,,,,,,,250
Bocage,Rokkr,8,24,26,23,3,30,10,29,9.0,28.0,21.0,34.0,5.0,,,250
Bocage,Mutineers,21,20,13,15,18,5,37,24,22.0,10.0,12.0,4.0,0.0,,,201
Bocage,Breach,13,8,42,6,43,9,11,4,23.0,3.0,24.0,9.0,,,,195
Bocage,FaZe,9,35,6,35,6,13,34,41,12.0,18.0,10.0,31.0,,,,250
Bocage,Guerrillas,9,14,17,11,17,19,13,27,15.0,26.0,15.0,0.0,,,,183
Bocage,Legion,19,15,17,35,22,11,26,14,31.0,17.0,18.0,25.0,,,,250
Tuscan,Guerrillas,53,11,25,19,52,19,16,41,14.0,,,,,,,250
Tuscan,Legion,0,34,13,24,0,29,36,1,0.0,,,,,,,137
Gavutu,OpTic,36,13,9,49,28,7,14,34,5.0,23.0,32.0,,,,,250
Gavutu,FaZe,9,29,36,0,1,41,31,0,45.0,13.0,0.0,,,,,205
Berlin,OpTic,46,10,44,6,24,25,22,30,22.0,18.0,3.0,,,,,250
Berlin,FaZe,0,21,0,31,24,31,16,21,12.0,9.0,13.0,,,,,178
Gavutu,Subliners,3,19,0,57,27,32,15,2,44.0,16.0,35.0,,,,,250
Gavutu,Ultra,35,21,54,0,13,14,32,13,3.0,20.0,0.0,,,,,205
Berlin,Subliners,27,8,20,16,13,12,25,43,6.0,1.0,22.0,32.0,,,,225
Berlin,Ultra,16,35,27,16,7,35,13,10,8.0,37.0,26.0,20.0,,,,250
Bocage,Ultra,12,47,13,32,25,16,25,19,24.0,13.0,0.0,24.0,,,,250
Bocage,Legion,7,0,28,6,14,10,9,26,21.0,34.0,41.0,2.0,,,,198
Bocage,Surge,8,28,20,45,0,10,40,29,37.0,6.0,6.0,11.0,10.0,,,250
Bocage,Mutineers,6,24,12,8,44,5,11,19,5.0,33.0,26.0,38.0,0.0,,,231
Berlin,Surge,9,39,0,18,16,55,23,37,0.0,11.0,42.0,,,,,250
Berlin,Mutineers,36,2,56,9,22,0,15,9,34.0,9.0,0.0,,,,,192
Bocage,Rokkr,19,41,26,16,32,2,15,47,28.0,24.0,,,,,,250
Bocage,FaZe,9,9,17,31,2,32,22,2,15.0,4.0,,,,,,143
Tuscan,FaZe,51,10,52,45,16,19,7,16,29.0,5.0,,,,,,250
Tuscan,Guerrillas,0,34,3,1,40,25,39,25,22.0,4.0,,,,,,193
Berlin,Royal Ravens,18,14,0,28,12,41,15,25,9.0,6.0,29.0,1.0,,,,198
Berlin,Ultra,26,14,45,1,18,6,35,21,7.0,22.0,12.0,43.0,,,,250
Tuscan,Royal Ravens,45,0,3,30,20,6,11,7,36.0,,,,,,,158
Tuscan,Ultra,0,50,36,22,34,47,16,37,8.0,,,,,,,250
Gavutu,Breach,5,3,2,46,3,34,0,0,,,,,,,,93
Gavutu,Thieves,33,39,36,3,49,15,44,31,,,,,,,,250
Berlin,Subliners,35,18,18,40,23,18,23,34,17.0,24.0,,,,,,250
Berlin,OpTic,8,19,30,0,23,22,17,9,29.0,9.0,,,,,,166
Tuscan,Subliners,36,29,13,52,17,44,4,30,17.0,3.0,5.0,,,,,250
Tuscan,OpTic,8,18,34,2,22,6,40,11,26.0,42.0,15.0,,,,,224
Bocage,Surge,22,32,33,16,35,32,2,41,37.0,,,,,,,250
Bocage,Royal Ravens,2,6,8,33,0,10,26,10,14.0,,,,,,,109
Gavutu,Mutineers,43,13,34,0,8,13,53,13,23.0,38.0,12.0,,,,,250
Gavutu,Breach,0,22,24,58,37,32,0,35,23.0,13.0,4.0,,,,,248
Tuscan,Mutineers,48,3,18,26,12,23,6,27,3.0,13.0,,,,,,179
Tuscan,Breach,0,43,18,14,34,21,36,18,38.0,28.0,,,,,,250
Berlin,Thieves,0,15,3,20,2,30,25,26,5.0,9.0,,,,,,135
Berlin,OpTic,47,31,49,2,28,11,24,19,37.0,2.0,,,,,,250
Bocage,Surge,5,21,10,20,18,26,43,32,38.0,27.0,10.0,,,,,250
Bocage,Subliners,23,17,29,29,17,12,2,13,10.0,8.0,18.0,,,,,178
Gavutu,Surge,29,29,30,6,3,23,30,0,18.0,3.0,,,,,,171
Gavutu,Subliners,13,12,19,42,26,25,7,45,27.0,34.0,,,,,,250
Bocage,Ultra,3,36,10,27,28,6,41,14,17.0,0.0,18.0,13.0,,,,213
Bocage,FaZe,20,6,24,12,22,25,0,33,13.0,47.0,13.0,35.0,,,,250
Tuscan,Ultra,44,1,15,0,52,0,14,22,16.0,4.0,,,,,,168
Tuscan,FaZe,2,39,21,50,4,53,30,19,27.0,5.0,,,,,,250
Tuscan,OpTic,44,34,12,5,10,40,8,24,15.0,30.0,0.0,,,,,222
Tuscan,Mutineers,0,2,20,42,39,12,40,20,38.0,16.0,21.0,,,,,250
Berlin,OpTic,42,10,42,12,24,27,0,1,22.0,26.0,22.0,2.0,20.0,,,250
Berlin,Mutineers,6,30,8,34,1,21,24,44,4.0,0.0,32.0,39.0,0.0,,,243
Tuscan,Rokkr,4,43,6,42,29,8,40,16,23.0,29.0,10.0,,,,,250
Tuscan,Thieves,15,9,40,5,22,34,9,23,19.0,21.0,29.0,,,,,226
Berlin,Rokkr,25,26,47,0,25,20,42,7,25.0,6.0,5.0,,,,,228
Berlin,Thieves,21,26,5,52,6,32,2,39,21.0,22.0,24.0,,,,,250
Berlin,Subliners,2,27,17,0,24,26,21,7,11.0,,,,,,,135
Berlin,Royal Ravens,34,24,31,56,16,22,18,40,9.0,,,,,,,250
Tuscan,Subliners,28,22,25,0,33,32,19,5,28.0,0.0,,,,,,192
Tuscan,Royal Ravens,20,31,16,55,17,15,18,37,20.0,21.0,,,,,,250
Bocage,OpTic,4,30,19,32,38,4,13,29,22.0,15.0,1.0,13.0,,,,220
Bocage,Guerrillas,8,14,27,17,1,17,19,15,24.0,23.0,16.0,5.0,,,,186
Bocage,Ultra,4,18,24,25,0,4,24,1,24.0,9.0,16.0,0.0,,,,149
Bocage,Legion,8,27,16,11,37,14,18,44,15.0,34.0,8.0,18.0,,,,250
Tuscan,Ultra,36,0,31,9,16,40,18,24,27.0,23.0,26.0,,,,,250
Tuscan,Legion,7,27,6,29,23,4,8,12,14.0,31.0,0.0,,,,,161
Bocage,Rokkr,12,31,9,27,28,8,2,49,24.0,13.0,4.0,9.0,29.0,0.0,,245
Bocage,Breach,3,23,33,22,11,12,41,0,23.0,2.0,13.0,35.0,23.0,3.0,,244
Gavutu,OpTic,17,22,20,38,46,8,14,30,34.0,21.0,,,,,,250
Gavutu,Royal Ravens,25,22,17,16,4,39,33,18,24.0,0.0,,,,,,198
Bocage,Ultra,8,37,34,13,8,12,31,12,25.0,31.0,3.0,3.0,,,,217
Bocage,Rokkr,8,3,1,24,25,11,17,30,30.0,21.0,42.0,0.0,,,,212
Tuscan,Surge,24,3,37,21,31,0,34,8,30.0,,,,,,,188
Tuscan,Mutineers,15,35,47,11,17,53,13,43,16.0,,,,,,,250
Berlin,Surge,27,35,3,54,1,16,24,29,3.0,12.0,46.0,,,,,250
Berlin,Mutineers,19,11,40,0,20,31,11,13,35.0,14.0,0.0,,,,,194
Gavutu,FaZe,12,37,25,53,4,44,30,36,9.0,,,,,,,250
Gavutu,Thieves,29,0,23,0,33,5,10,13,25.0,,,,,,,138
Bocage,Ultra,8,22,26,31,16,2,34,4,43.0,5.0,11.0,43.0,5.0,,,250
Bocage,Mutineers,5,22,16,1,40,13,7,30,4.0,42.0,16.0,1.0,17.0,,,214
Gavutu,OpTic,23,32,50,50,3,40,2,11,9.0,30.0,,,,,,250
Gavutu,Thieves,17,19,0,0,46,12,44,20,32.0,0.0,,,,,,190
Berlin,OpTic,36,10,17,40,30,17,0,10,11.0,4.0,0.0,,,,,175
Berlin,Thieves,4,42,29,6,7,34,54,27,11.0,25.0,11.0,,,,,250
Bocage,Surge,6,23,23,10,39,18,8,21,22.0,16.0,12.0,5.0,,,,203
Bocage,FaZe,14,17,23,37,18,20,35,26,17.0,8.0,17.0,18.0,,,,250
Tuscan,Surge,18,14,15,21,11,15,24,26,40.0,26.0,40.0,,,,,250
Tuscan,FaZe,18,22,35,34,33,41,26,15,9.0,12.0,0.0,,,,,245
Tuscan,Ultra,4,11,45,14,21,32,23,16,44.0,22.0,18.0,,,,,250
Tuscan,Thieves,36,37,2,30,7,16,33,29,11.0,11.0,0.0,,,,,212
Berlin,Ultra,21,38,20,0,13,32,47,41,0.0,26.0,12.0,,,,,250
Berlin,Thieves,26,4,31,33,12,19,1,13,50.0,7.0,0.0,,,,,196
Bocage,Ultra,4,9,7,23,11,11,15,31,6.0,12.0,,,,,,129
Bocage,FaZe,20,21,31,23,32,19,36,18,42.0,8.0,,,,,,250
Tuscan,Ultra,44,9,20,8,21,10,31,17,20.0,30.0,40.0,,,,,250
Tuscan,FaZe,0,26,30,35,25,33,13,24,25.0,16.0,0.0,,,,,227
Bocage,Surge,24,39,30,0,57,10,0,35,8.0,21.0,25.0,1.0,,,,250
Bocage,FaZe,0,6,21,49,0,16,34,11,34.0,17.0,16.0,13.0,,,,217
Berlin,Surge,35,21,32,27,4,11,12,36,22.0,6.0,6.0,,,,,212
Berlin,FaZe,9,19,17,32,26,43,41,15,15.0,30.0,3.0,,,,,250
Tuscan,Surge,23,4,10,35,16,42,33,23,33.0,31.0,,,,,,250
Tuscan,FaZe,18,30,37,22,35,8,14,18,11.0,3.0,,,,,,196
Tuscan,Subliners,1,28,6,29,27,20,6,9,19.0,56.0,45.0,0.0,,,,246
Tuscan,Mutineers,26,7,36,26,20,27,27,35,30.0,1.0,0.0,15.0,,,,250
Berlin,Subliners,39,20,14,33,14,33,2,54,8.0,33.0,,,,,,250
Berlin,Mutineers,6,18,37,7,9,13,25,0,34.0,2.0,,,,,,151
Gavutu,Breach,19,8,14,48,22,45,1,8,50.0,0.0,5.0,,,,,220
Gavutu,OpTic,17,27,26,4,18,2,47,42,0.0,51.0,16.0,,,,,250
Bocage,Breach,14,45,42,20,8,21,11,1,14.0,19.0,15.0,35.0,5.0,,,250
Bocage,OpTic,0,0,2,15,29,4,24,52,30.0,15.0,14.0,6.0,2.0,,,193
Gavutu,Ultra,44,14,25,1,10,19,9,52,0.0,,,,,,,174
Gavutu,Guerrillas,5,27,15,52,41,40,27,0,43.0,,,,,,,250
Tuscan,Ultra,6,8,7,55,18,50,56,11,22.0,15.0,2.0,,,,,250
Tuscan,Guerrillas,28,41,34,0,33,5,0,35,29.0,32.0,0.0,,,,,237
Tuscan,Ultra,17,34,16,23,16,17,2,16,52.0,0.0,,,,,,193
Tuscan,Royal Ravens,18,16,24,28,25,36,47,17,0.0,39.0,,,,,,250
Berlin,Ultra,46,0,16,40,11,25,26,0,8.0,13.0,0.0,,,,,185
Berlin,Royal Ravens,0,51,31,0,17,23,20,55,28.0,23.0,2.0,,,,,250
Gavutu,Guerrillas,8,26,0,1,45,0,24,0,,,,,,,,104
Gavutu,Subliners,32,13,46,43,0,47,24,45,,,,,,,,250
Tuscan,Guerrillas,6,30,24,14,5,12,5,31,0.0,,,,,,,127
Tuscan,Subliners,33,17,20,40,45,29,39,17,10.0,,,,,,,250
Bocage,Rokkr,6,23,22,17,18,16,22,28,3.0,16.0,21.0,16.0,,,,208
Bocage,OpTic,11,19,15,24,8,3,23,11,38.0,22.0,5.0,16.0,,,,195
Berlin,Rokkr,42,15,24,0,21,30,2,33,40.0,16.0,13.0,14.0,,,,250
Berlin,OpTic,0,25,23,36,6,26,39,19,0.0,16.0,35.0,11.0,,,,236
Gavutu,Breach,5,30,5,27,8,35,0,56,0.0,29.0,,,,,,195
Gavutu,Thieves,38,14,35,17,30,21,52,0,41.0,2.0,,,,,,250
Bocage,Legion,3,10,18,0,9,9,33,18,17.0,16.0,19.0,,,,,152
Bocage,Surge,4,23,28,55,21,23,17,29,28.0,20.0,2.0,,,,,250
Tuscan,Rokkr,7,18,23,26,22,29,19,33,31.0,8.0,15.0,15.0,,,,246
Tuscan,Mutineers,29,24,9,26,25,11,26,5,17.0,32.0,26.0,20.0,,,,250
Gavutu,FaZe,8,4,10,51,17,4,6,28,0.0,,,,,,,128
Gavutu,Thieves,26,39,40,1,19,46,45,5,29.0,,,,,,,250
Tuscan,FaZe,7,3,37,22,29,24,36,25,49.0,18.0,,,,,,250
Tuscan,Thieves,30,51,11,18,24,23,6,21,1.0,0.0,,,,,,185
Gavutu,Ultra,6,9,33,22,0,25,26,15,0.0,,,,,,,136
Gavutu,FaZe,34,40,9,26,46,24,19,25,27.0,,,,,,,250
Tuscan,Rokkr,28,9,45,10,14,0,18,32,31.0,0.0,,,,,,187
Tuscan,Royal Ravens,10,36,2,33,29,54,36,19,17.0,14.0,,,,,,250
Berlin,Rokkr,14,37,30,13,23,3,17,42,0.0,13.0,30.0,8.0,,,,230
Berlin,Royal Ravens,35,4,17,8,5,52,26,9,33.0,13.0,19.0,29.0,,,,250
Bocage,Breach,4,27,28,42,12,9,0,26,31.0,37.0,9.0,18.0,7.0,,,250
Bocage,Surge,11,13,16,3,9,28,57,15,12.0,7.0,12.0,19.0,0.0,,,202
Berlin,Breach,24,44,16,20,8,52,2,28,13.0,17.0,12.0,14.0,,,,250
Berlin,Surge,20,2,36,13,15,2,33,15,14.0,23.0,40.0,1.0,,,,214
Tuscan,Mutineers,0,18,2,3,23,12,16,30,,,,,,,,104
Tuscan,Royal Ravens,43,13,42,49,31,31,32,9,,,,,,,,250
Berlin,Mutineers,25,0,20,4,38,14,3,17,28.0,10.0,,,,,,159
Berlin,Royal Ravens,13,52,38,14,2,33,45,31,12.0,10.0,,,,,,250
Bocage,OpTic,10,26,29,29,23,0,36,8,14.0,30.0,15.0,14.0,5.0,,,239
Bocage,Legion,3,15,14,22,12,15,5,44,14.0,7.0,20.0,13.0,13.0,,,197
Berlin,OpTic,46,5,36,7,11,20,29,45,0.0,27.0,24.0,,,,,250
Berlin,Legion,0,37,5,27,19,22,18,10,45.0,3.0,4.0,,,,,190
Bocage,Subliners,21,0,39,28,4,26,34,54,20.0,24.0,,,,,,250
Bocage,Surge,9,52,4,18,48,0,15,1,21.0,33.0,,,,,,201
Berlin,Subliners,43,13,34,13,25,44,5,0,42.0,16.0,15.0,,,,,250
Berlin,Surge,0,36,19,31,13,12,32,50,1.0,24.0,18.0,,,,,236
Bocage,FaZe,5,7,42,26,19,24,20,12,5.0,25.0,9.0,12.0,,,,206
Bocage,Guerrillas,14,38,8,6,30,11,14,27,44.0,8.0,25.0,25.0,,,,250
Berlin,FaZe,16,20,21,13,2,8,44,14,21.0,43.0,34.0,5.0,,,,241
Berlin,Guerrillas,16,17,22,23,19,41,3,34,25.0,4.0,19.0,27.0,,,,250
Bocage,Breach,3,35,18,36,7,6,36,24,3.0,24.0,7.0,2.0,,,,201
Bocage,Guerrillas,24,8,25,3,34,5,5,20,48.0,0.0,10.0,3.0,,,,185
Berlin,Breach,30,33,33,5,7,32,34,29,47.0,,,,,,,250
Berlin,Guerrillas,16,13,24,23,18,22,17,13,0.0,,,,,,,146
Tuscan,Thieves,22,17,33,12,17,34,18,44,33.0,20.0,,,,,,250
Tuscan,Legion,29,31,11,29,33,16,23,7,22.0,25.0,,,,,,226
Bocage,Subliners,10,12,22,23,32,16,26,33,6.0,23.0,16.0,31.0,,,,250
Bocage,OpTic,3,28,12,9,12,12,21,17,29.0,17.0,10.0,1.0,,,,171
Berlin,Subliners,19,39,44,0,17,0,35,46,16.0,8.0,26.0,,,,,250
Berlin,OpTic,20,13,9,21,2,58,7,6,13.0,19.0,0.0,,,,,168
Gavutu,FaZe,35,0,14,40,28,16,36,30,26.0,1.0,21.0,,,,,247
Gavutu,Royal Ravens,9,54,37,10,24,30,11,13,12.0,49.0,1.0,,,,,250
Tuscan,FaZe,33,18,17,8,20,34,32,7,19.0,26.0,15.0,11.0,,,,240
Tuscan,Royal Ravens,2,28,16,38,24,16,3,37,30.0,19.0,28.0,9.0,,,,250
Tuscan,Legion,12,4,41,52,19,29,27,0,50.0,16.0,,,,,,250
Tuscan,Mutineers,19,44,7,0,18,12,13,44,3.0,17.0,,,,,,177
Berlin,Legion,31,8,26,33,19,14,27,9,38.0,5.0,18.0,0.0,,,,228
Berlin,Mutineers,16,36,29,9,2,38,18,40,5.0,19.0,26.0,12.0,,,,250
Bocage,Surge,3,20,32,33,23,11,18,21,2.0,27.0,20.0,23.0,8.0,,,241
Bocage,Rokkr,26,11,14,18,7,12,20,19,52.0,17.0,7.0,16.0,31.0,,,250
Berlin,Surge,39,10,6,37,34,42,13,55,14.0,,,,,,,250
Berlin,Rokkr,8,27,38,1,0,9,24,0,10.0,,,,,,,117
Bocage,Rokkr,16,17,39,50,0,14,11,32,50.0,21.0,,,,,,250
Bocage,Legion,13,15,12,0,56,13,39,18,1.0,0.0,,,,,,167
Berlin,Rokkr,24,45,26,9,1,33,12,33,11.0,30.0,26.0,,,,,250
Berlin,Legion,22,3,31,33,39,16,29,13,22.0,14.0,18.0,,,,,240
Gavutu,Breach,34,2,27,30,1,17,35,31,17.0,48.0,8.0,,,,,250
Gavutu,Ultra,0,41,16,18,30,30,8,23,29.0,0.0,16.0,,,,,211
Berlin,Breach,12,29,0,8,15,26,26,9,17.0,31.0,24.0,,,,,197
Berlin,Ultra,32,8,55,28,19,18,18,35,18.0,0.0,19.0,,,,,250
Tuscan,Thieves,45,8,11,39,32,19,3,38,0.0,0.0,,,,,,195
Tuscan,Mutineers,0,38,23,12,13,32,41,13,52.0,26.0,,,,,,250
Berlin,Thieves,5,1,35,22,22,44,11,15,40.0,12.0,24.0,19.0,,,,250
Berlin,Mutineers,32,42,16,2,15,14,17,39,13.0,9.0,34.0,15.0,,,,248
Tuscan,FaZe,42,19,26,26,30,24,16,18,8.0,34.0,7.0,,,,,250
Tuscan,Surge,0,13,16,25,12,30,36,14,39.0,9.0,30.0,,,,,224
Tuscan,Guerrillas,11,22,42,24,24,8,11,23,29.0,20.0,14.0,0.0,,,,228
Tuscan,Royal Ravens,15,29,0,24,27,42,27,20,12.0,22.0,28.0,4.0,,,,250
Berlin,Guerrillas,9,37,1,29,11,31,17,8,40.0,15.0,52.0,,,,,250
Berlin,Royal Ravens,29,5,52,19,24,21,21,49,9.0,12.0,0.0,,,,,241
Bocage,OpTic,15,13,11,38,44,6,15,41,18.0,31.0,16.0,2.0,,,,250
Bocage,Ultra,2,19,31,5,6,16,30,7,14.0,9.0,30.0,0.0,,,,169
Tuscan,OpTic,40,6,2,33,13,9,34,30,25.0,6.0,,,,,,198
Tuscan,Ultra,7,32,46,13,34,42,9,13,24.0,30.0,,,,,,250
Tuscan,Subliners,44,12,27,50,27,24,14,16,0.0,36.0,,,,,,250
Tuscan,Thieves,2,29,17,0,21,25,29,24,51.0,1.0,,,,,,199
Berlin,Subliners,21,43,41,4,3,43,0,43,26.0,5.0,21.0,,,,,250
Berlin,Thieves,24,6,14,42,35,12,59,3,9.0,35.0,0.0,,,,,239
Tuscan,Ultra,21,2,26,27,25,14,30,4,26.0,34.0,20.0,20.0,,,,249
Tuscan,Royal Ravens,21,40,15,21,12,37,8,43,27.0,5.0,19.0,2.0,,,,250
Berlin,Ultra,40,10,41,12,21,22,24,23,2.0,13.0,12.0,30.0,,,,250
Berlin,Royal Ravens,1,29,11,29,4,31,3,28,17.0,33.0,43.0,1.0,,,,230
Gavutu,Breach,14,17,17,21,2,10,4,27,0.0,41.0,0.0,,,,,153
Gavutu,Mutineers,25,32,11,33,13,30,30,8,55.0,1.0,12.0,,,,,250
Berlin,Breach,42,31,30,30,12,55,0,24,26.0,,,,,,,250
Berlin,Mutineers,0,7,21,7,23,0,52,24,0.0,,,,,,,134
Bocage,Subliners,6,14,18,11,34,21,9,36,15.0,9.0,30.0,1.0,,,,204
Bocage,Rokkr,29,35,21,33,15,2,34,7,30.0,18.0,5.0,21.0,,,,250
Tuscan,Subliners,23,34,46,47,6,14,29,20,31.0,,,,,,,250
Tuscan,Rokkr,23,12,1,3,47,27,9,19,3.0,,,,,,,144
Tuscan,Thieves,5,23,35,43,37,30,37,22,18.0,,,,,,,250
Tuscan,FaZe,35,19,8,0,14,22,14,14,22.0,,,,,,,148
Berlin,Thieves,36,37,6,55,28,11,41,14,13.0,9.0,,,,,,250
Berlin,FaZe,14,6,42,0,4,41,2,32,31.0,2.0,,,,,,174
Bocage,FaZe,14,43,45,15,13,4,38,47,15.0,8.0,8.0,,,,,250
Bocage,Legion,8,6,6,36,27,32,2,4,9.0,25.0,11.0,,,,,166
Tuscan,FaZe,21,26,19,22,27,32,19,34,19.0,16.0,0.0,,,,,235
Tuscan,Legion,24,24,19,20,18,11,23,15,36.0,26.0,34.0,,,,,250
Tuscan,Guerrillas,25,54,3,22,49,8,13,34,24.0,18.0,,,,,,250
Tuscan,Royal Ravens,15,1,47,22,0,35,16,10,17.0,26.0,,,,,,189
Berlin,Guerrillas,13,26,28,41,12,32,12,49,6.0,23.0,8.0,,,,,250
Berlin,Royal Ravens,28,22,26,1,13,14,26,3,50.0,8.0,0.0,,,,,191
Bocage,Breach,22,4,14,34,18,5,39,7,1.0,16.0,10.0,7.0,,,,177
Bocage,Surge,2,41,22,21,32,15,10,37,44.0,2.0,13.0,11.0,,,,250
Berlin,Breach,32,3,54,26,16,27,12,41,0.0,8.0,15.0,16.0,,,,250
Berlin,Surge,13,41,0,21,11,28,30,3,50.0,10.0,41.0,0.0,,,,248
Bocage,Rokkr,11,29,6,44,21,5,2,32,35.0,41.0,17.0,7.0,,,,250
Bocage,OpTic,8,16,35,0,22,18,13,8,19.0,8.0,13.0,26.0,,,,186
Gavutu,Rokkr,39,30,0,38,31,6,11,0,29.0,20.0,,,,,,204
Gavutu,OpTic,4,8,56,6,13,40,30,52,18.0,23.0,,,,,,250
Bocage,FaZe,6,15,13,36,41,19,11,19,5.0,38.0,3.0,25.0,19.0,,,250
Bocage,Guerrillas,14,29,31,6,6,19,20,27,24.0,8.0,19.0,10.0,1.0,,,214
Bocage,Breach,5,22,39,29,9,11,13,30,23.0,1.0,4.0,1.0,,,,187
Bocage,OpTic,4,15,5,19,15,9,29,11,17.0,26.0,20.0,3.0,,,,173
Tuscan,Breach,45,0,33,30,23,3,2,24,40.0,26.0,15.0,,,,,241
Tuscan,OpTic,0,53,20,14,13,47,43,8,7.0,14.0,31.0,,,,,250
Tuscan,Thieves,21,22,44,5,40,22,15,30,2.0,26.0,23.0,,,,,250
Tuscan,Ultra,27,23,6,47,2,25,26,5,50.0,19.0,9.0,,,,,239
Tuscan,Subliners,33,20,9,47,25,40,24,26,24.0,0.0,2.0,,,,,250
Tuscan,Mutineers,1,23,42,4,22,7,30,29,20.0,48.0,0.0,,,,,226
Bocage,Ultra,6,23,24,12,52,15,8,19,15.0,28.0,2.0,40.0,1.0,,,245
Bocage,OpTic,8,19,9,37,0,17,31,22,32.0,17.0,18.0,3.0,37.0,,,250
Tuscan,Ultra,17,25,1,13,21,20,4,11,5.0,21.0,41.0,,,,,179
Tuscan,OpTic,22,11,21,29,26,19,32,18,46.0,18.0,8.0,,,,,250
Gavutu,FaZe,37,46,3,21,0,39,53,36,15.0,,,,,,,250
Gavutu,Mutineers,12,8,39,25,47,9,0,17,23.0,,,,,,,180
Tuscan,FaZe,44,23,8,28,0,50,40,11,24.0,22.0,,,,,,250
Tuscan,Mutineers,0,24,27,25,55,0,9,27,26.0,2.0,,,,,,195
Tuscan,Subliners,8,13,15,5,30,48,23,49,31.0,23.0,5.0,,,,,250
Tuscan,Thieves,25,11,18,37,21,0,24,0,13.0,27.0,0.0,,,,,176
Berlin,Subliners,26,40,31,12,19,0,25,2,31.0,2.0,43.0,19.0,,,,250
Berlin,Thieves,19,6,16,27,16,45,18,42,2.0,34.0,7.0,3.0,,,,235
Bocage,FaZe,17,15,16,9,38,17,48,8,34.0,27.0,21.0,,,,,250
Bocage,OpTic,17,6,25,44,4,14,1,34,17.0,21.0,3.0,,,,,186
Tuscan,FaZe,41,13,4,33,18,36,18,27,41.0,19.0,,,,,,250
Tuscan,OpTic,0,29,28,1,35,16,14,20,4.0,0.0,,,,,,147
Tuscan,Thieves,25,42,12,23,25,33,3,21,2.0,21.0,,,,,,207
Tuscan,FaZe,21,7,35,22,26,15,41,12,51.0,20.0,,,,,,250
Berlin,Thieves,38,32,17,17,16,26,10,44,8.0,5.0,23.0,14.0,,,,250
Berlin,FaZe,4,23,29,11,16,22,30,6,19.0,6.0,27.0,14.0,,,,207
Bocage,Subliners,17,52,2,32,19,5,12,34,28.0,6.0,17.0,26.0,,,,250
Bocage,Thieves,12,0,28,21,15,20,38,8,23.0,32.0,8.0,0.0,,,,205
Berlin,Subliners,9,10,43,0,0,33,12,10,23.0,,,,,,,140
Berlin,Thieves,31,30,8,55,27,20,34,40,5.0,,,,,,,250
Tuscan,Subliners,3,24,13,18,34,0,33,7,31.0,,,,,,,163
Tuscan,Thieves,32,29,33,28,15,57,10,41,5.0,,,,,,,250
Bocage,FaZe,12,33,1,3,37,11,1,36,20.0,0.0,2.0,,,,,156
Bocage,Guerrillas,14,10,46,43,17,2,49,8,14.0,43.0,4.0,,,,,250
