HARDPOINT,,,,,,,,,,,,,,,,,,,,,,,,,,,,,,,,,,,,,,,,,,,,,,,,,,,,,,,,,,,,,,,,,,,,,,,,,,,,,SnD,,,,,,,,,,,,,,,,,,,,,,,,,,,,,,,,,,,,,,,,,,,,,,,,,,,,,,,,,,,,,,,,,,,,,,,,,,,,,,,,,,,,,,,,,,,,,,,Control,,,,,,,,,,,,,,,,,,,,,,,,,,,,,,,,,,,,,,,,,,,,,,,,,,,,,,,,,,,,,,,,,,,,,,,,,,,,,,,,
,,,,,,,,,,,,,,,,,,,,,,,,,,,,,,,,,,,,,,,,,,,,,,,,,,,,,,,,,,,,,,,,,,,,,,,,,,,,,,,,,,,,,,,,,,,,,,,,,,,,,,,,,,,,,,,,,,,,,,,,,,,,,,,,,,,,,,,,,,,,,,,,,,,,,,,,,,,,,,,,,,,,,,,,,,,,,,,,,,,,,,,,,,,,,,,,,,,,,,,,,,,,,,,,,,,,,,,,,,,,,,,,,,,,,,,,,,,,,,,,,,,,,,,,,,,,
Map,Team,P1,P2,P3,P4,P5,P1,P2,P3,P4,P5,P1,P2,P3,P4,P5,Total,Hills,,P1,PM,H,P2,PM,H,P3,PM,H,P4,PM,H,P5,PM,H,PPH,High,Low,50 Pt Hills,0 pt Hills,50 PHA,Shutouts,,,,P1,,,,P2,,,,P3,,,,P4,,,,P5,,,,,,,,,,,,,,,,,,,,,,,,,,,,,,,,,Offense,,,,,,,,,,,,,,Defense,,,,,,,,,,,,,,,,,,,,,,,,,,,,,,,,,,,,,,,,,,,,,,,,,,,,,,,,,,,,,,,,,,,,,,,,,Offense,,,,,,,,,,,,,,Defense,,,,,,,,,,,,,,,,,,,,,,,,,,,,,,,,,,,,,,,,,,,,,,,,,,,,,,,,,
Tuscan,Ultra,21,2,26,27,25,14,30,4,26,34,20,20,,,,249,12,,55,-22,3,52,2,3,30,-28,2,53,5,2,59,42,2,20.75,34,2,0,0,0,0,,,Berlin,PF,PA,PM,H,PF,PA,PM,H,PF,PA,PM,H,PF,PA,PM,H,PF,PA,PM,H,PF,PA,PM,50 Pt Hills,0 pt Hills,50 PHA,Shutouts,Total Hills,,,,,,,,1,,,,2,,,,3,,,,4,,,,5,,,,6,,,,7,,,,8,,,,9,,,,10,,,,11,,,,,,OFFENSE,,,,,,,,DEFENSE,,,,,,,,,,,TOTAL,,,,,OFFENSE,,,,,,,,,DEFENSE,,,,,,,,,,,,,,,,1,,,,,,2,,,,,,3,,,,,,4,,,,,,5,,,,,,,,,,Offense,,,,,,,,,,Defense,,,,,,,,,,Totals,,,,Offense,,,,,,,,,,,Defense,,,,,,,,
Tuscan,Royal Ravens,21,40,15,21,12,37,8,43,27,5,19,2,,,,250,,,77,22,3,50,-2,3,58,28,2,48,-5,2,17,-42,2,20.83,43,2,0,0,0,0,,,Breach,171,82,89,5,62,130,-68,5,149,48,101,4,82,78,4,4,36,44,-8,3,500,382,118,2,2,2,5,21,,,,,,Map,Team,W/L,P,Side,FB,W/L,P,Side,FB,W/L,P,Side,FB,W/L,P,Side,FB,W/L,P,Site,FB,W/L,P,Side,FB,W/L,P,Side,FB,W/L,P,Side,FB,W/L,P,Side,FB,W/L,P,Side,FB,W/L,P,Side,FB,Score,,Rounds,Wins,FB,FBW,AP,APW,BP,BPW,Rounds,Wins,FB,FBW,AP,APW,BP,BPW,,,Berlin,Rds,W,L,W%,FB,Rds,W,L,FB,FBW,AP,APW,BP,BPW,Rds,W,L,FB,FBW,AP,APW,BP,BPW,,,,,,Map,Team,W/L,A,B,Ticks,Side,Lives ,W/L,A,B,Ticks,Side,Lives ,W/L,A,B,Ticks,Side,Lives ,W/L,A,B,Ticks,Side,Lives ,W/L,A,B,Ticks,Side,Lives ,Score,Lives,Ticks,,Rounds,W,A Caps, A Cap W,B Caps,B Cap W,Lives Left,Cap W's,Wipe W's,Ticks,Rounds,W,Lives Left,A Def,B Def,Defend W's,Wipe W's,Ticks Allow,,Gavutu,Rounds,W,L,W%,Rounds,W,L,A Caps,A Caps W,B Caps,B Caps W,Lives Left,Cap Wins,Wipe Wins,Ticks,Rounds,W,L,Lives Left,A Def,B Def,Def Wins,Wipe Wins,Ticks Allow
,,,,,,,,,,,,,,,,,,,,,,,,,,,,,,,,,,,,,,,,,,,,OpTic,0,0,0,0,0,0,0,0,0,0,0,0,0,0,0,0,0,0,0,0,0,0,0,0,0,0,0,0,,,,,,Desert Siege,Ultra,1,,D,X,,,O,,,B,D,,,A,O,X,1,A,D,X,,A,O,,,,D,,1,A,O,X,1,,D,X,,A,O,X,,,,,4,,5,1,3,1,4,1,0,0,5,3,3,3,1,1,1,0,,,Breach,8,6,2,75.00%,5,4,3,1,2,1,3,3,0,0,4,3,1,3,2,3,2,0,0,,,,,,Tuscan,Royal Ravens,,X,,3,O,0,,,,,D,0,,X,,5,O,0,,,,,,,,,,,,,0,0,8,,2,0,2,0,0,0,0,0,0,8,1,0,0,0,0,0,0,4,,Breach,3,3,0,100.00%,1,1,0,1,1,1,1,22,1,0,6,2,2,0,14,0,2,1,1,6
,,P1,P2,P3,P4,P5,P1,P2,P3,P4,P5,P1,P2,P3,P4,P5,Total,Hills,,P1,PM,H,P2,PM,H,P3,PM,H,P4,PM,H,P5,PM,H,PPH,High,Low,50 Pt Hills,0 pt Hills,50 PHA,Shutouts,,,Thieves,256,219,37,10,225,181,44,10,187,195,-8,8,182,127,55,8,135,49,86,7,985,771,214,2,0,0,4,43,,,,,,Desert Siege,Royal Ravens,,,O,,1,,D,X,1,B,O,X,1,A,D,,,A,O,,1,A,D,X,1,,O,X,,A,D,,,,O,,1,A,D,,,,,,6,,5,2,2,2,1,0,1,1,5,4,2,2,4,3,0,0,,,OpTic,10,4,6,40.00%,4,5,3,2,2,2,3,2,1,1,5,1,4,2,1,1,0,4,1,,,,,,Tuscan,Ultra,1,,X,,D,7,1,X,,4,O,2,1,,X,,D,10,,,,,,,,,,,,,3,19,4,,1,1,1,1,0,0,2,0,1,4,2,2,17,0,2,0,2,8,,OpTic,0,0,0,,0,0,0,0,0,0,0,0,0,0,0,0,0,0,0,0,0,0,0,0
Berlin,Ultra,40,10,41,12,21,22,24,23,2,13,12,30,,,,250,12,,74,-1,3,64,31,3,64,25,2,14,-32,2,34,-3,2,20.83,41,2,0,0,0,0,,,FaZe,108,134,-26,5,75,134,-59,5,109,81,28,4,61,93,-32,4,28,58,-30,4,381,500,-119,0,1,1,0,22,,,,,,,,,,,,,,,,,,,,,,,,,,,,,,,,,,,,,,,,,,,,,,,,,,,,,,,,,,,,,,,,,,,,,,,,Thieves,33,21,12,63.64%,21,17,10,7,10,8,3,2,8,6,16,11,5,11,7,7,3,4,3,,,,,,,,,,,,,,,,,,,,,,,,,,,,,,,,,,,,,,,,,,,,,,,,,,,,,,,,,,,,,Thieves,4,3,1,75.00%,2,1,1,1,1,0,0,12,0,1,7,2,2,0,12,0,2,2,0,6
Berlin,Royal Ravens,1,29,11,29,4,31,3,28,17,33,43,1,,,,230,,,75,1,3,33,-31,3,39,-25,2,46,32,2,37,3,2,19.17,43,1,0,0,0,0,,,Mutineers,0,97,-97,2,59,31,28,2,45,54,-9,2,7,56,-49,2,23,12,11,1,134,250,-116,1,3,1,1,9,,,,,,,,1,,,,2,,,,3,,,,4,,,,5,,,,6,,,,7,,,,8,,,,9,,,,10,,,,11,,,,,,OFFENSE,,,,,,,,DEFENSE,,,,,,,,,,FaZe,35,18,17,51.43%,16,17,9,8,7,4,4,3,7,4,18,9,9,9,6,6,1,4,1,,,,,,,,1,,,,,,2,,,,,,3,,,,,,4,,,,,,5,,,,,,,,,,Offense,,,,,,,,,,Defense,,,,,,,,,FaZe,0,0,0,,0,0,0,0,0,0,0,0,0,0,0,0,0,0,0,0,0,0,0,0
,,,,,,,,,,,,,,,,,,,,,,,,,,,,,,,,,,,,,,,,,,,,Subliners,111,122,-11,5,106,91,15,5,86,106,-20,4,66,89,-23,4,21,77,-56,3,390,485,-95,0,3,1,0,21,,,,,,,,W/L,P,Side,FB,W/L,P,Side,FB,W/L,P,Side,FB,W/L,P,Side,FB,W/L,P,Site,FB,W/L,P,Side,FB,W/L,P,Side,FB,W/L,P,Side,FB,W/L,P,Side,FB,W/L,P,Side,FB,W/L,P,Side,FB,Score,,Rounds,Wins,FB,FBW,AP,APW,BP,BPW,Rounds,Wins,FB,FBW,AP,APW,BP,BPW,,,Mutineers,17,10,7,58.82%,9,9,7,2,3,3,3,2,4,4,8,3,5,6,3,2,1,2,0,,,,,,,,W/L,A,B,Ticks,Side,Lives ,W/L,A,B,Ticks,Side,Lives ,W/L,A,B,Ticks,Side,Lives ,W/L,A,B,Ticks,Side,Lives ,W/L,A,B,Ticks,Side,Lives ,Score,Lives,Ticks,,Rounds,W,A Caps, A Cap W,B Caps,B Cap W,Lives Left,Cap W's,Wipe W's,Ticks,Rounds,W,Lives Left,A Def,B Def,Defend W's,Wipe W's,Ticks Allow,,Mutineers,3,0,3,0.00%,2,0,2,2,0,0,0,4,0,0,6,1,0,1,7,0,0,0,0,6
,,P1,P2,P3,P4,P5,P1,P2,P3,P4,P5,P1,P2,P3,P4,P5,Total,Hills,,P1,PM,H,P2,PM,H,P3,PM,H,P4,PM,H,P5,PM,H,PPH,High,Low,50 Pt Hills,0 pt Hills,50 PHA,Shutouts,,,Rokkr,0,0,0,0,0,0,0,0,0,0,0,0,0,0,0,0,0,0,0,0,0,0,0,0,0,0,0,0,,,,,,Bocage,Royal Ravens,1,,D,X,,,O,,,A,D,,,,O,,1,,D,,,,O,,,B,D,,,,O,,,,,,,,,,,,,,2,,4,0,0,0,0,0,0,0,4,2,1,1,1,0,1,0,,,Subliners,26,13,13,50.00%,11,12,7,5,2,2,5,4,2,1,14,6,8,9,6,2,1,7,1,,,,,,Gavutu,Mutineers,,X,,3,O,4,,,,,D,7,,X,,3,O,0,,,,,,,,,,,,,0,11,6,,2,0,2,0,0,0,4,0,0,6,1,0,7,0,0,0,0,6,,Subliners,4,1,3,25.00%,2,0,2,2,0,0,0,8,0,0,6,2,1,1,17,1,1,1,0,7
Gavutu,Breach,14,17,17,21,2,10,4,27,0,41,0,,,,,153,11,,24,-43,3,21,-41,2,44,25,2,21,-67,2,43,29,2,13.91,41,0,0,2,1,0,,,Royal Ravens,117,127,-10,6,81,102,-21,5,68,141,-73,4,97,61,36,4,58,69,-11,4,421,500,-79,1,1,0,0,23,,,,,,Bocage,Ultra,,,O,,1,,D,X,1,A,O,X,1,,D,X,,,O,X,1,,D,X,1,B,O,X,1,,D,X,,,,,,,,,,,,,6,,4,2,3,2,1,1,1,1,4,4,4,4,0,0,0,0,,,Rokkr,0,0,0,,0,0,0,0,0,0,0,0,0,0,0,0,0,0,0,0,0,0,0,,,,,,Gavutu,Breach,1,,X,,D,6,1,X,X,6,O,22,1,,X,,D,8,,,,,,,,,,,,,3,36,6,,1,1,1,1,1,1,22,1,0,6,2,2,14,0,2,1,1,6,,Rokkr,0,0,0,,0,0,0,0,0,0,0,0,0,0,0,0,0,0,0,0,0,0,0,0
Gavutu,Mutineers,25,32,11,33,13,30,30,8,55,1,12,,,,,250,,,67,43,3,62,41,2,19,-25,2,88,67,2,14,-29,2,22.73,55,1,1,0,0,2,,,Legion,0,0,0,0,0,0,0,0,0,0,0,0,0,0,0,0,0,0,0,0,0,0,0,0,0,0,0,0,,,,,,,,,,,,,,,,,,,,,,,,,,,,,,,,,,,,,,,,,,,,,,,,,,,,,,,,,,,,,,,,,,,,,,,,Royal Ravens,0,0,0,,0,0,0,0,0,0,0,0,0,0,0,0,0,0,0,0,0,0,0,,,,,,,,,,,,,,,,,,,,,,,,,,,,,,,,,,,,,,,,,,,,,,,,,,,,,,,,,,,,,Royal Ravens,0,0,0,,0,0,0,0,0,0,0,0,0,0,0,0,0,0,0,0,0,0,0,0
,,,,,,,,,,,,,,,,,,,,,,,,,,,,,,,,,,,,,,,,,,,,Ultra,74,75,-1,3,64,33,31,3,64,39,25,2,14,46,-32,2,34,37,-3,2,250,230,20,0,0,0,0,12,,,,,,,,1,,,,2,,,,3,,,,4,,,,5,,,,6,,,,7,,,,8,,,,9,,,,10,,,,11,,,,,,OFFENSE,,,,,,,,DEFENSE,,,,,,,,,,Legion,8,2,6,25.00%,4,4,1,3,1,1,1,1,0,0,4,1,3,3,1,1,0,1,0,,,,,,,,1,,,,,,2,,,,,,3,,,,,,4,,,,,,5,,,,,,,,,,Offense,,,,,,,,,,Defense,,,,,,,,,Legion,0,0,0,,0,0,0,0,0,0,0,0,0,0,0,0,0,0,0,0,0,0,0,0
,,P1,P2,P3,P4,P5,P1,P2,P3,P4,P5,P1,P2,P3,P4,P5,Total,Hills,,P1,PM,H,P2,PM,H,P3,PM,H,P4,PM,H,P5,PM,H,PPH,High,Low,50 Pt Hills,0 pt Hills,50 PHA,Shutouts,,,Guerrillas,53,42,11,3,38,48,-10,2,77,29,48,2,47,51,-4,2,35,21,14,2,250,191,59,0,0,1,1,11,,,,,,,,W/L,P,Side,FB,W/L,P,Side,FB,W/L,P,Side,FB,W/L,P,Side,FB,W/L,P,Site,FB,W/L,P,Side,FB,W/L,P,Side,FB,W/L,P,Side,FB,W/L,P,Side,FB,W/L,P,Side,FB,W/L,P,Side,FB,Score,,Rounds,Wins,FB,FBW,AP,APW,BP,BPW,Rounds,Wins,FB,FBW,AP,APW,BP,BPW,,,Ultra,16,6,10,37.50%,8,8,4,4,5,3,3,1,4,3,8,2,6,3,2,3,1,3,0,,,,,,,,W/L,A,B,Ticks,Side,Lives ,W/L,A,B,Ticks,Side,Lives ,W/L,A,B,Ticks,Side,Lives ,W/L,A,B,Ticks,Side,Lives ,W/L,A,B,Ticks,Side,Lives ,Score,Lives,Ticks,,Rounds,W,A Caps, A Cap W,B Caps,B Cap W,Lives Left,Cap W's,Wipe W's,Ticks,Rounds,W,Lives Left,A Def,B Def,Defend W's,Wipe W's,Ticks Allow,,Ultra,0,0,0,,0,0,0,0,0,0,0,0,0,0,0,0,0,0,0,0,0,0,0,0
Berlin,Breach,42,31,30,30,12,55,0,24,26,,,,,,,250,9,,97,97,2,31,-28,2,54,9,2,56,49,2,12,-11,1,27.78,55,0,1,1,1,3,,,Surge,82,74,8,3,71,31,40,3,3,95,-92,2,71,26,45,2,21,24,-3,2,248,250,-2,1,2,1,1,12,,,,,,Desert Siege,Breach,,,D,,,A,O,,1,B,D,X,1,,O,,,B,D,,,B,O,,,B,D,,,A,O,,,,,,,,,,,,,,2,,4,1,0,0,2,0,1,0,4,1,1,1,0,0,3,1,,,Guerrillas,9,3,6,33.33%,4,5,2,3,3,2,1,1,1,1,4,1,3,1,0,1,0,2,1,,,,,,Berlin,Rokkr,,,X,3,O,3,,,,,D,13,,X,,5,O,0,,,,,,,,,,,,,0,16,8,,2,0,1,0,1,0,3,0,0,8,1,0,13,0,0,0,0,6,,Guerrillas,0,0,0,,0,0,0,0,0,0,0,0,0,0,0,0,0,0,0,0,0,0,0,0
Berlin,Mutineers,0,7,21,7,23,0,52,24,0,,,,,,,134,,,0,-97,2,59,28,2,45,-9,2,7,-49,2,23,11,1,14.89,52,0,1,3,1,1,,,,,,,,,,,,,,,,,,,,,,Total Pts,,3559,,,7,12,7,12,87,,,,,,Desert Siege,Mutineers,1,,O,X,1,A,D,X,,B,O,,,,D,X,1,B,O,X,1,B,D,X,1,B,O,X,1,A,D,X,,,,,,,,,,,,,6,,4,3,3,3,0,0,3,2,4,3,4,3,2,2,1,1,,,Surge,8,2,6,25.00%,3,4,1,3,1,0,3,1,0,0,4,1,3,2,0,3,0,0,0,,,,,,Berlin,Subliners,1,X,,,D,7,1,X,X,6,O,20,1,,X,,D,1,,,,,,,,,,,,,3,28,6,,1,1,1,1,1,1,20,1,0,6,2,2,8,1,1,1,1,8,,Surge,0,0,0,,0,0,0,0,0,0,0,0,0,0,0,0,0,0,0,0,0,0,0,0
,,,,,,,,,,,,,,,,,,,,,,,,,,,,,,,,,,,,,,,,,,,,,P1,,,,P2,,,,P3,,,,P4,,,,P5,,,,,,,,,,,,,,,,,,,,,,,,,,,,,,,,,,,,,,,,,,,,,,,,,,,,,,,,,,,,,,,,,,,,,,,,,,,,,,,,,,,,,,,,,,,,,,,,,,,,,,,,,,,,,,,,,,,,,,,,,,,,,,,,,,,,,,,,,,,,,,,,,,,,,,,,,,,,,,,,,,,,,,,,,,,,,,,,,,,,,,,,,,,,,,,
,,P1,P2,P3,P4,P5,P1,P2,P3,P4,P5,P1,P2,P3,P4,P5,Total,Hills,,P1,PM,H,P2,PM,H,P3,PM,H,P4,PM,H,P5,PM,H,PPH,High,Low,50 Pt Hills,0 pt Hills,50 PHA,Shutouts,,,Bocage,PF,PA,PM,H,PF,PA,PM,H,PF,PA,PM,H,PF,PA,PM,H,PF,PA,PM,H,PF,PA,PM,50 Pt Hills,0 pt Hills,50 PHA,Shutouts,Total Hills,,,,,,,,1,,,,2,,,,3,,,,4,,,,5,,,,6,,,,7,,,,8,,,,9,,,,10,,,,11,,,,,,OFFENSE,,,,,,,,DEFENSE,,,,,,,,,,,TOTAL,,,,,OFFENSE,,,,,,,,,DEFENSE,,,,,,,,,,,,,,,,1,,,,,,2,,,,,,3,,,,,,4,,,,,,5,,,,,,,,,,Offense,,,,,,,,,,Defense,,,,,,,,,,Totals,,,,Offense,,,,,,,,,,,Defense,,,,,,,,
Bocage,Subliners,6,14,18,11,34,21,9,36,15,9,30,1,,,,204,12,,57,21,3,24,-66,3,54,26,2,26,-37,2,43,10,2,17.00,36,1,0,0,0,0,,,Breach,57,63,-6,6,86,109,-23,6,90,75,15,4,87,101,-14,4,44,75,-31,4,364,423,-59,0,0,0,0,24,,,,,,,,W/L,P,Side,FB,W/L,P,Side,FB,W/L,P,Side,FB,W/L,P,Side,FB,W/L,P,Site,FB,W/L,P,Side,FB,W/L,P,Side,FB,W/L,P,Side,FB,W/L,P,Side,FB,W/L,P,Side,FB,W/L,P,Side,FB,Score,,Rounds,Wins,FB,FBW,AP,APW,BP,BPW,Rounds,Wins,FB,FBW,AP,APW,BP,BPW,,,Bocage,Rds,W,L,W%,FB,Rds,W,L,FB,FBW,AP,APW,BP,BPW,Rds,W,L,FB,FBW,AP,APW,BP,BPW,,,,,,,,W/L,A,B,Ticks,Side,Lives ,W/L,A,B,Ticks,Side,Lives ,W/L,A,B,Ticks,Side,Lives ,W/L,A,B,Ticks,Side,Lives ,W/L,A,B,Ticks,Side,Lives ,Score,Lives,Ticks,,Rounds,W,A Caps, A Cap W,B Caps,B Cap W,Lives Left,Cap W's,Wipe W's,Ticks,Rounds,W,Lives Left,A Def,B Def,Defend W's,Wipe W's,Ticks Allow,,Tuscan,Rounds,W,L,W%,Rounds,W,L,A Caps,A Caps W,B Caps,B Caps W,Lives Left,Cap Wins,Wipe Wins,Ticks,Rounds,W,L,Lives Left,A Def,B Def,Def Wins,Wipe Wins,Ticks Allow
Bocage,Rokkr,29,35,21,33,15,2,34,7,30,18,5,21,,,,250,,,36,-21,3,90,66,3,28,-26,2,63,37,2,33,-10,2,20.83,35,2,0,0,0,0,,,OpTic,149,131,18,12,162,208,-46,11,186,175,11,9,185,201,-16,8,113,217,-104,8,795,932,-137,0,2,1,0,48,,,,,,Bocage,Mutineers,1,,D,X,1,,O,X,1,A,D,X,,,O,,1,,D,X,,A,O,,,A,D,X,,,O,,1,,D,X,1,B,O,,,,,,6,,5,2,1,1,1,0,1,1,5,4,5,4,2,1,0,0,,,Breach,10,4,6,40.00%,4,5,1,4,0,0,2,1,0,0,5,3,2,4,3,1,1,1,0,,,,,,Tuscan,FaZe,,X,,3,O,6,1,,X,,D,13,,X,,4,O,3,1,,X,,D,6,1,,X,,D,10,3,38,7,,2,0,2,0,0,0,9,0,0,7,3,3,29,0,3,2,1,12,,Breach,8,2,6,25.00%,4,0,4,4,0,0,0,9,0,0,14,4,2,2,26,1,2,2,0,12
,,,,,,,,,,,,,,,,,,,,,,,,,,,,,,,,,,,,,,,,,,,,Thieves,40,39,1,3,38,90,-52,3,36,36,0,2,44,60,-16,2,47,25,22,2,205,250,-45,0,2,1,0,12,,,,,,Bocage,Breach,,,O,,,,D,,,A,O,,1,,D,X,,,O,,1,A,D,X,1,A,O,,1,,D,X,,,O,,,B,D,X,,,,,4,,5,1,0,0,2,1,0,0,5,3,4,3,1,1,1,0,,,OpTic,28,18,10,64.29%,18,15,8,7,9,7,2,2,5,3,13,10,3,9,8,3,2,4,2,,,,,,Tuscan,Thieves,1,,X,,D,9,,X,,3,O,0,1,,X,,D,10,,X,,4,O,2,,X,,5,O,5,2,26,12,,3,0,3,0,0,0,7,0,0,12,2,2,19,0,2,2,0,7,,OpTic,14,7,7,50.00%,8,1,7,7,1,0,0,42,0,1,25,6,6,0,32,0,6,6,0,26
,,P1,P2,P3,P4,P5,P1,P2,P3,P4,P5,P1,P2,P3,P4,P5,Total,Hills,,P1,PM,H,P2,PM,H,P3,PM,H,P4,PM,H,P5,PM,H,PPH,High,Low,50 Pt Hills,0 pt Hills,50 PHA,Shutouts,,,FaZe,109,137,-28,9,195,74,121,7,167,128,39,7,114,136,-22,6,165,91,74,6,750,566,184,0,0,0,0,35,,,,,,,,,,,,,,,,,,,,,,,,,,,,,,,,,,,,,,,,,,,,,,,,,,,,,,,,,,,,,,,,,,,,,,,,Thieves,10,4,6,40.00%,4,5,0,5,1,0,1,0,1,0,5,4,1,3,3,0,0,2,1,,,,,,,,,,,,,,,,,,,,,,,,,,,,,,,,,,,,,,,,,,,,,,,,,,,,,,,,,,,,,Thieves,8,5,3,62.50%,4,1,3,4,1,0,0,21,0,1,17,4,4,0,30,0,4,3,1,14
Tuscan,Subliners,23,34,46,47,6,14,29,20,31,,,,,,,250,9,,37,-13,2,63,42,2,66,46,2,78,72,2,6,-41,1,27.78,47,6,0,0,0,0,,,Mutineers,0,0,0,0,0,0,0,0,0,0,0,0,0,0,0,0,0,0,0,0,0,0,0,0,0,0,0,0,,,,,,,,1,,,,2,,,,3,,,,4,,,,5,,,,6,,,,7,,,,8,,,,9,,,,10,,,,11,,,,,,OFFENSE,,,,,,,,DEFENSE,,,,,,,,,,FaZe,9,3,6,33.33%,3,4,1,3,2,1,1,0,1,1,5,2,3,1,1,0,0,2,1,,,,,,,,1,,,,,,2,,,,,,3,,,,,,4,,,,,,5,,,,,,,,,,Offense,,,,,,,,,,Defense,,,,,,,,,FaZe,22,15,7,68.18%,9,3,6,9,3,1,1,60,1,2,39,13,12,1,100,0,10,7,5,50
Tuscan,Rokkr,23,12,1,3,47,27,9,19,3,,,,,,,144,,,50,13,2,21,-42,2,20,-46,2,6,-72,2,47,41,1,16.00,47,1,0,0,0,0,,,Subliners,96,76,20,6,114,128,-14,6,90,64,26,4,86,107,-21,4,68,80,-12,4,454,455,-1,1,0,0,2,24,,,,,,,,W/L,P,Side,FB,W/L,P,Side,FB,W/L,P,Side,FB,W/L,P,Side,FB,W/L,P,Site,FB,W/L,P,Side,FB,W/L,P,Side,FB,W/L,P,Side,FB,W/L,P,Side,FB,W/L,P,Side,FB,W/L,P,Side,FB,Score,,Rounds,Wins,FB,FBW,AP,APW,BP,BPW,Rounds,Wins,FB,FBW,AP,APW,BP,BPW,,,Mutineers,10,6,4,60.00%,6,5,2,3,1,1,1,0,1,1,5,4,1,5,4,2,1,0,0,,,,,,,,W/L,A,B,Ticks,Side,Lives ,W/L,A,B,Ticks,Side,Lives ,W/L,A,B,Ticks,Side,Lives ,W/L,A,B,Ticks,Side,Lives ,W/L,A,B,Ticks,Side,Lives ,Score,Lives,Ticks,,Rounds,W,A Caps, A Cap W,B Caps,B Cap W,Lives Left,Cap W's,Wipe W's,Ticks,Rounds,W,Lives Left,A Def,B Def,Defend W's,Wipe W's,Ticks Allow,,Mutineers,8,1,7,12.50%,5,0,5,5,0,0,0,7,0,0,17,3,1,2,20,0,2,0,1,13
,,,,,,,,,,,,,,,,,,,,,,,,,,,,,,,,,,,,,,,,,,,,Rokkr,69,96,-27,6,128,79,49,6,66,97,-31,4,142,45,97,4,95,73,22,4,500,390,110,0,0,0,1,24,,,,,,Tuscan,Subliners,,B,D,,1,A,O,X,,A,D,X,,,O,,,B,D,,,,O,,,,D,X,,,,,,,,,,,,,,,,,1,,3,1,1,1,1,1,0,0,4,0,2,0,1,0,2,0,,,Subliners,10,6,4,60.00%,6,5,1,4,2,1,0,0,2,1,5,5,0,4,4,1,1,1,1,,,,,,Tuscan,Legion,,X,,4,O,0,,,,,D,0,,X,,3,O,0,,,,,,,,,,,,,0,0,7,,2,0,2,0,0,0,0,0,0,7,1,0,0,0,0,0,0,5,,Subliners,5,4,1,80.00%,2,1,1,2,1,0,0,3,0,1,8,3,3,0,26,0,3,2,1,9
,,P1,P2,P3,P4,P5,P1,P2,P3,P4,P5,P1,P2,P3,P4,P5,Total,Hills,,P1,PM,H,P2,PM,H,P3,PM,H,P4,PM,H,P5,PM,H,PPH,High,Low,50 Pt Hills,0 pt Hills,50 PHA,Shutouts,,,Royal Ravens,0,0,0,0,0,0,0,0,0,0,0,0,0,0,0,0,0,0,0,0,0,0,0,0,0,0,0,0,,,,,,Tuscan,Rokkr,1,B,O,X,,A,D,,1,A,O,,1,,D,X,1,B,O,X,1,,D,X,1,,O,,,,,,,,,,,,,,,,,,6,,4,4,2,2,1,1,2,2,3,2,2,2,1,0,0,0,,,Rokkr,8,2,6,25.00%,4,4,1,3,2,1,1,0,2,1,4,1,3,2,1,2,0,2,1,,,,,,Tuscan,FaZe,1,,X,,D,4,1,X,,5,O,9,1,,,,D,15,,,,,,,,,,,,,3,28,5,,1,1,1,1,0,0,9,0,1,5,2,2,19,0,1,0,2,7,,Rokkr,5,3,2,60.00%,2,0,2,2,0,0,0,11,0,0,9,3,3,0,33,0,3,3,0,11
Tuscan,Thieves,5,23,35,43,37,30,37,22,18,,,,,,,250,9,,35,-22,2,60,27,2,57,35,2,61,39,2,37,23,1,27.78,43,5,0,0,0,1,,,Legion,51,26,25,3,8,81,-73,2,10,92,-82,2,45,30,15,2,52,21,31,2,166,250,-84,0,0,0,0,11,,,,,,,,,,,,,,,,,,,,,,,,,,,,,,,,,,,,,,,,,,,,,,,,,,,,,,,,,,,,,,,,,,,,,,,,Royal Ravens,17,8,9,47.06%,5,9,2,7,2,1,0,0,1,1,8,6,2,3,3,2,1,2,1,,,,,,,,,,,,,,,,,,,,,,,,,,,,,,,,,,,,,,,,,,,,,,,,,,,,,,,,,,,,,Royal Ravens,3,0,3,0.00%,2,0,2,2,0,0,0,0,0,0,8,1,0,1,0,0,0,0,0,4
Tuscan,FaZe,35,19,8,0,14,22,14,14,22,,,,,,,148,,,57,22,2,33,-27,2,22,-35,2,22,-39,2,14,-23,1,16.44,35,0,0,1,0,0,,,Ultra,23,43,-20,3,71,53,18,3,44,68,-24,3,27,69,-42,2,80,17,63,2,245,250,-5,1,0,0,1,13,,,,,,,,1,,,,2,,,,3,,,,4,,,,5,,,,6,,,,7,,,,8,,,,9,,,,10,,,,11,,,,,,OFFENSE,,,,,,,,DEFENSE,,,,,,,,,,Legion,0,0,0,,0,0,0,0,0,0,0,0,0,0,0,0,0,0,0,0,0,0,0,,,,,,,,1,,,,,,2,,,,,,3,,,,,,4,,,,,,5,,,,,,,,,,Offense,,,,,,,,,,Defense,,,,,,,,,Legion,3,0,3,0.00%,2,0,2,2,0,0,0,0,0,0,7,1,0,1,0,0,0,0,0,5
,,,,,,,,,,,,,,,,,,,,,,,,,,,,,,,,,,,,,,,,,,,,Guerrillas,52,28,24,3,59,51,8,3,59,51,8,3,30,41,-11,2,14,79,-65,2,214,250,-36,0,0,0,0,13,,,,,,,,W/L,P,Side,FB,W/L,P,Side,FB,W/L,P,Side,FB,W/L,P,Side,FB,W/L,P,Site,FB,W/L,P,Side,FB,W/L,P,Side,FB,W/L,P,Side,FB,W/L,P,Side,FB,W/L,P,Side,FB,W/L,P,Side,FB,Score,,Rounds,Wins,FB,FBW,AP,APW,BP,BPW,Rounds,Wins,FB,FBW,AP,APW,BP,BPW,,,Ultra,19,11,8,57.89%,10,9,3,6,3,2,2,2,2,1,10,8,2,7,7,0,0,1,0,,,,,,,,W/L,A,B,Ticks,Side,Lives ,W/L,A,B,Ticks,Side,Lives ,W/L,A,B,Ticks,Side,Lives ,W/L,A,B,Ticks,Side,Lives ,W/L,A,B,Ticks,Side,Lives ,Score,Lives,Ticks,,Rounds,W,A Caps, A Cap W,B Caps,B Cap W,Lives Left,Cap W's,Wipe W's,Ticks,Rounds,W,Lives Left,A Def,B Def,Defend W's,Wipe W's,Ticks Allow,,Ultra,3,3,0,100.00%,1,1,0,1,1,0,0,2,0,1,4,2,2,0,17,0,2,0,2,8
,,P1,P2,P3,P4,P5,P1,P2,P3,P4,P5,P1,P2,P3,P4,P5,Total,Hills,,P1,PM,H,P2,PM,H,P3,PM,H,P4,PM,H,P5,PM,H,PPH,High,Low,50 Pt Hills,0 pt Hills,50 PHA,Shutouts,,,Surge,30,37,-7,3,62,50,12,3,59,21,38,2,65,35,30,2,34,34,0,2,250,177,73,0,0,0,0,12,,,,,,Desert Siege,Rokkr,1,B,D,X,,,O,,,B,D,,1,A,O,X,1,A,D,X,,A,O,X,,B,D,,,B,O,,1,,D,X,,,O,,,,,,4,,5,1,2,1,2,1,1,0,5,3,3,3,1,1,3,1,,,Guerrillas,9,3,6,33.33%,4,4,0,4,2,0,1,0,1,0,5,3,2,2,1,0,0,1,0,,,,,,Berlin,Royal Ravens,1,X,X,6,O,6,1,,1,,D,4,,,X,5,O,1,,,,,D,9,1,X,X,6,O,14,3,34,17,,3,2,2,2,3,2,21,2,0,17,2,1,13,0,0,1,0,11,,Guerrillas,3,0,3,0.00%,2,0,2,2,0,0,0,0,0,0,8,1,0,1,16,0,0,0,0,6
Berlin,Thieves,36,37,6,55,28,11,41,14,13,9,,,,,,250,10,,47,-8,2,78,70,2,20,-54,2,68,37,2,37,31,2,25.00,55,6,1,0,0,1,,,,,,,,,,,,,,,,,,,,,,Total Pts,,3943,,,2,4,2,4,108,,,,,,Desert Siege,Subliners,,B,O,,1,,D,X,1,B,O,X,,A,D,,,A,O,,1,A,D,,1,B,O,X,1,B,D,X,,,O,,1,,D,X,,,,,6,,5,2,2,2,1,0,3,2,5,4,3,3,2,1,1,1,,,Surge,0,0,0,,0,0,0,0,0,0,0,0,0,0,0,0,0,0,0,0,0,0,0,,,,,,Berlin,Guerrillas,,,,,D,11,,X,,5,O,1,1,X,,,D,11,1,X,X,6,O,19,,,,,D,9,2,51,11,,2,1,2,1,1,1,20,1,0,11,3,1,31,1,0,1,0,17,,Surge,4,3,1,75.00%,2,1,1,2,1,0,0,14,0,1,8,2,2,0,14,0,2,1,1,6
Berlin,FaZe,14,6,42,0,4,41,2,32,31,2,,,,,,174,,,55,8,2,8,-70,2,74,54,2,31,-37,2,6,-31,2,17.40,42,0,0,1,1,0,,,,P1,,,,P2,,,,P3,,,,P4,,,,P5,,,,,,,,,,,,,,,,,,,,,,,,,,,,,,,,,,,,,,,,,,,,,,,,,,,,,,,,,,,,,,,,,,,,,,,,,,,,,,,,,,,,,,,,,,,,,,,,,,,,,,,,,,,,,,,,,,,,,,,,,,,,,,,,,,,,,,,,,,,,,,,,,,,,,,,,,,,,,,,,,,,,,,,,,,,,,,,,,,,,,,,,,,,,,,,
,,,,,,,,,,,,,,,,,,,,,,,,,,,,,,,,,,,,,,,,,,,,Gavutu,PF,PA,PM,H,PF,PA,PM,H,PF,PA,PM,H,PF,PA,PM,H,PF,PA,PM,H,PF,PA,PM,50 Pt Hills,0 pt Hills,50 PHA,Shutouts,Total Hills,,,,,,,,1,,,,2,,,,3,,,,4,,,,5,,,,6,,,,7,,,,8,,,,9,,,,10,,,,11,,,,,,OFFENSE,,,,,,,,DEFENSE,,,,,,,,,,,TOTAL,,,,,OFFENSE,,,,,,,,,DEFENSE,,,,,,,,,,,,,,,,1,,,,,,2,,,,,,3,,,,,,4,,,,,,5,,,,,,,,,,Offense,,,,,,,,,,Defense,,,,,,,,,,Totals,,,,Offense,,,,,,,,,,,Defense,,,,,,,,
,,P1,P2,P3,P4,P5,P1,P2,P3,P4,P5,P1,P2,P3,P4,P5,Total,Hills,,P1,PM,H,P2,PM,H,P3,PM,H,P4,PM,H,P5,PM,H,PPH,High,Low,50 Pt Hills,0 pt Hills,50 PHA,Shutouts,,,Breach,24,67,-43,3,21,62,-41,2,44,19,25,2,21,88,-67,2,43,14,29,2,153,250,-97,0,2,1,0,11,,,,,,,,W/L,P,Side,FB,W/L,P,Side,FB,W/L,P,Side,FB,W/L,P,Side,FB,W/L,P,Site,FB,W/L,P,Side,FB,W/L,P,Side,FB,W/L,P,Side,FB,W/L,P,Side,FB,W/L,P,Side,FB,W/L,P,Side,FB,Score,,Rounds,Wins,FB,FBW,AP,APW,BP,BPW,Rounds,Wins,FB,FBW,AP,APW,BP,BPW,,,Desert Siege,Rds,W,L,W%,FB,Rds,W,L,FB,FBW,AP,APW,BP,BPW,Rds,W,L,FB,FBW,AP,APW,BP,BPW,,,,,,,,W/L,A,B,Ticks,Side,Lives ,W/L,A,B,Ticks,Side,Lives ,W/L,A,B,Ticks,Side,Lives ,W/L,A,B,Ticks,Side,Lives ,W/L,A,B,Ticks,Side,Lives ,Score,Lives,Ticks,,Rounds,W,A Caps, A Cap W,B Caps,B Cap W,Lives Left,Cap W's,Wipe W's,Ticks,Rounds,W,Lives Left,A Def,B Def,Defend W's,Wipe W's,Ticks Allow,,Berlin,Rounds,W,L,W%,Rounds,W,L,A Caps,A Caps W,B Caps,B Caps W,Lives Left,Cap Wins,Wipe Wins,Ticks,Rounds,W,L,Lives Left,A Def,B Def,Def Wins,Wipe Wins,Ticks Allow
Bocage,FaZe,14,43,45,15,13,4,38,47,15,8,8,,,,,250,11,,26,-25,3,81,73,2,92,82,2,30,-15,2,21,-31,2,22.73,47,4,0,0,0,0,,,OpTic,44,45,-1,2,38,41,-3,2,108,0,108,2,24,67,-43,2,36,51,-15,2,250,204,46,2,0,0,2,10,,,,,,Tuscan,Thieves,1,A,D,,,A,O,X,1,B,D,X,1,,O,X,1,B,D,,,A,O,,1,,D,X,1,,O,X,,,,,,,,,,,,,6,,4,2,3,2,2,0,0,0,4,4,2,2,1,1,2,2,,,Breach,8,2,6,25.00%,1,4,1,3,0,0,2,0,1,0,4,1,3,1,1,0,0,3,1,,,,,,Tuscan,Surge,,X,,3,O,5,1,,X,,D,9,1,X,,5,O,9,1,,X,,D,5,,,,,,,3,28,8,,2,1,2,1,0,0,14,0,1,8,2,2,14,0,2,1,1,6,,Breach,0,0,0,,0,0,0,0,0,0,0,0,0,0,0,0,0,0,0,0,0,0,0,0
Bocage,Legion,8,6,6,36,27,32,2,4,9,25,11,,,,,166,,,51,25,3,8,-73,2,10,-82,2,45,15,2,52,31,2,15.09,36,2,0,0,0,0,,,Thieves,0,0,0,0,0,0,0,0,0,0,0,0,0,0,0,0,0,0,0,0,0,0,0,0,0,0,0,0,,,,,,Tuscan,FaZe,,A,O,X,1,A,D,,,B,O,,,,D,,,B,O,X,1,A,D,X,,,O,,,,D,,,,,,,,,,,,,,2,,4,0,2,0,1,0,2,0,4,2,1,1,2,2,0,0,,,OpTic,0,0,0,,0,0,0,0,0,0,0,0,0,0,0,0,0,0,0,0,0,0,0,,,,,,Tuscan,Breach,1,,X,,D,7,,X,,3,O,2,,,,,D,0,,X,,3,O,0,,,,,,,1,9,6,,2,0,2,0,0,0,2,0,0,6,2,1,7,0,1,1,0,8,,OpTic,4,1,3,25.00%,2,1,1,1,1,2,1,17,1,0,10,2,0,2,12,0,0,0,0,11
,,,,,,,,,,,,,,,,,,,,,,,,,,,,,,,,,,,,,,,,,,,,FaZe,76,21,55,2,99,8,91,2,39,56,-17,2,36,48,-12,2,0,47,-47,1,250,180,70,1,1,0,1,9,,,,,,,,,,,,,,,,,,,,,,,,,,,,,,,,,,,,,,,,,,,,,,,,,,,,,,,,,,,,,,,,,,,,,,,,Thieves,10,4,6,40.00%,4,5,3,2,2,2,2,2,1,1,5,1,4,2,0,2,0,2,0,,,,,,,,,,,,,,,,,,,,,,,,,,,,,,,,,,,,,,,,,,,,,,,,,,,,,,,,,,,,,Thieves,9,9,0,100.00%,6,6,0,5,5,6,6,67,5,1,34,3,3,0,25,2,1,1,2,12
,,P1,P2,P3,P4,P5,P1,P2,P3,P4,P5,P1,P2,P3,P4,P5,Total,Hills,,P1,PM,H,P2,PM,H,P3,PM,H,P4,PM,H,P5,PM,H,PPH,High,Low,50 Pt Hills,0 pt Hills,50 PHA,Shutouts,,,Mutineers,88,100,-12,5,70,120,-50,4,75,83,-8,4,136,57,79,4,61,43,18,3,430,403,27,1,1,1,3,20,,,,,,,,1,,,,2,,,,3,,,,4,,,,5,,,,6,,,,7,,,,8,,,,9,,,,10,,,,11,,,,,,OFFENSE,,,,,,,,DEFENSE,,,,,,,,,,FaZe,0,0,0,,0,0,0,0,0,0,0,0,0,0,0,0,0,0,0,0,0,0,0,,,,,,,,1,,,,,,2,,,,,,3,,,,,,4,,,,,,5,,,,,,,,,,Offense,,,,,,,,,,Defense,,,,,,,,,FaZe,0,0,0,,0,0,0,0,0,0,0,0,0,0,0,0,0,0,0,0,0,0,0,0
Tuscan,FaZe,21,26,19,22,27,32,19,34,19,16,0,,,,,235,11,,53,-16,3,45,-2,2,53,19,2,41,-15,2,43,-1,2,21.36,34,0,0,1,0,0,,,Subliners,0,0,0,0,0,0,0,0,0,0,0,0,0,0,0,0,0,0,0,0,0,0,0,0,0,0,0,0,,,,,,,,W/L,P,Side,FB,W/L,P,Side,FB,W/L,P,Side,FB,W/L,P,Side,FB,W/L,P,Site,FB,W/L,P,Side,FB,W/L,P,Side,FB,W/L,P,Side,FB,W/L,P,Side,FB,W/L,P,Side,FB,W/L,P,Side,FB,Score,,Rounds,Wins,FB,FBW,AP,APW,BP,BPW,Rounds,Wins,FB,FBW,AP,APW,BP,BPW,,,Mutineers,8,6,2,75.00%,7,4,3,1,3,3,0,0,3,2,4,3,1,4,3,2,2,1,1,,,,,,,,W/L,A,B,Ticks,Side,Lives ,W/L,A,B,Ticks,Side,Lives ,W/L,A,B,Ticks,Side,Lives ,W/L,A,B,Ticks,Side,Lives ,W/L,A,B,Ticks,Side,Lives ,Score,Lives,Ticks,,Rounds,W,A Caps, A Cap W,B Caps,B Cap W,Lives Left,Cap W's,Wipe W's,Ticks,Rounds,W,Lives Left,A Def,B Def,Defend W's,Wipe W's,Ticks Allow,,Mutineers,0,0,0,,0,0,0,0,0,0,0,0,0,0,0,0,0,0,0,0,0,0,0,0
Tuscan,Legion,24,24,19,20,18,11,23,15,36,26,34,,,,,250,,,69,16,3,47,2,2,34,-19,2,56,15,2,44,1,2,22.73,36,11,0,0,0,1,,,Rokkr,45,44,1,2,41,38,3,2,0,108,-108,2,67,24,43,2,51,36,15,2,204,250,-46,0,2,2,0,10,,,,,,Tuscan,FaZe,1,,D,,1,A,O,,,B,D,X,1,A,O,,,B,D,,,,O,,,A,D,X,,B,O,X,1,,D,X,1,,O,X,,A,O,,5,,6,3,2,1,3,2,1,0,5,2,3,1,1,0,2,0,,,Subliners,20,12,8,60.00%,10,10,6,4,4,4,3,2,5,4,10,6,4,6,5,4,1,2,1,,,,,,Tuscan,OpTic,,X,,3,O,9,1,,X,,D,5,,X,,3,O,2,1,,X,,D,6,,X,,5,O,3,2,25,11,,3,0,3,0,0,0,14,0,0,11,2,2,11,0,2,2,0,9,,Subliners,9,3,6,33.33%,3,1,2,2,1,2,1,20,1,0,15,6,2,4,48,1,1,1,1,32
,,,,,,,,,,,,,,,,,,,,,,,,,,,,,,,,,,,,,,,,,,,,Royal Ravens,0,0,0,0,0,0,0,0,0,0,0,0,0,0,0,0,0,0,0,0,0,0,0,0,0,0,0,0,,,,,,Tuscan,Legion,,,O,X,,A,D,X,1,B,O,,,A,D,X,1,B,O,X,1,,D,X,1,A,O,,1,B,D,,,,O,,,,D,,1,A,D,X,6,,5,3,2,1,1,1,2,2,6,3,4,2,3,1,1,1,,,Rokkr,10,4,6,40.00%,5,5,1,4,2,1,2,1,1,0,5,3,2,3,3,1,1,3,1,,,,,,Tuscan,Rokkr,1,,X,,D,14,,X,,5,O,2,1,,X,,D,14,,X,,4,O,9,1,,X,,D,5,3,44,9,,2,0,2,0,0,0,11,0,0,9,3,3,33,0,3,3,0,11,,Rokkr,3,0,3,0.00%,2,0,2,1,0,1,0,3,0,0,8,1,0,1,13,0,0,0,0,6
,,P1,P2,P3,P4,P5,P1,P2,P3,P4,P5,P1,P2,P3,P4,P5,Total,Hills,,P1,PM,H,P2,PM,H,P3,PM,H,P4,PM,H,P5,PM,H,PPH,High,Low,50 Pt Hills,0 pt Hills,50 PHA,Shutouts,,,Legion,0,0,0,0,0,0,0,0,0,0,0,0,0,0,0,0,0,0,0,0,0,0,0,0,0,0,0,0,,,,,,,,,,,,,,,,,,,,,,,,,,,,,,,,,,,,,,,,,,,,,,,,,,,,,,,,,,,,,,,,,,,,,,,,Royal Ravens,10,6,4,60.00%,4,5,2,3,2,2,1,0,1,1,5,4,1,2,2,4,3,0,0,,,,,,,,,,,,,,,,,,,,,,,,,,,,,,,,,,,,,,,,,,,,,,,,,,,,,,,,,,,,,Royal Ravens,5,3,2,60.00%,3,2,1,2,2,3,2,21,2,0,17,2,1,1,13,0,0,1,0,11
Tuscan,Guerrillas,25,54,3,22,49,8,13,34,24,18,,,,,,250,10,,33,-17,2,67,50,2,37,-20,2,46,7,2,67,41,2,25.00,54,3,1,0,0,1,,,Ultra,0,0,0,0,0,0,0,0,0,0,0,0,0,0,0,0,0,0,0,0,0,0,0,0,0,0,0,0,,,,,,,,1,,,,2,,,,3,,,,4,,,,5,,,,6,,,,7,,,,8,,,,9,,,,10,,,,11,,,,,,OFFENSE,,,,,,,,DEFENSE,,,,,,,,,,Legion,0,0,0,,0,0,0,0,0,0,0,0,0,0,0,0,0,0,0,0,0,0,0,,,,,,,,1,,,,,,2,,,,,,3,,,,,,4,,,,,,5,,,,,,,,,,Offense,,,,,,,,,,Defense,,,,,,,,,Legion,0,0,0,,0,0,0,0,0,0,0,0,0,0,0,0,0,0,0,0,0,0,0,0
Tuscan,Royal Ravens,15,1,47,22,0,35,16,10,17,26,,,,,,189,,,50,17,2,17,-50,2,57,20,2,39,-7,2,26,-41,2,18.90,47,0,0,1,1,0,,,Guerrillas,0,0,0,0,0,0,0,0,0,0,0,0,0,0,0,0,0,0,0,0,0,0,0,0,0,0,0,0,,,,,,,,W/L,P,Side,FB,W/L,P,Side,FB,W/L,P,Side,FB,W/L,P,Side,FB,W/L,P,Site,FB,W/L,P,Side,FB,W/L,P,Side,FB,W/L,P,Side,FB,W/L,P,Side,FB,W/L,P,Side,FB,W/L,P,Side,FB,Score,,Rounds,Wins,FB,FBW,AP,APW,BP,BPW,Rounds,Wins,FB,FBW,AP,APW,BP,BPW,,,Ultra,10,4,6,40.00%,6,5,1,4,3,1,4,1,0,0,5,3,2,3,3,1,1,1,0,,,,,,,,W/L,A,B,Ticks,Side,Lives ,W/L,A,B,Ticks,Side,Lives ,W/L,A,B,Ticks,Side,Lives ,W/L,A,B,Ticks,Side,Lives ,W/L,A,B,Ticks,Side,Lives ,Score,Lives,Ticks,,Rounds,W,A Caps, A Cap W,B Caps,B Cap W,Lives Left,Cap W's,Wipe W's,Ticks,Rounds,W,Lives Left,A Def,B Def,Defend W's,Wipe W's,Ticks Allow,,Ultra,6,3,3,50.00%,3,2,1,1,1,3,2,32,1,1,14,3,1,2,14,1,0,1,0,20
,,,,,,,,,,,,,,,,,,,,,,,,,,,,,,,,,,,,,,,,,,,,Surge,0,0,0,0,0,0,0,0,0,0,0,0,0,0,0,0,0,0,0,0,0,0,0,0,0,0,0,0,,,,,,Berlin,Legion,,B,D,X,,,O,,1,,D,X,1,A,O,X,,A,D,,,,O,,,,D,X,,,O,,,,,,,,,,,,,,2,,4,1,1,1,1,1,0,0,4,1,3,1,1,0,1,0,,,Guerrillas,0,0,0,,0,0,0,0,0,0,0,0,0,0,0,0,0,0,0,0,0,0,0,,,,,,Tuscan,Guerrillas,,X,,3,O,0,,,,,D,16,,X,,5,O,0,,,,,,,,,,,,,0,16,8,,2,0,2,0,0,0,0,0,0,8,1,0,16,0,0,0,0,6,,Guerrillas,5,2,3,40.00%,2,1,1,2,1,1,1,20,1,0,11,3,1,2,31,1,0,1,0,17
,,P1,P2,P3,P4,P5,P1,P2,P3,P4,P5,P1,P2,P3,P4,P5,Total,Hills,,P1,PM,H,P2,PM,H,P3,PM,H,P4,PM,H,P5,PM,H,PPH,High,Low,50 Pt Hills,0 pt Hills,50 PHA,Shutouts,,,,,,,,,,,,,,,,,,,,,,Total Pts,,1287,,,4,6,4,6,30,,,,,,Berlin,FaZe,1,B,O,,1,,D,X,,,O,,,A,D,,1,A,O,X,1,,D,X,1,,O,,1,,D,X,,,,,,,,,,,,,6,,4,3,1,1,1,1,1,1,4,3,3,3,1,0,0,0,,,Surge,0,0,0,,0,0,0,0,0,0,0,0,0,0,0,0,0,0,0,0,0,0,0,,,,,,Tuscan,FaZe,1,,X,,D,4,1,X,X,6,O,27,1,,,,D,4,,,,,,,,,,,,,3,35,6,,1,1,1,1,1,1,27,1,0,6,2,2,8,0,1,0,2,8,,Surge,0,0,0,,0,0,0,0,0,0,0,0,0,0,0,0,0,0,0,0,0,0,0,0
Berlin,Guerrillas,13,26,28,41,12,32,12,49,6,23,8,,,,,250,11,,53,11,3,38,-10,2,77,48,2,47,-4,2,35,14,2,22.73,49,6,0,0,1,1,,,,P1,,,,P2,,,,P3,,,,P4,,,,P5,,,,,,,,,,,,,,,,,,,,,,,,,,,,,,,,,,,,,,,,,,,,,,,,,,,,,,,,,,,,,,,,,,,,,,,,,,,,,,,,,,,,,,,,,,,,,,,,,,,,,,,,,,,,,,,,,,,,,,,,,,,,,,,,,,,,,,,,,,,,,,,,,,,,,,,,,,,,,,,,,,,,,,,,,3,1,,,,,,,,,,,,,,,,,,,,,
Berlin,Royal Ravens,28,22,26,1,13,14,26,3,50,8,0,,,,,191,,,42,-11,3,48,10,2,29,-48,2,51,4,2,21,-14,2,17.36,50,0,1,1,0,0,,,Tuscan,PF,PA,PM,H,PF,PA,PM,H,PF,PA,PM,H,PF,PA,PM,H,PF,PA,PM,H,PF,PA,PM,50 Pt Hills,0 pt Hills,50 PHA,Shutouts,Total Hills,,,,,,,,1,,,,2,,,,3,,,,4,,,,5,,,,6,,,,7,,,,8,,,,9,,,,10,,,,11,,,,,,OFFENSE,,,,,,,,DEFENSE,,,,,,,,,,,TOTAL,,,,,OFFENSE,,,,,,,,,DEFENSE,,,,,,,,,,,,,,,,1,,,,,,2,,,,,,3,,,,,,4,,,,,,5,,,,,,,,,,Offense,,,,,,,,,,Defense,,,,,,,,,,,,,,,,,,,,,,,,,,,,,,,,,
,,,,,,,,,,,,,,,,,,,,,,,,,,,,,,,,,,,,,,,,,,,,Breach,63,78,-15,3,2,96,-94,2,57,28,29,2,70,21,49,2,49,27,22,2,241,250,-9,0,1,1,1,11,,,,,,,,W/L,P,Side,FB,W/L,P,Side,FB,W/L,P,Side,FB,W/L,P,Side,FB,W/L,P,Site,FB,W/L,P,Side,FB,W/L,P,Side,FB,W/L,P,Side,FB,W/L,P,Side,FB,W/L,P,Side,FB,W/L,P,Side,FB,Score,,Rounds,Wins,FB,FBW,AP,APW,BP,BPW,Rounds,Wins,FB,FBW,AP,APW,BP,BPW,,,Tuscan,Rds,W,L,W%,FB,Rds,W,L,FB,FBW,AP,APW,BP,BPW,Rds,W,L,FB,FBW,AP,APW,BP,BPW,,,,,,,,W/L,A,B,Ticks,Side,Lives ,W/L,A,B,Ticks,Side,Lives ,W/L,A,B,Ticks,Side,Lives ,W/L,A,B,Ticks,Side,Lives ,W/L,A,B,Ticks,Side,Lives ,Score,Lives,Ticks,,Rounds,W,A Caps, A Cap W,B Caps,B Cap W,Lives Left,Cap W's,Wipe W's,Ticks,Rounds,W,Lives Left,A Def,B Def,Defend W's,Wipe W's,Ticks Allow,,,,,,,,,,,,,,,,,,,,,,,,,,
,,P1,P2,P3,P4,P5,P1,P2,P3,P4,P5,P1,P2,P3,P4,P5,Total,Hills,,P1,PM,H,P2,PM,H,P3,PM,H,P4,PM,H,P5,PM,H,PPH,High,Low,50 Pt Hills,0 pt Hills,50 PHA,Shutouts,,,OpTic,143,218,-75,8,182,62,120,6,115,100,15,6,101,162,-61,6,106,128,-22,6,647,670,-23,1,4,0,2,32,,,,,,Bocage,Guerrillas,1,,D,S,,,O,X,1,,D,,,A,O,,1,,D,X,,,O,,,,D,,,B,O,X,,B,D,X,,,,,,,,,3,,4,0,2,0,1,0,1,0,5,3,2,1,0,0,1,0,,,Breach,17,8,9,47.06%,10,8,4,4,4,3,3,3,1,0,9,4,5,6,4,1,1,2,0,,,,,,Tuscan,OpTic,,,,1,O,11,1,,X,,D,8,1,X,,3,O,8,1,,X,,D,3,,,,,,,3,30,4,,2,1,1,1,0,0,19,0,1,4,2,2,11,0,2,2,0,8,,,,,,,,,,,,,,,,,,,,,,,,,,
Bocage,Breach,22,4,14,34,18,5,39,7,1,16,10,7,,,,177,12,,37,7,3,50,-12,3,21,-38,2,35,-30,2,34,0,2,14.75,39,1,0,0,0,0,,,Thieves,273,218,55,12,216,223,-7,10,256,164,92,10,176,277,-101,10,212,168,44,8,1133,1050,83,1,3,2,2,50,,,,,,Bocage,Royal Ravens,,,O,,1,,D,,,,O,X,1,A,D,X,,,O,,1,,D,X,1,,O,X,1,B,D,,1,B,O,,,,,,,,,,6,,5,2,2,1,0,0,1,1,4,4,2,2,1,1,1,1,,,OpTic,18,12,6,66.67%,12,9,7,2,6,6,1,1,3,3,9,5,4,6,4,3,0,2,2,,,,,,Tuscan,Breach,1,X,X,,D,19,,X,,4,O,5,,,,,D,0,,X,,4,O,2,,,,,,,1,26,8,,2,0,2,0,0,0,7,0,0,8,2,1,19,1,1,1,0,4,,,,,,,,,,,,,,,,,,,,,,,,,,
Bocage,Surge,2,41,22,21,32,15,10,37,44,2,13,11,,,,250,,,30,-7,3,62,12,3,59,38,2,65,30,2,34,0,2,20.83,44,2,0,0,0,0,,,FaZe,317,178,139,11,220,228,-8,10,172,226,-54,10,262,198,64,10,162,219,-57,9,1133,1049,84,2,3,1,4,50,,,,,,,,,,,,,,,,,,,,,,,,,,,,,,,,,,,,,,,,,,,,,,,,,,,,,,,,,,,,,,,,,,,,,,,,Thieves,8,6,2,75.00%,5,4,2,2,3,2,2,0,0,0,4,4,0,2,2,1,1,2,2,,,,,,,,,,,,,,,,,,,,,,,,,,,,,,,,,,,,,,,,,,,,,,,,,,,,,,,,,,,,,,,,,,,,,,,,,,,,,,,,,,,,,
,,,,,,,,,,,,,,,,,,,,,,,,,,,,,,,,,,,,,,,,,,,,Mutineers,8,169,-161,5,86,107,-21,4,125,54,71,4,75,123,-48,4,127,47,80,4,421,500,-79,1,3,1,2,21,,,,,,,,1,,,,2,,,,3,,,,4,,,,5,,,,6,,,,7,,,,8,,,,9,,,,10,,,,11,,,,,,OFFENSE,,,,,,,,DEFENSE,,,,,,,,,,FaZe,19,7,12,36.84%,8,10,3,7,4,1,4,2,3,0,9,4,5,4,2,3,2,2,0,,,,,,,,1,,,,,,2,,,,,,3,,,,,,4,,,,,,5,,,,,,,,,,Offense,,,,,,,,,,Defense,,,,,,,,,,,,,,,,,,,,,,,,,,,,,,,,,
,,P1,P2,P3,P4,P5,P1,P2,P3,P4,P5,P1,P2,P3,P4,P5,Total,Hills,,P1,PM,H,P2,PM,H,P3,PM,H,P4,PM,H,P5,PM,H,PPH,High,Low,50 Pt Hills,0 pt Hills,50 PHA,Shutouts,,,Subliners,176,172,4,10,200,148,52,8,185,183,2,8,234,113,121,8,118,180,-62,6,913,796,117,0,2,1,4,40,,,,,,,,W/L,P,Side,FB,W/L,P,Side,FB,W/L,P,Side,FB,W/L,P,Side,FB,W/L,P,Site,FB,W/L,P,Side,FB,W/L,P,Side,FB,W/L,P,Side,FB,W/L,P,Side,FB,W/L,P,Side,FB,W/L,P,Side,FB,Score,,Rounds,Wins,FB,FBW,AP,APW,BP,BPW,Rounds,Wins,FB,FBW,AP,APW,BP,BPW,,,Mutineers,0,0,0,,0,0,0,0,0,0,0,0,0,0,0,0,0,0,0,0,0,0,0,,,,,,,,W/L,A,B,Ticks,Side,Lives ,W/L,A,B,Ticks,Side,Lives ,W/L,A,B,Ticks,Side,Lives ,W/L,A,B,Ticks,Side,Lives ,W/L,A,B,Ticks,Side,Lives ,Score,Lives,Ticks,,Rounds,W,A Caps, A Cap W,B Caps,B Cap W,Lives Left,Cap W's,Wipe W's,Ticks,Rounds,W,Lives Left,A Def,B Def,Defend W's,Wipe W's,Ticks Allow,,,,,,,,,,,,,,,,,,,,,,,,,,
Berlin,Breach,32,3,54,26,16,27,12,41,0,8,15,16,,,,250,12,,74,-8,3,31,-40,3,95,92,2,26,-45,2,24,3,2,20.83,54,0,1,1,1,2,,,Rokkr,50,37,13,2,21,63,-42,2,20,66,-46,2,6,78,-72,2,47,6,41,1,144,250,-106,0,0,0,0,9,,,,,,Tuscan,Royal Ravens,1,,D,X,,,O,X,,B,D,,,B,O,,,B,D,,,,O,,1,,D,,1,B,O,,,,D,,,,,,,,,,3,,4,1,1,0,0,0,2,1,5,2,1,1,0,0,2,0,,,Subliners,7,1,6,14.29%,3,3,1,2,1,1,1,1,0,0,4,0,4,2,0,1,0,2,0,,,,,,Berlin,Thieves,1,,X,4,O,3,1,X,,,D,13,1,X,X,6,O,7,,,,,,,,,,,,,3,23,10,,2,2,1,1,2,2,10,1,1,10,1,1,13,1,0,1,0,3,,,,,,,,,,,,,,,,,,,,,,,,,,
Berlin,Surge,13,41,0,21,11,28,30,3,50,10,41,0,,,,248,,,82,8,3,71,40,3,3,-92,2,71,45,2,21,-3,2,20.67,50,0,1,2,1,1,,,Royal Ravens,127,88,39,5,67,119,-52,5,115,67,48,4,87,99,-12,4,43,126,-83,4,439,499,-60,0,1,1,0,22,,,,,,Tuscan,Guerrillas,,,O,,1,,D,,1,B,O,X,1,B,D,X,1,B,O,X,1,,D,X,,,O,X,,B,D,X,1,,O,X,,,,,,,,,6,,5,3,4,3,0,0,2,2,4,3,3,2,0,0,2,1,,,Rokkr,17,10,7,58.82%,8,9,6,3,4,3,2,2,3,2,8,4,4,4,4,2,0,1,0,,,,,,Berlin,Ultra,,,,,D,0,,,X,3,O,4,,,,,D,3,,,,,,,,,,,,,0,7,3,,1,0,0,0,1,0,4,0,0,3,2,0,3,0,0,0,0,10,,,,,,,,,,,,,,,,,,,,,,,,,,
,,,,,,,,,,,,,,,,,,,,,,,,,,,,,,,,,,,,,,,,,,,,Legion,69,53,16,3,47,45,2,2,34,53,-19,2,56,41,15,2,44,43,1,2,250,235,15,0,0,0,1,11,,,,,,,,,,,,,,,,,,,,,,,,,,,,,,,,,,,,,,,,,,,,,,,,,,,,,,,,,,,,,,,,,,,,,,,,Royal Ravens,9,3,6,33.33%,2,4,1,3,1,0,0,0,2,1,5,2,3,1,1,0,0,2,0,,,,,,,,,,,,,,,,,,,,,,,,,,,,,,,,,,,,,,,,,,,,,,,,,,,,,,,,,,,,,,,,,,,,,,,,,,,,,,,,,,,,,
,,P1,P2,P3,P4,P5,P1,P2,P3,P4,P5,P1,P2,P3,P4,P5,Total,Hills,,P1,PM,H,P2,PM,H,P3,PM,H,P4,PM,H,P5,PM,H,PPH,High,Low,50 Pt Hills,0 pt Hills,50 PHA,Shutouts,,,Ultra,194,192,2,9,130,130,0,7,53,171,-118,6,168,130,38,6,122,127,-5,6,667,750,-83,1,1,0,1,34,,,,,,,,1,,,,2,,,,3,,,,4,,,,5,,,,6,,,,7,,,,8,,,,9,,,,10,,,,11,,,,,,OFFENSE,,,,,,,,DEFENSE,,,,,,,,,,Legion,11,6,5,54.55%,6,5,3,2,2,1,1,1,2,2,6,3,3,4,2,3,1,1,1,,,,,,,,1,,,,,,2,,,,,,3,,,,,,4,,,,,,5,,,,,,,,,,Offense,,,,,,,,,,Defense,,,,,,,,,,,,,,,,,,,,,,,,,,,,,,,,,
Bocage,Rokkr,11,29,6,44,21,5,2,32,35,41,17,7,,,,250,12,,33,-6,3,38,-17,3,38,-5,2,79,60,2,62,32,2,20.83,44,2,0,0,0,1,,,Guerrillas,33,50,-17,2,67,17,50,2,37,57,-20,2,46,39,7,2,67,26,41,2,250,189,61,1,0,0,1,10,,,,,,,,W/L,P,Side,FB,W/L,P,Side,FB,W/L,P,Side,FB,W/L,P,Side,FB,W/L,P,Site,FB,W/L,P,Side,FB,W/L,P,Side,FB,W/L,P,Side,FB,W/L,P,Side,FB,W/L,P,Side,FB,W/L,P,Side,FB,Score,,Rounds,Wins,FB,FBW,AP,APW,BP,BPW,Rounds,Wins,FB,FBW,AP,APW,BP,BPW,,,Ultra,0,0,0,,0,0,0,0,0,0,0,0,0,0,0,0,0,0,0,0,0,0,0,,,,,,,,W/L,A,B,Ticks,Side,Lives ,W/L,A,B,Ticks,Side,Lives ,W/L,A,B,Ticks,Side,Lives ,W/L,A,B,Ticks,Side,Lives ,W/L,A,B,Ticks,Side,Lives ,Score,Lives,Ticks,,Rounds,W,A Caps, A Cap W,B Caps,B Cap W,Lives Left,Cap W's,Wipe W's,Ticks,Rounds,W,Lives Left,A Def,B Def,Defend W's,Wipe W's,Ticks Allow,,,,,,,,,,,,,,,,,,,,,,,,,,
Bocage,OpTic,8,16,35,0,22,18,13,8,19,8,13,26,,,,186,,,39,6,3,55,17,3,43,5,2,19,-60,2,30,-32,2,15.50,35,0,0,1,0,0,,,Surge,0,0,0,0,0,0,0,0,0,0,0,0,0,0,0,0,0,0,0,0,0,0,0,0,0,0,0,0,,,,,,Tuscan,Breach,1,,D,X,1,,O,X,1,,D,X,,,O,,1,,D,X,,,O,X,,,D,X,1,A,O,X,1,A,D,X,,,,,,,,,6,,4,2,3,2,1,1,0,0,5,4,5,4,1,1,0,0,,,Guerrillas,9,6,3,66.67%,7,5,3,2,4,3,0,0,2,2,4,3,1,3,2,0,0,2,1,,,,,,Tuscan,Mutineers,,X,,3,O,0,,,X,,D,11,,X,,3,O,2,1,,X,,D,9,,X,,3,O,1,1,23,9,,3,0,3,0,0,0,3,0,0,9,2,1,20,0,2,0,1,8,,,,,,,,,,,,,,,,,,,,,,,,,,
,,,,,,,,,,,,,,,,,,,,,,,,,,,,,,,,,,,,,,,,,,,,,,,,,,,,,,,,,,,,,,,Total Pts,,6238,,,7,18,7,18,145,,,,,,Tuscan,Surge,,,O,,,,D,,,,O,,1,,D,X,,,O,,1,,D,,1,,O,,,A,D,,,A,O,,,,,,,,,,3,,5,1,0,0,1,0,0,0,4,2,1,1,1,0,0,0,,,Surge,9,3,6,33.33%,1,5,1,4,0,0,1,0,0,0,4,2,2,1,1,1,0,0,0,,,,,,Tuscan,Subliners,1,,X,,D,8,1,X,,3,O,3,1,,X,,D,5,,X,,5,O,0,1,,X,,D,13,4,29,8,,2,1,2,1,0,0,3,0,1,8,3,3,26,0,3,2,1,9,,,,,,,,,,,,,,,,,,,,,,,,,,
,,P1,P2,P3,P4,P5,P1,P2,P3,P4,P5,P1,P2,P3,P4,P5,Total,Hills,,P1,PM,H,P2,PM,H,P3,PM,H,P4,PM,H,P5,PM,H,PPH,High,Low,50 Pt Hills,0 pt Hills,50 PHA,Shutouts,,,,P1,,,,P2,,,,P3,,,,P4,,,,P5,,,,,,,,,,,,,,,,,,,,,,,,,,,,,,,,,,,,,,,,,,,,,,,,,,,,,,,,,,,,,,,,,,,,,,,,,,,,,,,,,,,,,62,62,,,,31,31,,,,,,,,31,31,,,,,,,,,,,,,,,,,,,,,,,,,,,,,,,,,,,,,,,,,,,,,,,,,,,,,,,,,,,,,,,,,,,,,,,,,,,,,,,,,,,,,,,,,,,
Gavutu,Rokkr,39,30,0,38,31,6,11,0,29,20,,,,,,204,10,,45,1,2,41,3,2,0,-108,2,67,43,2,51,15,2,20.40,39,0,0,2,2,0,,,,PF,PA,PM,H,PF,PA,PM,H,PF,PA,PM,H,PF,PA,PM,H,PF,PA,PM,H,PF,PA,PM,50 Pt Hills,Tus,50 PHA,Shutouts,Total Hills,,,,,,,,1,,,,2,,,,3,,,,4,,,,5,,,,6,,,,7,,,,8,,,,9,,,,10,,,,11,,,,,,OFFENSE,,,,,,,,DEFENSE,,,,,,,,,,,TOTAL,,,,,OFFENSE,,,,,,,,,DEFENSE,,,,,,,,,,,,,,,,1,,,,,,2,,,,,,3,,,,,,4,,,,,,5,,,,,,,,,,Offense,,,,,,,,,,Defense,,,,,,,,,,,,,,,,,,,,,,,,,,,,,,,,,
Gavutu,OpTic,4,8,56,6,13,40,30,52,18,23,,,,,,250,,,44,-1,2,38,-3,2,108,108,2,24,-43,2,36,-15,2,25.00,56,4,2,0,0,2,,,Breach,0,0,0,0,0,0,0,0,0,0,0,0,0,0,0,0,0,0,0,0,0,0,0,0,0,0,0,0,,,,,,,,W/L,P,Side,FB,W/L,P,Side,FB,W/L,P,Side,FB,W/L,P,Side,FB,W/L,P,Site,FB,W/L,P,Side,FB,W/L,P,Side,FB,W/L,P,Side,FB,W/L,P,Side,FB,W/L,P,Side,FB,W/L,P,Side,FB,Score,,Rounds,Wins,FB,FBW,AP,APW,BP,BPW,Rounds,Wins,FB,FBW,AP,APW,BP,BPW,,,,Rds,W,L,W%,FB,Rds,W,L,FB,FBW,AP,APW,BP,BPW,Rds,W,L,FB,FBW,AP,APW,BP,BPW,,,,,,,,W/L,A,B,Ticks,Side,Lives ,W/L,A,B,Ticks,Side,Lives ,W/L,A,B,Ticks,Side,Lives ,W/L,A,B,Ticks,Side,Lives ,W/L,A,B,Ticks,Side,Lives ,Score,Lives,Ticks,,Rounds,W,A Caps, A Cap W,B Caps,B Cap W,Lives Left,Cap W's,Wipe W's,Ticks,Rounds,W,Lives Left,A Def,B Def,Defend W's,Wipe W's,Ticks Allow,,,,,,,,,,,,,,,,,,,,,,,,,,
,,,,,,,,,,,,,,,,,,,,,,,,,,,,,,,,,,,,,,,,,,.,,OpTic,0,0,0,0,0,0,0,0,0,0,0,0,0,0,0,0,0,0,0,0,0,0,0,0,0,0,0,0,,,,,,Berlin,Surge,,A,D,X,,A,O,,,A,D,X,1,A,O,,,A,D,,,A,O,X,1,,D,,,,O,,,,,,,,,,,,,,2,,4,1,1,0,3,1,0,0,4,1,2,0,3,0,0,0,,,Breach,0,0,0,,0,0,0,0,0,0,0,0,0,0,0,0,0,0,0,0,0,0,0,,,,,,Berlin,OpTic,1,X,X,6,O,14,,,,,D,0,,,X,4,O,3,,,,,D,12,,,,,,,1,29,10,,2,1,1,1,2,1,17,1,0,10,2,0,12,0,0,0,0,11,,,,,,,,,,,,,,,,,,,,,,,,,,
,,P1,P2,P3,P4,P5,P1,P2,P3,P4,P5,P1,P2,P3,P4,P5,Total,Hills,,P1,PM,H,P2,PM,H,P3,PM,H,P4,PM,H,P5,PM,H,PPH,High,Low,50 Pt Hills,0 pt Hills,50 PHA,Shutouts,,,Thieves,0,0,0,0,0,0,0,0,0,0,0,0,0,0,0,0,0,0,0,0,0,0,0,0,0,0,0,0,,,,,,Berlin,Breach,1,A,O,,1,A,D,X,1,A,O,,,A,D,X,1,A,O,X,1,A,D,,,,O,X,1,,D,X,,,,,,,,,,,,,6,,4,3,2,1,3,3,0,0,4,3,3,2,3,2,0,0,,,OpTic,0,0,0,,0,0,0,0,0,0,0,0,0,0,0,0,0,0,0,0,0,0,0,,,,,,Berlin,Ultra,,,,,,8,1,,X,5,O,9,1,X,,,D,3,1,X,X,6,O,19,,,,,,,3,39,11,,2,2,1,1,2,2,28,1,1,11,1,1,11,1,0,1,0,10,,,,,,,,,,,,,,,,,,,,,,,,,,
Bocage,FaZe,6,15,13,36,41,19,11,19,5,38,3,25,19,,,250,13,,28,-24,3,51,-8,3,51,-8,3,41,11,2,79,65,2,19.23,41,3,0,0,0,0,,,FaZe,0,0,0,0,0,0,0,0,0,0,0,0,0,0,0,0,0,0,0,0,0,0,0,0,0,0,0,0,,,,,,,,,,,,,,,,,,,,,,,,,,,,,,,,,,,,,,,,,,,,,,,,,,,,,,,,,,,,,,,,,,,,,,,,Thieves,0,0,0,,0,0,0,0,0,0,0,0,0,0,0,0,0,0,0,0,0,0,0,,,,,,,,,,,,,,,,,,,,,,,,,,,,,,,,,,,,,,,,,,,,,,,,,,,,,,,,,,,,,,,,,,,,,,,,,,,,,,,,,,,,,
Bocage,Guerrillas,14,29,31,6,6,19,20,27,24,8,19,10,1,,,214,,,52,24,3,59,8,3,59,8,3,30,-11,2,14,-65,2,16.46,31,1,0,0,0,0,,,Mutineers,0,0,0,0,0,0,0,0,0,0,0,0,0,0,0,0,0,0,0,0,0,0,0,0,0,0,0,0,,,,,,,,1,,,,2,,,,3,,,,4,,,,5,,,,6,,,,7,,,,8,,,,9,,,,10,,,,11,,,,,,OFFENSE,,,,,,,,DEFENSE,,,,,,,,,,FaZe,0,0,0,,0,0,0,0,0,0,0,0,0,0,0,0,0,0,0,0,0,0,0,,,,,,,,1,,,,,,2,,,,,,3,,,,,,4,,,,,,5,,,,,,,,,,Offense,,,,,,,,,,Defense,,,,,,,,,,,,,,,,,,,,,,,,,,,,,,,,,
,,,,,,,,,,,,,,,,,,,,,,,,,,,,,,,,,,,,,,,,,,,,Subliners,0,0,0,0,0,0,0,0,0,0,0,0,0,0,0,0,0,0,0,0,0,0,0,0,0,0,0,0,,,,,,,,W/L,P,Side,FB,W/L,P,Side,FB,W/L,P,Side,FB,W/L,P,Side,FB,W/L,P,Site,FB,W/L,P,Side,FB,W/L,P,Side,FB,W/L,P,Side,FB,W/L,P,Side,FB,W/L,P,Side,FB,W/L,P,Side,FB,Score,,Rounds,Wins,FB,FBW,AP,APW,BP,BPW,Rounds,Wins,FB,FBW,AP,APW,BP,BPW,,,Mutineers,0,0,0,,0,0,0,0,0,0,0,0,0,0,0,0,0,0,0,0,0,0,0,,,,,,,,W/L,A,B,Ticks,Side,Lives ,W/L,A,B,Ticks,Side,Lives ,W/L,A,B,Ticks,Side,Lives ,W/L,A,B,Ticks,Side,Lives ,W/L,A,B,Ticks,Side,Lives ,Score,Lives,Ticks,,Rounds,W,A Caps, A Cap W,B Caps,B Cap W,Lives Left,Cap W's,Wipe W's,Ticks,Rounds,W,Lives Left,A Def,B Def,Defend W's,Wipe W's,Ticks Allow,,,,,,,,,,,,,,,,,,,,,,,,,,
,,P1,P2,P3,P4,P5,P1,P2,P3,P4,P5,P1,P2,P3,P4,P5,Total,Hills,,P1,PM,H,P2,PM,H,P3,PM,H,P4,PM,H,P5,PM,H,PPH,High,Low,50 Pt Hills,0 pt Hills,50 PHA,Shutouts,,,Rokkr,0,0,0,0,0,0,0,0,0,0,0,0,0,0,0,0,0,0,0,0,0,0,0,0,0,0,0,0,,,,,,Tuscan,Rokkr,1,,D,X,,,O,,,A,D,,,,O,,,,D,,1,A,O,,,B,D,,1,,O,X,1,,D,X,,B,O,X,,,,,4,,5,2,2,1,1,1,1,0,5,2,2,2,1,0,1,0,,,Subliners,0,0,0,,0,0,0,0,0,0,0,0,0,0,0,0,0,0,0,0,0,0,0,,,,,,Tuscan,Mutineers,,X,,4,O,1,,,,,D,0,,X,,4,O,3,,,,,,,,,,,,,0,4,8,,2,0,2,0,0,0,4,0,0,8,1,0,0,0,0,0,0,5,,,,,,,,,,,,,,,,,,,,,,,,,,
Bocage,Breach,5,22,39,29,9,11,13,30,23,1,4,1,,,,187,12,Ended on Time,20,-13,3,36,-11,3,69,53,2,52,16,2,10,-31,2,15.58,39,1,0,0,0,0,,,Royal Ravens,0,0,0,0,0,0,0,0,0,0,0,0,0,0,0,0,0,0,0,0,0,0,0,0,0,0,0,0,,,,,,Tuscan,OpTic,,,O,,1,,D,X,1,A,O,X,1,,D,X,1,,O,X,,A,D,X,1,B,O,X,,,D,,,,O,,1,B,D,,,,,,6,,5,3,3,3,1,1,1,1,5,3,3,2,1,0,1,1,,,Rokkr,0,0,0,,0,0,0,0,0,0,0,0,0,0,0,0,0,0,0,0,0,0,0,,,,,,Tuscan,FaZe,1,,X,,D,5,1,X,,5,O,6,1,,X,,D,9,,,,,,,,,,,,,3,20,5,,1,1,1,1,0,0,6,0,1,5,2,2,14,0,2,2,0,8,,,,,,,,,,,,,,,,,,,,,,,,,,
Bocage,OpTic,4,15,5,19,15,9,29,11,17,26,20,3,,,,173,,,33,13,3,47,11,3,16,-53,2,36,-16,2,41,31,2,14.42,29,3,0,0,0,0,,,Legion,0,0,0,0,0,0,0,0,0,0,0,0,0,0,0,0,0,0,0,0,0,0,0,0,0,0,0,0,,,,,,,,,,,,,,,,,,,,,,,,,,,,,,,,,,,,,,,,,,,,,,,,,,,,,,,,,,,,,,,,,,,,,,,,Royal Ravens,0,0,0,,0,0,0,0,0,0,0,0,0,0,0,0,0,0,0,0,0,0,0,,,,,,,,,,,,,,,,,,,,,,,,,,,,,,,,,,,,,,,,,,,,,,,,,,,,,,,,,,,,,,,,,,,,,,,,,,,,,,,,,,,,,
,,,,,,,,,,,,,,,,,,,,,,,,,,,,,,,,,,,,,,,,,,,,Ultra,0,0,0,0,0,0,0,0,0,0,0,0,0,0,0,0,0,0,0,0,0,0,0,0,0,0,0,0,,,,,,,,1,,,,2,,,,3,,,,4,,,,5,,,,6,,,,7,,,,8,,,,9,,,,10,,,,11,,,,,,OFFENSE,,,,,,,,DEFENSE,,,,,,,,,,Legion,0,0,0,,0,0,0,0,0,0,0,0,0,0,0,0,0,0,0,0,0,0,0,,,,,,,,1,,,,,,2,,,,,,3,,,,,,4,,,,,,5,,,,,,,,,,Offense,,,,,,,,,,Defense,,,,,,,,,,,,,,,,,,,,,,,,,,,,,,,,,
,,P1,P2,P3,P4,P5,P1,P2,P3,P4,P5,P1,P2,P3,P4,P5,Total,Hills,,P1,PM,H,P2,PM,H,P3,PM,H,P4,PM,H,P5,PM,H,PPH,High,Low,50 Pt Hills,0 pt Hills,50 PHA,Shutouts,,,Guerrillas,0,0,0,0,0,0,0,0,0,0,0,0,0,0,0,0,0,0,0,0,0,0,0,0,0,0,0,0,,,,,,,,W/L,P,Side,FB,W/L,P,Side,FB,W/L,P,Side,FB,W/L,P,Side,FB,W/L,P,Site,FB,W/L,P,Side,FB,W/L,P,Side,FB,W/L,P,Side,FB,W/L,P,Side,FB,W/L,P,Side,FB,W/L,P,Side,FB,Score,,Rounds,Wins,FB,FBW,AP,APW,BP,BPW,Rounds,Wins,FB,FBW,AP,APW,BP,BPW,,,Ultra,0,0,0,,0,0,0,0,0,0,0,0,0,0,0,0,0,0,0,0,0,0,0,,,,,,,,W/L,A,B,Ticks,Side,Lives ,W/L,A,B,Ticks,Side,Lives ,W/L,A,B,Ticks,Side,Lives ,W/L,A,B,Ticks,Side,Lives ,W/L,A,B,Ticks,Side,Lives ,Score,Lives,Ticks,,Rounds,W,A Caps, A Cap W,B Caps,B Cap W,Lives Left,Cap W's,Wipe W's,Ticks,Rounds,W,Lives Left,A Def,B Def,Defend W's,Wipe W's,Ticks Allow,,,,,,,,,,,,,,,,,,,,,,,,,,
Tuscan,Breach,45,0,33,30,23,3,2,24,40,26,15,,,,,241,11,,63,-15,3,2,-94,2,57,29,2,70,49,2,49,22,2,21.91,45,0,0,1,1,1,,,Surge,0,0,0,0,0,0,0,0,0,0,0,0,0,0,0,0,0,0,0,0,0,0,0,0,0,0,0,0,,,,,,Bocage,OpTic,,B,D,,,B,O,,1,B,D,,1,B,O,,1,A,D,X,1,A,O,X,1,,D,X,1,A,O,X,,,,,,,,,,,,,6,,4,3,2,2,2,2,2,1,4,3,2,2,1,1,2,1,,,Guerrillas,0,0,0,,0,0,0,0,0,0,0,0,0,0,0,0,0,0,0,0,0,0,0,,,,,,Berlin,Thieves,1,X,X,6,O,21,1,,X,,D,5,1,X,X,6,O,13,,,,,,,,,,,,,3,39,12,,2,2,2,2,2,2,34,2,0,12,1,1,5,0,1,0,1,4,,,,,,,,,,,,,,,,,,,,,,,,,,
Tuscan,OpTic,0,53,20,14,13,47,43,8,7,14,31,,,,,250,,,78,15,3,96,94,2,28,-29,2,21,-49,2,27,-22,2,22.73,53,0,1,1,0,1,,,,,,,,,,,,,,,,,,,,,,Total Pts,,0,,,0,0,0,0,0,,,,,,Bocage,Rokkr,1,B,O,X,1,B,D,X,,B,O,X,,B,D,X,,A,O,,,A,D,,,,O,,,A,D,,,,,,,,,,,,,,2,,4,1,2,1,1,0,2,1,4,1,2,1,2,0,2,1,,,Surge,0,0,0,,0,0,0,0,0,0,0,0,0,0,0,0,0,0,0,0,0,0,0,,,,,,Berlin,Subliners,,,,,D,12,,X,,4,O,0,,,,,D,7,,,,,,,,,,,,,0,19,4,,1,0,1,0,0,0,0,0,0,4,2,0,19,0,0,0,0,12,,,,,,,,,,,,,,,,,,,,,,,,,,
,,,,,,,,,,,,,,,,,,,,,,,,,,,,,,,,,,,,,,,,,,,,,P1,,,,P2,,,,P3,,,,P4,,,,P5,,,,,,,,,,,,,,,,,,,,,,,,,,,,,,,,,,,,,,,,,,,,,,,,,,,,,,,,,,,,,,,,,,,,,,,,,,,,,,,,,,,,,28,35,,,,,,,,,,,,,,,,,,,,,,,,,,,,,,,,,,,,,,,,,,,,,,,,,,,,,,,,,,,,,,,,,,,,,,,,,,,,,,,,,,,,,,,,,,,,,,,,,,,,,,,,,
,,P1,P2,P3,P4,P5,P1,P2,P3,P4,P5,P1,P2,P3,P4,P5,Total,Hills,,P1,PM,H,P2,PM,H,P3,PM,H,P4,PM,H,P5,PM,H,PPH,High,Low,50 Pt Hills,0 pt Hills,50 PHA,Shutouts,,,Total,PF,PA,PM,H,PF,PA,PM,H,PF,PA,PM,H,PF,PA,PM,H,PF,PA,PM,H,PF,PA,PM,50 Pt Hills,0 pt Hills,50 PHA,Shutouts,Total Hills,,,,,,,,1,,,,2,,,,3,,,,4,,,,5,,,,6,,,,7,,,,8,,,,9,,,,10,,,,11,,,,,,OFFENSE,,,,,,,,DEFENSE,,,,,,,,,,,,,,,,,,,,,,,,,,,,,,,,,,,,,,,,,1,,,,,,2,,,,,,3,,,,,,4,,,,,,5,,,,,,,,,,Offense,,,,,,,,,,Defense,,,,,,,,,,,,,,,,,,,,,,,,,,,,,,,,,
Tuscan,Thieves,21,22,44,5,40,22,15,30,2,26,23,,,,,250,11,,66,5,3,37,-12,2,74,63,2,7,-90,2,66,45,2,22.73,44,2,0,0,1,0,,,Breach,315,290,25,17,171,397,-226,15,340,170,170,12,260,288,-28,12,172,160,12,11,1258,1305,-47,2,5,4,6,67,,,,,,,,W/L,P,Side,FB,W/L,P,Side,FB,W/L,P,Side,FB,W/L,P,Side,FB,W/L,P,Site,FB,W/L,P,Side,FB,W/L,P,Side,FB,W/L,P,Side,FB,W/L,P,Side,FB,W/L,P,Side,FB,W/L,P,Side,FB,Score,,Rounds,Wins,FB,FBW,AP,APW,BP,BPW,Rounds,Wins,FB,FBW,AP,APW,BP,BPW,,,,,,,,,,,,,,,,,,,,,,,,,,,,,,,,,,W/L,A,B,Ticks,Side,Lives ,W/L,A,B,Ticks,Side,Lives ,W/L,A,B,Ticks,Side,Lives ,W/L,A,B,Ticks,Side,Lives ,W/L,A,B,Ticks,Side,Lives ,Score,Lives,Ticks,,Rounds,W,A Caps, A Cap W,B Caps,B Cap W,Lives Left,Cap W's,Wipe W's,Ticks,Rounds,W,Lives Left,A Def,B Def,Defend W's,Wipe W's,Ticks Allow,,,,,,,,,,,,,,,,,,,,,,,,,,
Tuscan,Ultra,27,23,6,47,2,25,26,5,50,19,9,,,,,239,,,61,-5,3,49,12,2,11,-63,2,97,90,2,21,-45,2,21.73,50,2,1,0,0,0,,,OpTic,336,394,-58,22,382,311,71,19,409,275,134,17,310,430,-120,16,255,396,-141,16,1692,1806,-114,3,6,1,4,90,,,,,,Berlin,FaZe,,A,D,,1,A,O,X,1,,D,,,B,O,X,,B,D,,1,B,O,,1,,D,X,1,,O,X,1,,D,X,,,,,,,,,6,,4,3,3,2,1,1,2,1,5,3,2,2,1,0,1,0,,,,,,,,,,,,,,,,,,,,,,,,,,,,,,,,Tuscan,OpTic,,X,,3,O,2,1,,X,,D,4,,X,,3,O,3,1,,X,,D,6,,X,,4,O,4,2,19,10,,3,0,3,0,0,0,9,0,0,10,2,2,10,0,2,2,0,9,,,,,,,,,,,,,,,,,,,,,,,,,,
,,,,,,,,,,,,,,,,,,,,,,,,,,,,,,,,,,,,,,,,,,,,Thieves,569,476,93,25,479,494,-15,23,479,395,84,20,402,464,-62,20,394,242,152,17,2323,2071,252,3,5,3,6,105,,,,,,Berlin,Guerrillas,1,A,O,X,,A,D,,,,O,X,1,B,D,,1,B,O,X,,B,D,X,,,O,,,,D,,,,O,,,,,,,,,,3,,5,2,3,2,1,1,1,1,4,1,1,0,1,0,2,1,,,,,,,,,,,,,,,,,,,,,,,,,,,,,,,,Tuscan,FaZe,1,,X,,D,9,,X,,5,O,4,1,,X,,D,15,,X,,4,O,3,1,,X,,D,6,3,37,9,,2,0,2,0,0,0,7,0,0,9,3,3,30,0,3,3,0,10,,,,,,,,,,,,,,,,,,,,,,,,,,
,,P1,P2,P3,P4,P5,P1,P2,P3,P4,P5,P1,P2,P3,P4,P5,Total,Hills,,P1,PM,H,P2,PM,H,P3,PM,H,P4,PM,H,P5,PM,H,PPH,High,Low,50 Pt Hills,0 pt Hills,50 PHA,Shutouts,,,FaZe,610,470,140,27,589,444,145,24,487,491,-4,23,473,475,-2,22,355,415,-60,20,2514,2295,219,3,5,2,5,116,,,,,,,,,,,,,,,,,,,,,,,,,,,,,,,,,,,,,,,,,,,,,,,,,,,,,,,,,,,,,,,,,,,,,,,,,,,,,,,,,,,,,,,,,,,,,,,,,,,,,,,,,,,,,,,,,,,,,,,,,,,,,,,,,,,,,,,,,,,,,,,,,,,,,,,,,,,,,,,,,,,,,,,,,,,,,,,,,,,,
Tuscan,Subliners,33,20,9,47,25,40,24,26,24,0,2,,,,,250,11,,75,67,3,44,-9,2,35,-36,2,71,47,2,25,-45,2,22.73,47,0,0,1,0,1,,,Mutineers,96,366,-270,12,215,258,-43,10,245,191,54,10,218,236,-18,10,211,102,109,8,985,1153,-168,3,7,3,6,50,,,,,,,,1,,,,2,,,,3,,,,4,,,,5,,,,6,,,,7,,,,8,,,,9,,,,10,,,,11,,,,,,OFFENSE,,,,,,,,DEFENSE,,,,,,,,,,,,,,,,,,,,,,,,,,,,,,,,,,,,,,,,,1,,,,,,2,,,,,,3,,,,,,4,,,,,,5,,,,,,,,,,Offense,,,,,,,,,,Defense,,,,,,,,,,,,,,,,,,,,,,,,,,,,,,,,,
Tuscan,Mutineers,1,23,42,4,22,7,30,29,20,48,0,,,,,226,,,8,-67,3,53,9,2,71,36,2,24,-47,2,70,45,2,20.55,48,0,0,1,0,1,,,Subliners,383,370,13,21,420,367,53,19,361,353,8,16,386,309,77,16,207,337,-130,13,1757,1736,21,1,5,2,6,85,,,,,,,,W/L,P,Side,FB,W/L,P,Side,FB,W/L,P,Side,FB,W/L,P,Side,FB,W/L,P,Site,FB,W/L,P,Side,FB,W/L,P,Side,FB,W/L,P,Side,FB,W/L,P,Side,FB,W/L,P,Side,FB,W/L,P,Side,FB,Score,,Rounds,Wins,FB,FBW,AP,APW,BP,BPW,Rounds,Wins,FB,FBW,AP,APW,BP,BPW,,,,,,,,,,,,,,,,,,,,,,,,,,,,,,,,,,W/L,A,B,Ticks,Side,Lives ,W/L,A,B,Ticks,Side,Lives ,W/L,A,B,Ticks,Side,Lives ,W/L,A,B,Ticks,Side,Lives ,W/L,A,B,Ticks,Side,Lives ,Score,Lives,Ticks,,Rounds,W,A Caps, A Cap W,B Caps,B Cap W,Lives Left,Cap W's,Wipe W's,Ticks,Rounds,W,Lives Left,A Def,B Def,Defend W's,Wipe W's,Ticks Allow,,,,,,,,,,,,,,,,,,,,,,,,,,
,,,,,,,,,,,,,,,,,,,,,,,,,,,,,,,,,,,,,,,,,,,,Rokkr,164,177,-13,10,190,180,10,10,86,271,-185,8,215,147,68,8,193,115,78,7,848,890,-42,0,2,2,1,43,,,,,,Tuscan,Breach,,B,D,,1,A,O,,,,D,,,B,O,,,,D,X,1,A,O,X,,B,D,,,,O,,,,,,,,,,,,,,2,,4,2,1,1,2,2,1,0,4,0,1,0,0,0,2,0,,,,,,,,,,,,,,,,,,,,,,,,,,,,,,,,Tuscan,FaZe,,X,,3,O,2,,,,,D,0,,X,,4,O,0,,,,,,,,,,,,,0,2,7,,2,0,2,0,0,0,2,0,0,7,1,0,0,0,0,0,0,5,,,,,,,,,,,,,,,,,,,,,,,,,,
,,P1,P2,P3,P4,P5,P1,P2,P3,P4,P5,P1,P2,P3,P4,P5,Total,Hills,,P1,PM,H,P2,PM,H,P3,PM,H,P4,PM,H,P5,PM,H,PPH,High,Low,50 Pt Hills,0 pt Hills,50 PHA,Shutouts,,,Royal Ravens,244,215,29,11,148,221,-73,10,183,208,-25,8,184,160,24,8,101,195,-94,8,860,999,-139,1,2,1,0,45,,,,,,Tuscan,OpTic,1,B,O,X,,A,D,X,1,,O,X,1,B,D,X,1,,O,,,A,D,,1,B,O,X,1,,D,X,,,,,,,,,,,,,6,,4,4,3,3,0,0,2,2,4,2,3,2,2,0,1,1,,,,,,,,,,,,,,,,,,,,,,,,,,,,,,,,Tuscan,Thieves,1,,X,,D,7,1,X,,5,O,14,1,,X,,D,4,,,,,,,,,,,,,3,25,5,,1,1,1,1,0,0,14,0,1,5,2,2,11,0,2,1,1,7,,,,,,,,,,,,,,,,,,,,,,,,,,
Bocage,Ultra,6,23,24,12,52,15,8,19,15,28,2,40,1,,,245,13,,23,-20,3,71,18,3,44,-24,3,27,-42,2,80,63,2,18.85,52,1,1,0,0,1,,,Legion,120,79,41,6,55,126,-71,4,44,145,-101,4,101,71,30,4,96,64,32,4,416,485,-69,0,0,0,1,22,,,,,,,,,,,,,,,,,,,,,,,,,,,,,,,,,,,,,,,,,,,,,,,,,,,,,,,,,,,,,,,,,,,,,,,,,,,,,,,,,,,,,,,,,,,,,,,,,,,,,,,,,,,,,,,,,,,,,,,,,,,,,,,,,,,,,,,,,,,,,,,,,,,,,,,,,,,,,,,,,,,,,,,,,,,,,,,,,,,,
Bocage,OpTic,8,19,9,37,0,17,31,22,32,17,18,3,37,,,250,,,43,20,3,53,-18,3,68,24,3,69,42,2,17,-63,2,19.23,37,0,0,1,1,0,,,Ultra,291,310,-19,15,265,216,49,13,161,278,-117,11,209,245,-36,10,236,181,55,10,1162,1230,-68,2,1,0,2,59,,,,,,,,1,,,,2,,,,3,,,,4,,,,5,,,,6,,,,7,,,,8,,,,9,,,,10,,,,11,,,,,,OFFENSE,,,,,,,,DEFENSE,,,,,,,,,,,,,,,,,,,,,,,,,,,,,,,,,,,,,,,,,1,,,,,,2,,,,,,3,,,,,,4,,,,,,5,,,,,,,,,,Offense,,,,,,,,,,Defense,,,,,,,,,,,,,,,,,,,,,,,,,,,,,,,,,
,,,,,,,,,,,,,,,,,,,,,,,,,,,,,,,,,,,,,,,,,,,,Guerrillas,138,120,18,8,164,116,48,7,173,137,36,7,123,131,-8,6,116,126,-10,6,714,630,84,1,0,1,2,34,,,,,,,,W/L,P,Side,FB,W/L,P,Side,FB,W/L,P,Side,FB,W/L,P,Side,FB,W/L,P,Site,FB,W/L,P,Side,FB,W/L,P,Side,FB,W/L,P,Side,FB,W/L,P,Side,FB,W/L,P,Side,FB,W/L,P,Side,FB,Score,,Rounds,Wins,FB,FBW,AP,APW,BP,BPW,Rounds,Wins,FB,FBW,AP,APW,BP,BPW,,,,,,,,,,,,,,,,,,,,,,,,,,,,,,,,,,W/L,A,B,Ticks,Side,Lives ,W/L,A,B,Ticks,Side,Lives ,W/L,A,B,Ticks,Side,Lives ,W/L,A,B,Ticks,Side,Lives ,W/L,A,B,Ticks,Side,Lives ,Score,Lives,Ticks,,Rounds,W,A Caps, A Cap W,B Caps,B Cap W,Lives Left,Cap W's,Wipe W's,Ticks,Rounds,W,Lives Left,A Def,B Def,Defend W's,Wipe W's,Ticks Allow,,,,,,,,,,,,,,,,,,,,,,,,,,
,,P1,P2,P3,P4,P5,P1,P2,P3,P4,P5,P1,P2,P3,P4,P5,Total,Hills,,P1,PM,H,P2,PM,H,P3,PM,H,P4,PM,H,P5,PM,H,PPH,High,Low,50 Pt Hills,0 pt Hills,50 PHA,Shutouts,,,Surge,112,111,1,6,133,81,52,6,62,116,-54,4,136,61,75,4,55,58,-3,4,498,427,71,1,2,1,1,24,,,,,,Berlin,Thieves,1,A,D,,1,B,O,X,1,,D,X,1,,O,X,1,A,D,,1,B,O,X,,,,,,,,,,,,,,,,,,,,,6,,3,3,3,3,0,0,2,2,3,3,1,1,2,2,0,0,,,,,,,,,,,,,,,,,,,,,,,,,,,,,,,,Berlin,Thieves,1,X,X,6,O,14,1,X,,,D,7,1,X,X,6,O,9,,,,,,,,,,,,,3,30,12,,2,2,2,2,2,2,23,2,0,12,1,1,7,1,0,0,1,5,,,,,,,,,,,,,,,,,,,,,,,,,,
Tuscan,Ultra,17,25,1,13,21,20,4,11,5,21,41,,,,,179,11,,78,29,3,29,-14,2,12,-27,2,18,-57,2,42,-2,2,16.27,41,1,0,1,0,1,,,,,,,,,,,,,,,,,,,,,,Total Pts,,15027,,,20,40,20,40,370,,,,,,Berlin,Ultra,,A,O,X,,B,D,,,,O,,,,D,,,A,O,X,,B,D,,,,,,,,,,,,,,,,,,,,,,0,,3,0,2,0,2,0,0,0,3,0,0,0,0,0,2,0,,,,,,,,,,,,,,,,,,,,,,,,,,,,,,,,Berlin,Subliners,,,,,D,12,,,X,5,O,0,,,,,D,9,,,,,,,,,,,,,0,21,5,,1,0,0,0,1,0,0,0,0,5,2,0,21,0,0,0,0,12,,,,,,,,,,,,,,,,,,,,,,,,,,
Tuscan,OpTic,22,11,21,29,26,19,32,18,46,18,8,,,,,250,,,49,-29,3,43,14,2,39,27,2,75,57,2,44,2,2,22.73,46,8,0,1,0,1,,,,,,,,,,,,,,,,,,,,,,,,,,,,,,,,,,,,,,,,,,,,,,,,,,,,,,,,,,,,,,,,,,,,,,,,,,,,,,,,,,,,,,,,,,,,,,,,,,,,,,,,,,,,,,,,,,,,,,,,,,,,,,,,,,,,,,,,,,,,,,,,,,,,,,,,,,,,,,,,,,,,,,,,,,,,,,,,,,,,,,,,,,,,,,,,,,,,,,,,,,,,,,,,,,,
,,,,,,,,,,,,,,,,,,,,,,,,,,,,,,,,,,,,,,,,,,,,,,,,,,,,,,,,,,,,,,,,,,,,,,,,,,,,,,,,1,,,,2,,,,3,,,,4,,,,5,,,,6,,,,7,,,,8,,,,9,,,,10,,,,11,,,,,,OFFENSE,,,,,,,,DEFENSE,,,,,,,,,,,,,,,,,,,,,,,,,,,,,,,,,,,,,,,,,1,,,,,,2,,,,,,3,,,,,,4,,,,,,5,,,,,,,,,,Offense,,,,,,,,,,Defense,,,,,,,,,,,,,,,,,,,,,,,,,,,,,,,,,
,,P1,P2,P3,P4,P5,P1,P2,P3,P4,P5,P1,P2,P3,P4,P5,Total,Hills,,P1,PM,H,P2,PM,H,P3,PM,H,P4,PM,H,P5,PM,H,PPH,High,Low,50 Pt Hills,0 pt Hills,50 PHA,Shutouts,,,,,,,,,,,,,,,,,,,,,,,,,,,,,,,,,,,,,,,W/L,P,Side,FB,W/L,P,Side,FB,W/L,P,Side,FB,W/L,P,Side,FB,W/L,P,Site,FB,W/L,P,Side,FB,W/L,P,Side,FB,W/L,P,Side,FB,W/L,P,Side,FB,W/L,P,Side,FB,W/L,P,Side,FB,Score,,Rounds,Wins,FB,FBW,AP,APW,BP,BPW,Rounds,Wins,FB,FBW,AP,APW,BP,BPW,,,,,,,,,,,,,,,,,,,,,,,,,,,,,,,,,,W/L,A,B,Ticks,Side,Lives ,W/L,A,B,Ticks,Side,Lives ,W/L,A,B,Ticks,Side,Lives ,W/L,A,B,Ticks,Side,Lives ,W/L,A,B,Ticks,Side,Lives ,Score,Lives,Ticks,,Rounds,W,A Caps, A Cap W,B Caps,B Cap W,Lives Left,Cap W's,Wipe W's,Ticks,Rounds,W,Lives Left,A Def,B Def,Defend W's,Wipe W's,Ticks Allow,,,,,,,,,,,,,,,,,,,,,,,,,,
Gavutu,FaZe,37,46,3,21,0,39,53,36,15,,,,,,,250,9,,76,55,2,99,91,2,39,-17,2,36,-12,2,0,-47,1,27.78,53,0,1,1,0,1,,,,,,,,,,,,,,,,,,,,,,,,,,,,,,,,,,,,,Berlin,Subliners,,B,D,,1,B,O,X,,,D,X,1,A,O,,1,,D,X,1,,O,,,B,D,X,,,O,,1,A,D,X,1,,O,X,,,,,6,,5,4,2,2,1,1,1,1,5,2,4,2,1,1,2,0,,,,,,,,,,,,,,,,,,,,,,,,,,,,,,,,Gavutu,Subliners,,X,,3,O,1,1,X,X,,D,17,,X,,3,O,7,,,,,D,0,,,,,,,1,25,6,,2,0,2,0,0,0,8,0,0,6,2,1,17,1,1,1,0,7,,,,,,,,,,,,,,,,,,,,,,,,,,
Gavutu,Mutineers,12,8,39,25,47,9,0,17,23,,,,,,,180,,,21,-55,2,8,-91,2,56,17,2,48,12,2,47,47,1,20.00,47,0,0,1,1,1,,,,,,,,,,,,,,,,,,,,,,,,,,,,,,,,,,,,,Berlin,Mutineers,1,B,O,X,,B,D,,1,,O,,,A,D,X,,,O,,,,D,X,1,B,O,,1,,D,X,,A,O,,,,D,,,,,,4,,5,3,1,1,1,0,2,2,5,1,3,1,1,0,1,0,,,,,,,,,,,,,,,,,,,,,,,,,,,,,,,,Gavutu,Thieves,1,,X,,D,5,,,,2,O,7,1,,X,,D,7,1,X,,5,O,5,,,,,,,3,24,7,,2,1,1,1,0,0,12,0,1,7,2,2,12,0,2,2,0,6,,,,,,,,,,,,,,,,,,,,,,,,,,
,,,,,,,,,,,,,,,,,,,,,,,,,,,,,,,,,,,,,,,,,,,,,,,,,,,,,,,,,,,,,,,,,,,,,,,,,,,,,,,,,,,,,,,,,,,,,,,,,,,,,,,,,,,,,,,,,,,,,,,,,,,,,,,,,,,,,,,,,,,,,,,,,,,,,,,,,,,,,,,,,,,,,,,,,,,,,,,,,,,,,,,,,,,,,,,,,,,,,,,,,,,,,,,,,,,,,,,,,,,,,,,,,,,,,,,,,,,,,,,,,,,,,,,,,,,,
,,P1,P2,P3,P4,P5,P1,P2,P3,P4,P5,P1,P2,P3,P4,P5,Total,Hills,,P1,PM,H,P2,PM,H,P3,PM,H,P4,PM,H,P5,PM,H,PPH,High,Low,50 Pt Hills,0 pt Hills,50 PHA,Shutouts,,,,,,,,,,,,,,,,,,,,,,,,,,,,,,,,,,,,,,,1,,,,2,,,,3,,,,4,,,,5,,,,6,,,,7,,,,8,,,,9,,,,10,,,,11,,,,,,OFFENSE,,,,,,,,DEFENSE,,,,,,,,,,,,,,,,,,,,,,,,,,,,,,,,,,,,,,,,,1,,,,,,2,,,,,,3,,,,,,4,,,,,,5,,,,,,,,,,Offense,,,,,,,,,,Defense,,,,,,,,,,,,,,,,,,,,,,,,,,,,,,,,,
Tuscan,FaZe,44,23,8,28,0,50,40,11,24,22,,,,,,250,10,,94,94,2,63,30,2,19,-35,2,52,1,2,22,-35,2,25.00,50,0,1,1,1,2,,,,,,,,,,,,,,,,,,,,,,,,,,,,,,,,,,,,,,,W/L,P,Side,FB,W/L,P,Side,FB,W/L,P,Side,FB,W/L,P,Side,FB,W/L,P,Site,FB,W/L,P,Side,FB,W/L,P,Side,FB,W/L,P,Side,FB,W/L,P,Side,FB,W/L,P,Side,FB,W/L,P,Side,FB,Score,,Rounds,Wins,FB,FBW,AP,APW,BP,BPW,Rounds,Wins,FB,FBW,AP,APW,BP,BPW,,,,,,,,,,,,,,,,,,,,,,,,,,,,,,,,,,W/L,A,B,Ticks,Side,Lives ,W/L,A,B,Ticks,Side,Lives ,W/L,A,B,Ticks,Side,Lives ,W/L,A,B,Ticks,Side,Lives ,W/L,A,B,Ticks,Side,Lives ,Score,Lives,Ticks,,Rounds,W,A Caps, A Cap W,B Caps,B Cap W,Lives Left,Cap W's,Wipe W's,Ticks,Rounds,W,Lives Left,A Def,B Def,Defend W's,Wipe W's,Ticks Allow,,,,,,,,,,,,,,,,,,,,,,,,,,
Tuscan,Mutineers,0,24,27,25,55,0,9,27,26,2,,,,,,195,,,0,-94,2,33,-30,2,54,35,2,51,-1,2,57,35,2,19.50,55,0,1,2,1,1,,,,,,,,,,,,,,,,,,,,,,,,,,,,,,,,,,,,,Berlin,Ultra,1,A,D,X,1,B,O,,,A,D,,1,B,O,X,,A,D,,1,A,O,X,,B,D,X,,B,O,,1,,D,X,1,B,O,X,,,,,6,,5,4,3,3,1,1,4,3,5,2,3,2,3,1,1,0,,,,,,,,,,,,,,,,,,,,,,,,,,,,,,,,,,,,,,,,,,,,,,,,,,,,,,,,,,,,,,,,0,0,0,,0,0,0,0,0,0,0,0,0,0,0,0,0,0,0,0,0,0,,,,,,,,,,,,,,,,,,,,,,,,,,
,,,,,,,,,,,,,,,,,,,,,,,,,,,,,,,,,,,,,,,,,,,,,,,,,,,,,,,,,,,,,,,,,,,,,,,,,,,,,,Berlin,OpTic,,A,O,,,B,D,X,1,A,O,X,,B,D,,1,A,O,X,,A,D,,1,B,O,,1,B,D,X,,,O,,,B,D,,,,,,4,,5,3,2,2,3,2,1,1,5,1,2,1,1,0,4,1,,,,,,,,,,,,,,,,,,,,,,,,,,,,,,,,,,,,,,,,,,,,,,,,,,,,,,,,,,,,,,,,0,0,0,,0,0,0,0,0,0,0,0,0,0,0,0,0,0,0,0,0,0,,,,,,,,,,,,,,,,,,,,,,,,,,
,,P1,P2,P3,P4,P5,P1,P2,P3,P4,P5,P1,P2,P3,P4,P5,Total,Hills,,P1,PM,H,P2,PM,H,P3,PM,H,P4,PM,H,P5,PM,H,PPH,High,Low,50 Pt Hills,0 pt Hills,50 PHA,Shutouts,,,,,,,,,,,,,,,,,,,,,,,,,,,,,,,,,,,,,,,,,,,,,,,,,,,,,,,,,,,,,,,,,,,,,,,,,,,,,,,,,,,,,,,,,,,,,,,,,,,,,,,,,,,,,,,,,,,,,,,,,,,,,,,,,,,,,,,,,,,,,,,,,,,,,,,,,,,,,,,,,,,,,,,,,,,,,,,,,,,,,,,,,,,,,,,,,,,,,,,,,,,,,,,,,,,
Tuscan,Subliners,8,13,15,5,30,48,23,49,31,23,5,,,,,250,11,,61,36,3,36,1,2,64,46,2,36,-14,2,53,5,2,22.73,49,5,0,0,0,3,,,,,,,,,,,,,,,,,,,,,,,,,,,,,,,,,,,,,,,1,,,,2,,,,3,,,,4,,,,5,,,,6,,,,7,,,,8,,,,9,,,,10,,,,11,,,,,,OFFENSE,,,,,,,,DEFENSE,,,,,,,,,,,,,,,,,,,,,,,,,,,,,,,,,,,,,,,,,1,,,,,,2,,,,,,3,,,,,,4,,,,,,5,,,,,,,,,,Offense,,,,,,,,,,Defense,,,,,,,,,,,,,,,,,,,,,,,,,,,,,,,,,
Tuscan,Thieves,25,11,18,37,21,0,24,0,13,27,0,,,,,176,,,25,-36,3,35,-1,2,18,-46,2,50,14,2,48,-5,2,16.00,37,0,0,3,0,0,,,,,,,,,,,,,,,,,,,,,,,,,,,,,,,,,,,,,,,W/L,P,Side,FB,W/L,P,Side,FB,W/L,P,Side,FB,W/L,P,Side,FB,W/L,P,Site,FB,W/L,P,Side,FB,W/L,P,Side,FB,W/L,P,Side,FB,W/L,P,Side,FB,W/L,P,Side,FB,W/L,P,Side,FB,Score,,Rounds,Wins,FB,FBW,AP,APW,BP,BPW,Rounds,Wins,FB,FBW,AP,APW,BP,BPW,,,,,,,,,,,,,,,,,,,,,,,,,,,,,,,,,,W/L,A,B,Ticks,Side,Lives ,W/L,A,B,Ticks,Side,Lives ,W/L,A,B,Ticks,Side,Lives ,W/L,A,B,Ticks,Side,Lives ,W/L,A,B,Ticks,Side,Lives ,Score,Lives,Ticks,,Rounds,W,A Caps, A Cap W,B Caps,B Cap W,Lives Left,Cap W's,Wipe W's,Ticks,Rounds,W,Lives Left,A Def,B Def,Defend W's,Wipe W's,Ticks Allow,,,,,,,,,,,,,,,,,,,,,,,,,,
,,,,,,,,,,,,,,,,,,,,,,,,,,,,,,,,,,,,,,,,,,,,,,,,,,,,,,,,,,,,,,,,,,,,,,,,,,,,,,Bocage,OpTic,1,,D,X,,,O,,1,,D,X,1,,O,X,1,,D,X,,,O,,,A,D,X,,,O,,1,B,D,X,,,O,X,1,B,O,X,6,,6,2,3,2,0,0,1,1,5,4,5,4,1,0,1,1,,,,,,,,,,,,,,,,,,,,,,,,,,,,,,,,,,,,,,,,,,,,,,,,,,,,,,,,,,,,,,,,0,0,0,,0,0,0,0,0,0,0,0,0,0,0,0,0,0,0,0,0,0,,,,,,,,,,,,,,,,,,,,,,,,,,
,,P1,P2,P3,P4,P5,P1,P2,P3,P4,P5,P1,P2,P3,P4,P5,Total,Hills,,P1,PM,H,P2,PM,H,P3,PM,H,P4,PM,H,P5,PM,H,PPH,High,Low,50 Pt Hills,0 pt Hills,50 PHA,Shutouts,,,,,,,,,,,,,,,,,,,,,,,,,,,,,,,,,,,,,Bocage,Ultra,,,O,,1,,D,X,,,O,,,,D,,,,O,,1,,D,X,1,A,O,,1,,D,X,,B,O,,1,,D,,,B,D,,5,,5,1,0,0,1,1,1,0,6,4,3,3,0,0,1,0,,,,,,,,,,,,,,,,,,,,,,,,,,,,,,,,,,,,,,,,,,,,,,,,,,,,,,,,,,,,,,,,0,0,0,,0,0,0,0,0,0,0,0,0,0,0,0,0,0,0,0,0,0,,,,,,,,,,,,,,,,,,,,,,,,,,
Berlin,Subliners,26,40,31,12,19,0,25,2,31,2,43,19,,,,250,12,,69,-2,3,84,57,3,33,-25,2,43,14,2,21,-29,2,20.83,43,0,0,1,0,0,,,,,,,,,,,,,,,,,,,,,,,,,,,,,,,,,,,,,,,,,,,,,,,,,,,,,,,,,,,,,,,,,,,,,,,,,,,,,,,,,,,,,,,,,,,,,,,,,,,,,,,,,,,,,,,,,,,,,,,,,,,,,,,,,,,,,,,,,,,,,,,,,,,,,,,,,,,,,,,,,,,,,,,,,,,,,,,,,,,,,,,,,,,,,,,,,,,,,,,,,,,,,,,,,,,
Berlin,Thieves,19,6,16,27,16,45,18,42,2,34,7,3,,,,235,,,71,2,3,27,-57,3,58,25,2,29,-14,2,50,29,2,19.58,45,2,0,0,0,1,,,,,,,,,,,,,,,,,,,,,,,,,,,,,,,,,,,,,,,1,,,,2,,,,3,,,,4,,,,5,,,,6,,,,7,,,,8,,,,9,,,,10,,,,11,,,,,,OFFENSE,,,,,,,,DEFENSE,,,,,,,,,,,,,,,,,,,,,,,,,,,,,,,,,,,,,,,,,1,,,,,,2,,,,,,3,,,,,,4,,,,,,5,,,,,,,,,,Offense,,,,,,,,,,Defense,,,,,,,,,,,,,,,,,,,,,,,,,,,,,,,,,
,,,,,,,,,,,,,,,,,,,,,,,,,,,,,,,,,,,,,,,,,,,,,,,,,,,,,,,,,,,,,,,,,,,,,,,,,,,,,,,,W/L,P,Side,FB,W/L,P,Side,FB,W/L,P,Side,FB,W/L,P,Side,FB,W/L,P,Site,FB,W/L,P,Side,FB,W/L,P,Side,FB,W/L,P,Side,FB,W/L,P,Side,FB,W/L,P,Side,FB,W/L,P,Side,FB,Score,,Rounds,Wins,FB,FBW,AP,APW,BP,BPW,Rounds,Wins,FB,FBW,AP,APW,BP,BPW,,,,,,,,,,,,,,,,,,,,,,,,,,,,,,,,,,W/L,A,B,Ticks,Side,Lives ,W/L,A,B,Ticks,Side,Lives ,W/L,A,B,Ticks,Side,Lives ,W/L,A,B,Ticks,Side,Lives ,W/L,A,B,Ticks,Side,Lives ,Score,Lives,Ticks,,Rounds,W,A Caps, A Cap W,B Caps,B Cap W,Lives Left,Cap W's,Wipe W's,Ticks,Rounds,W,Lives Left,A Def,B Def,Defend W's,Wipe W's,Ticks Allow,,,,,,,,,,,,,,,,,,,,,,,,,,
,,P1,P2,P3,P4,P5,P1,P2,P3,P4,P5,P1,P2,P3,P4,P5,Total,Hills,,P1,PM,H,P2,PM,H,P3,PM,H,P4,PM,H,P5,PM,H,PPH,High,Low,50 Pt Hills,0 pt Hills,50 PHA,Shutouts,,,,,,,,,,,,,,,,,,,,,,,,,,,,,,,,,,,,,Berlin,FaZe,,A,D,X,,,O,,,B,D,X,,A,O,,,A,D,,1,B,O,,,B,D,,,,,,,,,,,,,,,,,,1,,3,1,0,0,1,0,1,1,4,0,2,0,2,0,2,0,,,,,,,,,,,,,,,,,,,,,,,,,,,,,,,,,,,,,,,,,,,,,,,,,,,,,,,,,,,,,,,,0,0,0,,0,0,0,0,0,0,0,0,0,0,0,0,0,0,0,0,0,0,,,,,,,,,,,,,,,,,,,,,,,,,,
Bocage,FaZe,17,15,16,9,38,17,48,8,34,27,21,,,,,250,11,,55,21,3,63,56,2,24,-35,2,43,-18,2,65,40,2,22.73,48,8,0,0,0,0,,,,,,,,,,,,,,,,,,,,,,,,,,,,,,,,,,,,,Berlin,Mutineers,1,A,O,,1,,D,X,1,B,O,,1,A,D,X,1,A,O,X,,B,D,X,1,B,O,X,,,,,,,,,,,,,,,,,6,,4,4,2,2,2,2,2,2,3,2,3,2,1,1,1,0,,,,,,,,,,,,,,,,,,,,,,,,,,,,,,,,,,,,,,,,,,,,,,,,,,,,,,,,,,,,,,,,0,0,0,,0,0,0,0,0,0,0,0,0,0,0,0,0,0,0,0,0,0,,,,,,,,,,,,,,,,,,,,,,,,,,
Bocage,OpTic,17,6,25,44,4,14,1,34,17,21,3,,,,,186,,,34,-21,3,7,-56,2,59,35,2,61,18,2,25,-40,2,16.91,44,1,0,0,0,0,,,,,,,,,,,,,,,,,,,,,,,,,,,,,,,,,,,,,,,,,,,,,,,,,,,,,,,,,,,,,,,,,,,,,,,,,,,,,,,,,,,,,,,,,,,,,,,,,,,,,,,,,,,,,,,,,,,,,,,,,,,,,,,,,,,,,,,,,,,,,,,,,,,,,,,,,,,,,,,,,,,,,,,,,,,,,,,,,,,,,,,,,,,,,,,,,,,,,,,,,,,,,,,,,,,
,,,,,,,,,,,,,,,,,,,,,,,,,,,,,,,,,,,,,,,,,,,,,,,,,,,,,,,,,,,,,,,,,,,,,,,,,,,,,,,,1,,,,2,,,,3,,,,4,,,,5,,,,6,,,,7,,,,8,,,,9,,,,10,,,,11,,,,,,OFFENSE,,,,,,,,DEFENSE,,,,,,,,,,,,,,,,,,,,,,,,,,,,,,,,,,,,,,,,,1,,,,,,2,,,,,,3,,,,,,4,,,,,,5,,,,,,,,,,Offense,,,,,,,,,,Defense,,,,,,,,,,,,,,,,,,,,,,,,,,,,,,,,,
,,P1,P2,P3,P4,P5,P1,P2,P3,P4,P5,P1,P2,P3,P4,P5,Total,Hills,,P1,PM,H,P2,PM,H,P3,PM,H,P4,PM,H,P5,PM,H,PPH,High,Low,50 Pt Hills,0 pt Hills,50 PHA,Shutouts,,,,,,,,,,,,,,,,,,,,,,,,,,,,,,,,,,,,,,,W/L,P,Side,FB,W/L,P,Side,FB,W/L,P,Side,FB,W/L,P,Side,FB,W/L,P,Site,FB,W/L,P,Side,FB,W/L,P,Side,FB,W/L,P,Side,FB,W/L,P,Side,FB,W/L,P,Side,FB,W/L,P,Side,FB,Score,,Rounds,Wins,FB,FBW,AP,APW,BP,BPW,Rounds,Wins,FB,FBW,AP,APW,BP,BPW,,,,,,,,,,,,,,,,,,,,,,,,,,,,,,,,,,W/L,A,B,Ticks,Side,Lives ,W/L,A,B,Ticks,Side,Lives ,W/L,A,B,Ticks,Side,Lives ,W/L,A,B,Ticks,Side,Lives ,W/L,A,B,Ticks,Side,Lives ,Score,Lives,Ticks,,Rounds,W,A Caps, A Cap W,B Caps,B Cap W,Lives Left,Cap W's,Wipe W's,Ticks,Rounds,W,Lives Left,A Def,B Def,Defend W's,Wipe W's,Ticks Allow,,,,,,,,,,,,,,,,,,,,,,,,,,
Tuscan,FaZe,41,13,4,33,18,36,18,27,41,19,,,,,,250,10,,77,61,2,31,-12,2,31,-17,2,74,69,2,37,2,2,25.00,41,4,0,0,0,2,,,,,,,,,,,,,,,,,,,,,,,,,,,,,,,,,,,,,Berlin,Subliners,,A,D,,1,A,O,,,B,D,,,,O,,1,B,D,X,1,A,O,,1,,D,X,1,A,O,,1,,D,X,,,,,,,,,6,,4,3,0,0,3,3,0,0,5,3,3,3,1,0,2,1,,,,,,,,,,,,,,,,,,,,,,,,,,,,,,,,,,,,,,,,,,,,,,,,,,,,,,,,,,,,,,,,0,0,0,,0,0,0,0,0,0,0,0,0,0,0,0,0,0,0,0,0,0,,,,,,,,,,,,,,,,,,,,,,,,,,
Tuscan,OpTic,0,29,28,1,35,16,14,20,4,0,,,,,,147,,,16,-61,2,43,12,2,48,17,2,5,-69,2,35,-2,2,14.70,35,0,0,2,0,0,,,,,,,,,,,,,,,,,,,,,,,,,,,,,,,,,,,,,Berlin,Thieves,1,A,O,X,,A,D,X,1,B,O,X,1,,D,X,,B,O,,,A,D,X,,,O,,,A,D,X,,,O,,,,,,,,,,3,,5,2,2,2,1,1,2,1,4,1,4,1,3,0,0,0,,,,,,,,,,,,,,,,,,,,,,,,,,,,,,,,,,,,,,,,,,,,,,,,,,,,,,,,,,,,,,,,0,0,0,,0,0,0,0,0,0,0,0,0,0,0,0,0,0,0,0,0,0,,,,,,,,,,,,,,,,,,,,,,,,,,
,,,,,,,,,,,,,,,,,,,,,,,,,,,,,,,,,,,,,,,,,,,,,,,,,,,,,,,,,,,,,,,,,,,,,,,,,,,,,,,,,,,,,,,,,,,,,,,,,,,,,,,,,,,,,,,,,,,,,,,,,,,,,,,,,,,,,,,,,,,,,,,,,,,,,,,,,,,,,,,,,,,,,,,,,,,,,,,,,,,,,,,,,,,,,,,,,,,,,,,,,,,,,,,,,,,,,,,,,,,,,,,,,,,,,,,,,,,,,,,,,,,,,,,,,,,,
,,P1,P2,P3,P4,P5,P1,P2,P3,P4,P5,P1,P2,P3,P4,P5,Total,Hills,,P1,PM,H,P2,PM,H,P3,PM,H,P4,PM,H,P5,PM,H,PPH,High,Low,50 Pt Hills,0 pt Hills,50 PHA,Shutouts,,,,,,,,,,,,,,,,,,,,,,,,,,,,,,,,,,,,,,,1,,,,2,,,,3,,,,4,,,,5,,,,6,,,,7,,,,8,,,,9,,,,10,,,,11,,,,,,OFFENSE,,,,,,,,DEFENSE,,,,,,,,,,,,,,,,,,,,,,,,,,,,,,,,,,,,,,,,,1,,,,,,2,,,,,,3,,,,,,4,,,,,,5,,,,,,,,,,Offense,,,,,,,,,,Defense,,,,,,,,,,,,,,,,,,,,,,,,,,,,,,,,,
Tuscan,Thieves,25,42,12,23,25,33,3,21,2,21,,,,,,207,10,,58,22,2,45,-3,2,33,-14,2,25,-48,2,46,0,2,20.70,42,2,0,0,1,0,,,,,,,,,,,,,,,,,,,,,,,,,,,,,,,,,,,,,,,W/L,P,Side,FB,W/L,P,Side,FB,W/L,P,Side,FB,W/L,P,Side,FB,W/L,P,Site,FB,W/L,P,Side,FB,W/L,P,Side,FB,W/L,P,Side,FB,W/L,P,Side,FB,W/L,P,Side,FB,W/L,P,Side,FB,Score,,Rounds,Wins,FB,FBW,AP,APW,BP,BPW,Rounds,Wins,FB,FBW,AP,APW,BP,BPW,,,,,,,,,,,,,,,,,,,,,,,,,,,,,,,,,,W/L,A,B,Ticks,Side,Lives ,W/L,A,B,Ticks,Side,Lives ,W/L,A,B,Ticks,Side,Lives ,W/L,A,B,Ticks,Side,Lives ,W/L,A,B,Ticks,Side,Lives ,Score,Lives,Ticks,,Rounds,W,A Caps, A Cap W,B Caps,B Cap W,Lives Left,Cap W's,Wipe W's,Ticks,Rounds,W,Lives Left,A Def,B Def,Defend W's,Wipe W's,Ticks Allow,,,,,,,,,,,,,,,,,,,,,,,,,,
Tuscan,FaZe,21,7,35,22,26,15,41,12,51,20,,,,,,250,,,36,-22,2,48,3,2,47,14,2,73,48,2,46,0,2,25.00,51,7,1,0,0,0,,,,,,,,,,,,,,,,,,,,,,,,,,,,,,,,,,,,,Bocage,FaZe,,B,D,,1,B,O,X,,,D,,,,O,,1,B,D,,,,O,X,1,,D,X,,A,O,,,,D,,,,,,,,,,3,,4,1,2,1,1,0,1,1,5,2,1,1,0,0,2,1,,,,,,,,,,,,,,,,,,,,,,,,,,,,,,,,,,,,,,,,,,,,,,,,,,,,,,,,,,,,,,,,0,0,0,,0,0,0,0,0,0,0,0,0,0,0,0,0,0,0,0,0,0,,,,,,,,,,,,,,,,,,,,,,,,,,
,,,,,,,,,,,,,,,,,,,,,,,,,,,,,,,,,,,,,,,,,,,,,,,,,,,,,,,,,,,,,,,,,,,,,,,,,,,,,,Bocage,OpTic,1,B,O,X,,B,D,,1,,O,X,1,,D,X,,B,O,X,1,,D,,,,O,,1,A,D,X,1,,O,X,,,,,,,,,6,,5,3,4,3,0,0,2,1,4,3,2,2,1,1,1,0,,,,,,,,,,,,,,,,,,,,,,,,,,,,,,,,,,,,,,,,,,,,,,,,,,,,,,,,,,,,,,,,0,0,0,,0,0,0,0,0,0,0,0,0,0,0,0,0,0,0,0,0,0,,,,,,,,,,,,,,,,,,,,,,,,,,
,,P1,P2,P3,P4,P5,P1,P2,P3,P4,P5,P1,P2,P3,P4,P5,Total,Hills,,P1,PM,H,P2,PM,H,P3,PM,H,P4,PM,H,P5,PM,H,PPH,High,Low,50 Pt Hills,0 pt Hills,50 PHA,Shutouts,,,,,,,,,,,,,,,,,,,,,,,,,,,,,,,,,,,,,,,,,,,,,,,,,,,,,,,,,,,,,,,,,,,,,,,,,,,,,,,,,,,,,,,,,,,,,,,,,,,,,,,,,,,,,,,,,,,,,,,,,,,,,,,,,,,,,,,,,,,,,,,,,,,,,,,,,,,,,,,,,,,,,,,,,,,,,,,,,,,,,,,,,,,,,,,,,,,,,,,,,,,,,,,,,,,
Berlin,Thieves,38,32,17,17,16,26,10,44,8,5,23,14,,,,250,12,,87,34,3,56,-11,3,61,26,2,25,-5,2,21,-1,2,20.83,44,5,0,0,0,0,,,,,,,,,,,,,,,,,,,,,,,,,,,,,,,,,,,,,,,1,,,,2,,,,3,,,,4,,,,5,,,,6,,,,7,,,,8,,,,9,,,,10,,,,11,,,,,,OFFENSE,,,,,,,,DEFENSE,,,,,,,,,,,,,,,,,,,,,,,,,,,,,,,,,,,,,,,,,1,,,,,,2,,,,,,3,,,,,,4,,,,,,5,,,,,,,,,,Offense,,,,,,,,,,Defense,,,,,,,,,,,,,,,,,,,,,,,,,,,,,,,,,
Berlin,FaZe,4,23,29,11,16,22,30,6,19,6,27,14,,,,207,,,53,-34,3,67,11,3,35,-26,2,30,5,2,22,1,2,17.25,30,4,0,0,0,0,,,,,,,,,,,,,,,,,,,,,,,,,,,,,,,,,,,,,,,W/L,P,Side,FB,W/L,P,Side,FB,W/L,P,Side,FB,W/L,P,Side,FB,W/L,P,Site,FB,W/L,P,Side,FB,W/L,P,Side,FB,W/L,P,Side,FB,W/L,P,Side,FB,W/L,P,Side,FB,W/L,P,Side,FB,Score,,Rounds,Wins,FB,FBW,AP,APW,BP,BPW,Rounds,Wins,FB,FBW,AP,APW,BP,BPW,,,,,,,,,,,,,,,,,,,,,,,,,,,,,,,,,,W/L,A,B,Ticks,Side,Lives ,W/L,A,B,Ticks,Side,Lives ,W/L,A,B,Ticks,Side,Lives ,W/L,A,B,Ticks,Side,Lives ,W/L,A,B,Ticks,Side,Lives ,Score,Lives,Ticks,,Rounds,W,A Caps, A Cap W,B Caps,B Cap W,Lives Left,Cap W's,Wipe W's,Ticks,Rounds,W,Lives Left,A Def,B Def,Defend W's,Wipe W's,Ticks Allow,,,,,,,,,,,,,,,,,,,,,,,,,,
,,,,,.,,,,,,,,,,,,,,,,,,,,,,,,,,,,,,,,,,,,,,,,,,,,,,,,,,,,,,,,,,,,,,,,,,,,,,,,,Berlin,Thieves,,A,D,,1,,O,X,1,,D,X,,B,O,X,1,B,D,X,1,A,O,,,B,D,X,,,O,X,1,B,D,,,A,O,,1,,D,,6,,5,2,3,1,2,1,1,0,6,4,3,2,1,0,3,2,,,,,,,,,,,,,,,,,,,,,,,,,,,,,,,,,,,,,,,,,,,,,,,,,,,,,,,,,,,,,,,,0,0,0,,0,0,0,0,0,0,0,0,0,0,0,0,0,0,0,0,0,0,,,,,,,,,,,,,,,,,,,,,,,,,,
,,P1,P2,P3,P4,P5,P1,P2,P3,P4,P5,P1,P2,P3,P4,P5,Total,Hills,,P1,PM,H,P2,PM,H,P3,PM,H,P4,PM,H,P5,PM,H,PPH,High,Low,50 Pt Hills,0 pt Hills,50 PHA,Shutouts,,,,,,,,,,,,,,,,,,,,,,,,,,,,,,,,,,,,,Berlin,FaZe,1,A,O,X,,,D,,,,O,,1,B,D,,,B,O,,,A,D,X,1,B,O,,1,,D,,,B,O,X,1,A,D,X,,,O,X,5,,6,2,3,1,1,1,3,1,5,3,2,1,2,1,1,1,,,,,,,,,,,,,,,,,,,,,,,,,,,,,,,,,,,,,,,,,,,,,,,,,,,,,,,,,,,,,,,,0,0,0,,0,0,0,0,0,0,0,0,0,0,0,0,0,0,0,0,0,0,,,,,,,,,,,,,,,,,,,,,,,,,,
Bocage,Subliners,17,52,2,32,19,5,12,34,28,6,17,26,,,,250,12,,39,-1,3,90,52,3,36,0,2,60,16,2,25,-22,2,20.83,52,2,1,0,0,2,,,,,,,,,,,,,,,,,,,,,,,,,,,,,,,,,,,,,,,,,,,,,,,,,,,,,,,,,,,,,,,,,,,,,,,,,,,,,,,,,,,,,,,,,,,,,,,,,,,,,,,,,,,,,,,,,,,,,,,,,,,,,,,,,,,,,,,,,,,,,,,,,,,,,,,,,,,,,,,,,,,,,,,,,,,,,,,,,,,,,,,,,,,,,,,,,,,,,,,,,,,,,,,,,,,
Bocage,Thieves,12,0,28,21,15,20,38,8,23,32,8,0,,,,205,,,40,1,3,38,-52,3,36,0,2,44,-16,2,47,22,2,17.08,38,0,0,2,1,0,,,,,,,,,,,,,,,,,,,,,,,,,,,,,,,,,,,,,,,1,,,,2,,,,3,,,,4,,,,5,,,,6,,,,7,,,,8,,,,9,,,,10,,,,11,,,,,,OFFENSE,,,,,,,,DEFENSE,,,,,,,,,,,,,,,,,,,,,,,,,,,,,,,,,,,,,,,,,1,,,,,,2,,,,,,3,,,,,,4,,,,,,5,,,,,,,,,,Offense,,,,,,,,,,Defense,,,,,,,,,,,,,,,,,,,,,,,,,,,,,,,,,
,,,,,,,,,,,,,,,,,,,,,,,,,,,,,,,,,,,,,,,,,,,,,,,,,,,,,,,,,,,,,,,,,,,,,,,,,,,,,,,,W/L,P,Side,FB,W/L,P,Side,FB,W/L,P,Side,FB,W/L,P,Side,FB,W/L,P,Site,FB,W/L,P,Side,FB,W/L,P,Side,FB,W/L,P,Side,FB,W/L,P,Side,FB,W/L,P,Side,FB,W/L,P,Side,FB,Score,,Rounds,Wins,FB,FBW,AP,APW,BP,BPW,Rounds,Wins,FB,FBW,AP,APW,BP,BPW,,,,,,,,,,,,,,,,,,,,,,,,,,,,,,,,,,W/L,A,B,Ticks,Side,Lives ,W/L,A,B,Ticks,Side,Lives ,W/L,A,B,Ticks,Side,Lives ,W/L,A,B,Ticks,Side,Lives ,W/L,A,B,Ticks,Side,Lives ,Score,Lives,Ticks,,Rounds,W,A Caps, A Cap W,B Caps,B Cap W,Lives Left,Cap W's,Wipe W's,Ticks,Rounds,W,Lives Left,A Def,B Def,Defend W's,Wipe W's,Ticks Allow,,,,,,,,,,,,,,,,,,,,,,,,,,
,,P1,P2,P3,P4,P5,P1,P2,P3,P4,P5,P1,P2,P3,P4,P5,Total,Hills,,P1,PM,H,P2,PM,H,P3,PM,H,P4,PM,H,P5,PM,H,PPH,High,Low,50 Pt Hills,0 pt Hills,50 PHA,Shutouts,,,,,,,,,,,,,,,,,,,,,,,,,,,,,,,,,,,,,Desert Siege,Subliners,,A,D,X,1,B,O,X,,B,D,,1,A,O,,,A,D,,,,O,,1,,D,X,1,B,O,,1,,D,X,1,A,O,X,,,,,6,,5,4,2,2,2,2,2,2,5,2,3,2,2,0,1,0,,,,,,,,,,,,,,,,,,,,,,,,,,,,,,,,,,,,,,,,,,,,,,,,,,,,,,,,,,,,,,,,0,0,0,,0,0,0,0,0,0,0,0,0,0,0,0,0,0,0,0,0,0,,,,,,,,,,,,,,,,,,,,,,,,,,
Berlin,Subliners,9,10,43,0,0,33,12,10,23,,,,,,,140,9,,42,-9,2,22,-42,2,53,5,2,23,-37,2,0,-27,1,15.56,43,0,0,2,1,0,,,,,,,,,,,,,,,,,,,,,,,,,,,,,,,,,,,,,Desert Siege,Thieves,1,A,O,,,B,D,,1,B,O,X,,A,D,X,1,A,O,X,1,,D,1,,,O,,,B,D,X,,,O,,,A,D,,,,,,4,,5,3,2,2,2,2,1,1,5,1,2,0,2,0,2,0,,,,,,,,,,,,,,,,,,,,,,,,,,,,,,,,,,,,,,,,,,,,,,,,,,,,,,,,,,,,,,,,0,0,0,,0,0,0,0,0,0,0,0,0,0,0,0,0,0,0,0,0,0,,,,,,,,,,,,,,,,,,,,,,,,,,
Berlin,Thieves,31,30,8,55,27,20,34,40,5,,,,,,,250,,,51,9,2,64,42,2,48,-5,2,60,37,2,27,27,1,27.78,55,5,1,0,0,2,,,,,,,,,,,,,,,,,,,,,,,,,,,,,,,,,,,,,,,,,,,,,,,,,,,,,,,,,,,,,,,,,,,,,,,,,,,,,,,,,,,,,,,,,,,,,,,,,,,,,,,,,,,,,,,,,,,,,,,,,,,,,,,,,,,,,,,,,,,,,,,,,,,,,,,,,,,,,,,,,,,,,,,,,,,,,,,,,,,,,,,,,,,,,,,,,,,,,,,,,,,,,,,,,,,
,,,,,,,,,,,,,,,,,,,,,,,,,,,,,,,,,,,,,,,,,,,,,,,,,,,,,,,,,,,,,,,,,,,,,,,,,,,,,,,,1,,,,2,,,,3,,,,4,,,,5,,,,6,,,,7,,,,8,,,,9,,,,10,,,,11,,,,,,OFFENSE,,,,,,,,DEFENSE,,,,,,,,,,,,,,,,,,,,,,,,,,,,,,,,,,,,,,,,,1,,,,,,2,,,,,,3,,,,,,4,,,,,,5,,,,,,,,,,Offense,,,,,,,,,,Defense,,,,,,,,,,,,,,,,,,,,,,,,,,,,,,,,,
,,P1,P2,P3,P4,P5,P1,P2,P3,P4,P5,P1,P2,P3,P4,P5,Total,Hills,,P1,PM,H,P2,PM,H,P3,PM,H,P4,PM,H,P5,PM,H,PPH,High,Low,50 Pt Hills,0 pt Hills,50 PHA,Shutouts,,,,,,,,,,,,,,,,,,,,,,,,,,,,,,,,,,,,,,,W/L,P,Side,FB,W/L,P,Side,FB,W/L,P,Side,FB,W/L,P,Side,FB,W/L,P,Site,FB,W/L,P,Side,FB,W/L,P,Side,FB,W/L,P,Side,FB,W/L,P,Side,FB,W/L,P,Side,FB,W/L,P,Side,FB,Score,,Rounds,Wins,FB,FBW,AP,APW,BP,BPW,Rounds,Wins,FB,FBW,AP,APW,BP,BPW,,,,,,,,,,,,,,,,,,,,,,,,,,,,,,,,,,W/L,A,B,Ticks,Side,Lives ,W/L,A,B,Ticks,Side,Lives ,W/L,A,B,Ticks,Side,Lives ,W/L,A,B,Ticks,Side,Lives ,W/L,A,B,Ticks,Side,Lives ,Score,Lives,Ticks,,Rounds,W,A Caps, A Cap W,B Caps,B Cap W,Lives Left,Cap W's,Wipe W's,Ticks,Rounds,W,Lives Left,A Def,B Def,Defend W's,Wipe W's,Ticks Allow,,,,,,,,,,,,,,,,,,,,,,,,,,
Tuscan,Subliners,3,24,13,18,34,0,33,7,31,,,,,,,163,9,,3,-86,2,57,18,2,20,-54,2,49,16,2,34,19,1,18.11,34,0,0,1,1,0,,,,,,,,,,,,,,,,,,,,,,,,,,,,,,,,,,,,,Bocage,Thieves,1,B,D,X,,,O,,1,,D,X,,B,O,,,B,D,,,,O,,1,,D,X,,A,O,,1,,D,,,,O,X,,,,,4,,5,0,1,0,1,0,1,0,5,4,3,3,0,0,2,1,,,,,,,,,,,,,,,,,,,,,,,,,,,,,,,,,,,,,,,,,,,,,,,,,,,,,,,,,,,,,,,,0,0,0,,0,0,0,0,0,0,0,0,0,0,0,0,0,0,0,0,0,0,,,,,,,,,,,,,,,,,,,,,,,,,,
Tuscan,Thieves,32,29,33,28,15,57,10,41,5,,,,,,,250,,,89,86,2,39,-18,2,74,54,2,33,-16,2,15,-19,1,27.78,57,5,1,0,0,1,,,,,,,,,,,,,,,,,,,,,,,,,,,,,,,,,,,,,Bocage,Subliners,,B,O,,1,,D,X,,,O,,1,B,D,X,1,B,O,X,1,,D,X,,,O,,1,A,D,X,,,O,X,1,,D,,,,,,6,,5,1,2,1,0,0,2,1,5,5,4,4,1,1,1,1,,,,,,,,,,,,,,,,,,,,,,,,,,,,,,,,,,,,,,,,,,,,,,,,,,,,,,,,,,,,,,,,0,0,0,,0,0,0,0,0,0,0,0,0,0,0,0,0,0,0,0,0,0,,,,,,,,,,,,,,,,,,,,,,,,,,
,,,,,,,,,,,,,,,,,,,,,,,,,,,,,,,,,,,,,,,,,,,,,,,,,,,,,,,,,,,,,,,,,,,,,,,,,,,,,,,,,,,,,,,,,,,,,,,,,,,,,,,,,,,,,,,,,,,,,,,,,,,,,,,,,,,,,,,,,,,,,,,,,,,,,,,,,,,,,,,,,,,,,,,,,,,,,,,,,,,,,,,,,,,,,,,,,,,,,,,,,,,,,,,,,,,,,,,,,,,,,,,,,,,,,,,,,,,,,,,,,,,,,,,,,,,,
,,,,,,,,,,,,,,,,,,,,,,,,,,,,,,,,,,,,,,,,,,,,,,,,,,,,,,,,,,,,,,,,,,,,,,,,,,,,,,,,1,,,,2,,,,3,,,,4,,,,5,,,,6,,,,7,,,,8,,,,9,,,,10,,,,11,,,,,,OFFENSE,,,,,,,,DEFENSE,,,,,,,,,,,,,,,,,,,,,,,,,,,,,,,,,,,,,,,,,1,,,,,,2,,,,,,3,,,,,,4,,,,,,5,,,,,,,,,,Offense,,,,,,,,,,Defense,,,,,,,,,,,,,,,,,,,,,,,,,,,,,,,,,
,,,,,,,,,,,,,,,,,,,,,,,,,,,,,,,,,,,,,,,,,,,,,,,,,,,,,,,,,,,,,,,,,,,,,,,,,,,,,,,,W/L,P,Side,FB,W/L,P,Side,FB,W/L,P,Side,FB,W/L,P,Side,FB,W/L,P,Site,FB,W/L,P,Side,FB,W/L,P,Side,FB,W/L,P,Side,FB,W/L,P,Side,FB,W/L,P,Side,FB,W/L,P,Side,FB,Score,,Rounds,Wins,FB,FBW,AP,APW,BP,BPW,Rounds,Wins,FB,FBW,AP,APW,BP,BPW,,,,,,,,,,,,,,,,,,,,,,,,,,,,,,,,,,W/L,A,B,Ticks,Side,Lives ,W/L,A,B,Ticks,Side,Lives ,W/L,A,B,Ticks,Side,Lives ,W/L,A,B,Ticks,Side,Lives ,W/L,A,B,Ticks,Side,Lives ,Score,Lives,Ticks,,Rounds,W,A Caps, A Cap W,B Caps,B Cap W,Lives Left,Cap W's,Wipe W's,Ticks,Rounds,W,Lives Left,A Def,B Def,Defend W's,Wipe W's,Ticks Allow,,,,,,,,,,,,,,,,,,,,,,,,,,
,,,,,,,,,,,,,,,,,,,,,,,,,,,,,,,,,,,,,,,,,,,,,,,,,,,,,,,,,,,,,,,,,,,,,,,,,,,,,,Berlin,Subliners,,B,D,X,,,O,,,B,D,,,B,O,,1,,D,X,,A,O,,,B,D,,,,,,,,,,,,,,,,,,1,,3,0,0,0,1,0,1,0,4,1,2,1,0,0,3,0,,,,,,,,,,,,,,,,,,,,,,,,,,,,,,,,,,,,,,,,,,,,,,,,,,,,,,,,,,,,,,,,0,0,0,,0,0,0,0,0,0,0,0,0,0,0,0,0,0,0,0,0,0,,,,,,,,,,,,,,,,,,,,,,,,,,
,,,,,,,,,,,,,,,,,,,,,,,,,,,,,,,,,,,,,,,,,,,,,,,,,,,,,,,,,,,,,,,,,,,,,,,,,,,,,,Berlin,Thieves,1,B,O,,1,,D,X,1,B,O,X,1,B,D,X,,,O,,1,A,D,X,1,B,O,X,,,,,,,,,,,,,,,,,6,,4,3,2,2,0,0,3,3,3,3,3,3,1,1,1,1,,,,,,,,,,,,,,,,,,,,,,,,,,,,,,,,,,,,,,,,,,,,,,,,,,,,,,,,,,,,,,,,0,0,0,,0,0,0,0,0,0,0,0,0,0,0,0,0,0,0,0,0,0,,,,,,,,,,,,,,,,,,,,,,,,,,
,,,,,,,,,,,,,,,,,,,,,,,,,,,,,,,,,,,,,,,,,,,,,,,,,,,,,,,,,,,,,,,,,,,,,,,,,,,,,,,,,,,,,,,,,,,,,,,,,,,,,,,,,,,,,,,,,,,,,,,,,,,,,,,,,,,,,,,,,,,,,,,,,,,,,,,,,,,,,,,,,,,,,,,,,,,,,,,,,,,,,,,,,,,,,,,,,,,,,,,,,,,,,,,,,,,,,,,,,,,,,,,,,,,,,,,,,,,,,,,,,,,,,,,,,,,,
,,,,,,,,,,,,,,,,,,,,,,,,,,,,,,,,,,,,,,,,,,,,,,,,,,,,,,,,,,,,,,,,,,,,,,,,,,,,,,,,1,,,,2,,,,3,,,,4,,,,5,,,,6,,,,7,,,,8,,,,9,,,,10,,,,11,,,,,,OFFENSE,,,,,,,,DEFENSE,,,,,,,,,,,,,,,,,,,,,,,,,,,,,,,,,,,,,,,,,,,,,,,,,,,,,,,,,,,,,,,,,,,,,,,,,,,,,,,,,,,,,,,,,,,,,,,,,,,,,,,,,,,,,,,,,,,,,,
,,,,,,,,,,,,,,,,,,,,,,,,,,,,,,,,,,,,,,,,,,,,,,,,,,,,,,,,,,,,,,,,,,,,,,,,,,,,,,,,W/L,P,Side,FB,W/L,P,Side,FB,W/L,P,Side,FB,W/L,P,Side,FB,W/L,P,Site,FB,W/L,P,Side,FB,W/L,P,Side,FB,W/L,P,Side,FB,W/L,P,Side,FB,W/L,P,Side,FB,W/L,P,Side,FB,Score,,Rounds,Wins,FB,FBW,AP,APW,BP,BPW,Rounds,Wins,FB,FBW,AP,APW,BP,BPW,,,,,,,,,,,,,,,,,,,,,,,,,,,,,,,,,,,,,,,,,,,,,,,,,,,,,,,,,,,,,,,,,,,,,,,,,,,,,,,,,,,,,,,,,,,,,,,,,,,,,,,,,,,,,,,
,,,,,,,,,,,,,,,,,,,,,,,,,,,,,,,,,,,,,,,,,,,,,,,,,,,,,,,,,,,,,,,,,,,,,,,,,,,,,,,,,,,,,,,,,,,,,,,,,,,,,,,,,,,,,,,,,,,,,,,,,,,,0,,0,0,0,0,0,0,0,0,0,0,0,0,0,0,0,0,,,,,,,,,,,,,,,,,,,,,,,,,,,,,,,,,,,,,,,,,,,,,,,,,,,,,,,,,,,,,,,,,,,,,,,,,,,,,,,,,,,,,,,,,,,,,,,,,,,,,,,,,,,,,,,
,,,,,,,,,,,,,,,,,,,,,,,,,,,,,,,,,,,,,,,,,,,,,,,,,,,,,,,,,,,,,,,,,,,,,,,,,,,,,,,,,,,,,,,,,,,,,,,,,,,,,,,,,,,,,,,,,,,,,,,,,,,,0,,0,0,0,0,0,0,0,0,0,0,0,0,0,0,0,0,,,,,,,,,,,,,,,,,,,,,,,,,,,,,,,,,,,,,,,,,,,,,,,,,,,,,,,,,,,,,,,,,,,,,,,,,,,,,,,,,,,,,,,,,,,,,,,,,,,,,,,,,,,,,,,
,,,,,,,,,,,,,,,,,,,,,,,,,,,,,,,,,,,,,,,,,,,,,,,,,,,,,,,,,,,,,,,,,,,,,,,,,,,,,,,,,,,,,,,,,,,,,,,,,,,,,,,,,,,,,,,,,,,,,,,,,,,,,,,,,,,,,,,,,,,,,,,,,,,,,,,,,,,,,,,,,,,,,,,,,,,,,,,,,,,,,,,,,,,,,,,,,,,,,,,,,,,,,,,,,,,,,,,,,,,,,,,,,,,,,,,,,,,,,,,,,,,,,,,,,,,,
,,,,,,,,,,,,,,,,,,,,,,,,,,,,,,,,,,,,,,,,,,,,,,,,,,,,,,,,,,,,,,,,,,,,,,,,,,,,,,,,1,,,,2,,,,3,,,,4,,,,5,,,,6,,,,7,,,,8,,,,9,,,,10,,,,11,,,,,,OFFENSE,,,,,,,,DEFENSE,,,,,,,,,,,,,,,,,,,,,,,,,,,,,,,,,,,,,,,,,,,,,,,,,,,,,,,,,,,,,,,,,,,,,,,,,,,,,,,,,,,,,,,,,,,,,,,,,,,,,,,,,,,,,,,,,,,,,,
,,,,,,,,,,,,,,,,,,,,,,,,,,,,,,,,,,,,,,,,,,,,,,,,,,,,,,,,,,,,,,,,,,,,,,,,,,,,,,,,W/L,P,Side,FB,W/L,P,Side,FB,W/L,P,Side,FB,W/L,P,Side,FB,W/L,P,Site,FB,W/L,P,Side,FB,W/L,P,Side,FB,W/L,P,Side,FB,W/L,P,Side,FB,W/L,P,Side,FB,W/L,P,Side,FB,Score,,Rounds,Wins,FB,FBW,AP,APW,BP,BPW,Rounds,Wins,FB,FBW,AP,APW,BP,BPW,,,,,,,,,,,,,,,,,,,,,,,,,,,,,,,,,,,,,,,,,,,,,,,,,,,,,,,,,,,,,,,,,,,,,,,,,,,,,,,,,,,,,,,,,,,,,,,,,,,,,,,,,,,,,,,
,,,,,,,,,,,,,,,,,,,,,,,,,,,,,,,,,,,,,,,,,,,,,,,,,,,,,,,,,,,,,,,,,,,,,,,,,,,,,,,,,,,,,,,,,,,,,,,,,,,,,,,,,,,,,,,,,,,,,,,,,,,,0,,0,0,0,0,0,0,0,0,0,0,0,0,0,0,0,0,,,,,,,,,,,,,,,,,,,,,,,,,,,,,,,,,,,,,,,,,,,,,,,,,,,,,,,,,,,,,,,,,,,,,,,,,,,,,,,,,,,,,,,,,,,,,,,,,,,,,,,,,,,,,,,
,,,,,,,,,,,,,,,,,,,,,,,,,,,,,,,,,,,,,,,,,,,,,,,,,,,,,,,,,,,,,,,,,,,,,,,,,,,,,,,,,,,,,,,,,,,,,,,,,,,,,,,,,,,,,,,,,,,,,,,,,,,,0,,0,0,0,0,0,0,0,0,0,0,0,0,0,0,0,0,,,,,,,,,,,,,,,,,,,,,,,,,,,,,,,,,,,,,,,,,,,,,,,,,,,,,,,,,,,,,,,,,,,,,,,,,,,,,,,,,,,,,,,,,,,,,,,,,,,,,,,,,,,,,,,
,,,,,,,,,,,,,,,,,,,,,,,,,,,,,,,,,,,,,,,,,,,,,,,,,,,,,,,,,,,,,,,,,,,,,,,,,,,,,,,,,,,,,,,,,,,,,,,,,,,,,,,,,,,,,,,,,,,,,,,,,,,,,,,,,,,,,,,,,,,,,,,,,,,,,,,,,,,,,,,,,,,,,,,,,,,,,,,,,,,,,,,,,,,,,,,,,,,,,,,,,,,,,,,,,,,,,,,,,,,,,,,,,,,,,,,,,,,,,,,,,,,,,,,,,,,,
,,,,,,,,,,,,,,,,,,,,,,,,,,,,,,,,,,,,,,,,,,,,,,,,,,,,,,,,,,,,,,,,,,,,,,,,,,,,,,,,1,,,,2,,,,3,,,,4,,,,5,,,,6,,,,7,,,,8,,,,9,,,,10,,,,11,,,,,,OFFENSE,,,,,,,,DEFENSE,,,,,,,,,,,,,,,,,,,,,,,,,,,,,,,,,,,,,,,,,,,,,,,,,,,,,,,,,,,,,,,,,,,,,,,,,,,,,,,,,,,,,,,,,,,,,,,,,,,,,,,,,,,,,,,,,,,,,,
,,,,,,,,,,,,,,,,,,,,,,,,,,,,,,,,,,,,,,,,,,,,,,,,,,,,,,,,,,,,,,,,,,,,,,,,,,,,,,,,W/L,P,Side,FB,W/L,P,Side,FB,W/L,P,Side,FB,W/L,P,Side,FB,W/L,P,Site,FB,W/L,P,Side,FB,W/L,P,Side,FB,W/L,P,Side,FB,W/L,P,Side,FB,W/L,P,Side,FB,W/L,P,Side,FB,Score,,Rounds,Wins,FB,FBW,AP,APW,BP,BPW,Rounds,Wins,FB,FBW,AP,APW,BP,BPW,,,,,,,,,,,,,,,,,,,,,,,,,,,,,,,,,,,,,,,,,,,,,,,,,,,,,,,,,,,,,,,,,,,,,,,,,,,,,,,,,,,,,,,,,,,,,,,,,,,,,,,,,,,,,,,
,,,,,,,,,,,,,,,,,,,,,,,,,,,,,,,,,,,,,,,,,,,,,,,,,,,,,,,,,,,,,,,,,,,,,,,,,,,,,,,,,,,,,,,,,,,,,,,,,,,,,,,,,,,,,,,,,,,,,,,,,,,,0,,0,0,0,0,0,0,0,0,0,0,0,0,0,0,0,0,,,,,,,,,,,,,,,,,,,,,,,,,,,,,,,,,,,,,,,,,,,,,,,,,,,,,,,,,,,,,,,,,,,,,,,,,,,,,,,,,,,,,,,,,,,,,,,,,,,,,,,,,,,,,,,
,,,,,,,,,,,,,,,,,,,,,,,,,,,,,,,,,,,,,,,,,,,,,,,,,,,,,,,,,,,,,,,,,,,,,,,,,,,,,,,,,,,,,,,,,,,,,,,,,,,,,,,,,,,,,,,,,,,,,,,,,,,,0,,0,0,0,0,0,0,0,0,0,0,0,0,0,0,0,0,,,,,,,,,,,,,,,,,,,,,,,,,,,,,,,,,,,,,,,,,,,,,,,,,,,,,,,,,,,,,,,,,,,,,,,,,,,,,,,,,,,,,,,,,,,,,,,,,,,,,,,,,,,,,,,
,,,,,,,,,,,,,,,,,,,,,,,,,,,,,,,,,,,,,,,,,,,,,,,,,,,,,,,,,,,,,,,,,,,,,,,,,,,,,,,,,,,,,,,,,,,,,,,,,,,,,,,,,,,,,,,,,,,,,,,,,,,,,,,,,,,,,,,,,,,,,,,,,,,,,,,,,,,,,,,,,,,,,,,,,,,,,,,,,,,,,,,,,,,,,,,,,,,,,,,,,,,,,,,,,,,,,,,,,,,,,,,,,,,,,,,,,,,,,,,,,,,,,,,,,,,,
,,,,,,,,,,,,,,,,,,,,,,,,,,,,,,,,,,,,,,,,,,,,,,,,,,,,,,,,,,,,,,,,,,,,,,,,,,,,,,,,1,,,,2,,,,3,,,,4,,,,5,,,,6,,,,7,,,,8,,,,9,,,,10,,,,11,,,,,,OFFENSE,,,,,,,,DEFENSE,,,,,,,,,,,,,,,,,,,,,,,,,,,,,,,,,,,,,,,,,,,,,,,,,,,,,,,,,,,,,,,,,,,,,,,,,,,,,,,,,,,,,,,,,,,,,,,,,,,,,,,,,,,,,,,,,,,,,,
,,,,,,,,,,,,,,,,,,,,,,,,,,,,,,,,,,,,,,,,,,,,,,,,,,,,,,,,,,,,,,,,,,,,,,,,,,,,,,,,W/L,P,Side,FB,W/L,P,Side,FB,W/L,P,Side,FB,W/L,P,Side,FB,W/L,P,Site,FB,W/L,P,Side,FB,W/L,P,Side,FB,W/L,P,Side,FB,W/L,P,Side,FB,W/L,P,Side,FB,W/L,P,Side,FB,Score,,Rounds,Wins,FB,FBW,AP,APW,BP,BPW,Rounds,Wins,FB,FBW,AP,APW,BP,BPW,,,,,,,,,,,,,,,,,,,,,,,,,,,,,,,,,,,,,,,,,,,,,,,,,,,,,,,,,,,,,,,,,,,,,,,,,,,,,,,,,,,,,,,,,,,,,,,,,,,,,,,,,,,,,,,
,,,,,,,,,,,,,,,,,,,,,,,,,,,,,,,,,,,,,,,,,,,,,,,,,,,,,,,,,,,,,,,,,,,,,,,,,,,,,,,,,,,,,,,,,,,,,,,,,,,,,,,,,,,,,,,,,,,,,,,,,,,,0,,0,0,0,0,0,0,0,0,0,0,0,0,0,0,0,0,,,,,,,,,,,,,,,,,,,,,,,,,,,,,,,,,,,,,,,,,,,,,,,,,,,,,,,,,,,,,,,,,,,,,,,,,,,,,,,,,,,,,,,,,,,,,,,,,,,,,,,,,,,,,,,
,,,,,,,,,,,,,,,,,,,,,,,,,,,,,,,,,,,,,,,,,,,,,,,,,,,,,,,,,,,,,,,,,,,,,,,,,,,,,,,,,,,,,,,,,,,,,,,,,,,,,,,,,,,,,,,,,,,,,,,,,,,,0,,0,0,0,0,0,0,0,0,0,0,0,0,0,0,0,0,,,,,,,,,,,,,,,,,,,,,,,,,,,,,,,,,,,,,,,,,,,,,,,,,,,,,,,,,,,,,,,,,,,,,,,,,,,,,,,,,,,,,,,,,,,,,,,,,,,,,,,,,,,,,,,